paper_unit,paper_id,study_id,source,org_level,genus,species,temp,temp_units,response_def,response_value,response_units ,gas,gas_unit,mass/area,time,error,error_type,sample_size,realm,exp_design,time_point,time_units,add_trt,add_value,ppfd,avg_ppfd,ppfd_units,metabolic_category,latitude,latitude_broad,avg_depth_m,depth_m,npp_value,r_value,gpp_value,npp_error,r_error,gpp_error
7,fujita2014,fujita2014,figure 1,,Baculogypsina,sphaerulata,5,C,net photosynthesis,0.227360584,nmol O2 mg^-1 dry weight hr^-1,O2,nmol,mg,hr,,,,M,,,,,,,500,umol m^-2  s^-1,npp,26.4,,1,,0.227360584,-0.174672489,,,,
7,fujita2014,fujita2014,figure 1,,Baculogypsina,sphaerulata,10,C,net photosynthesis,-0.224497101,nmol O2 mg^-1 dry weight hr^-1,O2,nmol,mg,hr,,,,M,,,,,,,500,umol m^-2  s^-1,npp,26.4,,1,,-0.224497101,-0.109170306,,,,
7,fujita2014,fujita2014,figure 1,,Baculogypsina,sphaerulata,10,C,net photosynthesis,0.430524733,nmol O2 mg^-1 dry weight hr^-1,O2,nmol,mg,hr,,,,M,,,,,,,500,umol m^-2  s^-1,npp,26.4,,1,,0.430524733,-0.76419214,,,,
7,fujita2014,fujita2014,figure 1,,Baculogypsina,sphaerulata,15,C,net photosynthesis,1.681509056,nmol O2 mg^-1 dry weight hr^-1,O2,nmol,mg,hr,,,,M,,,,,,,500,umol m^-2  s^-1,npp,26.4,,1,,1.681509056,0.087336245,,,,
7,fujita2014,fujita2014,figure 1,,Baculogypsina,sphaerulata,15,C,net photosynthesis,1.026487222,nmol O2 mg^-1 dry weight hr^-1,O2,nmol,mg,hr,,,,M,,,,,,,500,umol m^-2  s^-1,npp,26.4,,1,,1.026487222,-0.174672489,,,,
7,fujita2014,fujita2014,figure 1,,Baculogypsina,sphaerulata,15,C,net photosynthesis,0.436967571,nmol O2 mg^-1 dry weight hr^-1,O2,nmol,mg,hr,,,,M,,,,,,,500,umol m^-2  s^-1,npp,26.4,,1,,0.436967571,-0.698689956,,,,
7,fujita2014,fujita2014,figure 1,,Baculogypsina,sphaerulata,17,C,net photosynthesis,0.83320209,nmol O2 mg^-1 dry weight hr^-1,O2,nmol,mg,hr,,,,M,,,,,,,500,umol m^-2  s^-1,npp,26.4,,1,,0.83320209,-1.091703057,,,,
7,fujita2014,fujita2014,figure 1,,Baculogypsina,sphaerulata,20,C,net photosynthesis,1.426157921,nmol O2 mg^-1 dry weight hr^-1,O2,nmol,mg,hr,,,,M,,,,,,,500,umol m^-2  s^-1,npp,26.4,,1,,1.426157921,-0.56768559,,,,
7,fujita2014,fujita2014,figure 1,,Baculogypsina,sphaerulata,20,C,net photosynthesis,2.605197222,nmol O2 mg^-1 dry weight hr^-1,O2,nmol,mg,hr,,,,M,,,,,,,500,umol m^-2  s^-1,npp,26.4,,1,,2.605197222,-0.76419214,,,,
7,fujita2014,fujita2014,figure 1,,Baculogypsina,sphaerulata,20,C,net photosynthesis,3.260219056,nmol O2 mg^-1 dry weight hr^-1,O2,nmol,mg,hr,,,,M,,,,,,,500,umol m^-2  s^-1,npp,26.4,,1,,3.260219056,-1.812227074,,,,
7,fujita2014,fujita2014,figure 1,,Baculogypsina,sphaerulata,20,C,net photosynthesis,5.487293292,nmol O2 mg^-1 dry weight hr^-1,O2,nmol,mg,hr,,,,M,,,,,,,500,umol m^-2  s^-1,npp,26.4,,1,,5.487293292,-3.056768559,,,,
7,fujita2014,fujita2014,figure 1,,Baculogypsina,sphaerulata,22,C,net photosynthesis,6.014532178,nmol O2 mg^-1 dry weight hr^-1,O2,nmol,mg,hr,,,,M,,,,,,,500,umol m^-2  s^-1,npp,26.4,,1,,6.014532178,-2.205240175,,,,
7,fujita2014,fujita2014,figure 1,,Baculogypsina,sphaerulata,25,C,net photosynthesis,9.292862768,nmol O2 mg^-1 dry weight hr^-1,O2,nmol,mg,hr,,,,M,,,,,,,500,umol m^-2  s^-1,npp,26.4,,1,,9.292862768,-1.091703057,,,,
7,fujita2014,fujita2014,figure 1,,Baculogypsina,sphaerulata,25,C,net photosynthesis,7.262295082,nmol O2 mg^-1 dry weight hr^-1,O2,nmol,mg,hr,,,,M,,,,,,,500,umol m^-2  s^-1,npp,26.4,,1,,7.262295082,-1.550218341,,,,
7,fujita2014,fujita2014,figure 1,,Baculogypsina,sphaerulata,25,C,net photosynthesis,6.803779798,nmol O2 mg^-1 dry weight hr^-1,O2,nmol,mg,hr,,,,M,,,,,,,500,umol m^-2  s^-1,npp,26.4,,1,,6.803779798,-1.746724891,,,,
7,fujita2014,fujita2014,figure 1,,Baculogypsina,sphaerulata,25,C,net photosynthesis,6.279762331,nmol O2 mg^-1 dry weight hr^-1,O2,nmol,mg,hr,,,,M,,,,,,,500,umol m^-2  s^-1,npp,26.4,,1,,6.279762331,-2.270742358,,,,
7,fujita2014,fujita2014,figure 1,,Baculogypsina,sphaerulata,25,C,net photosynthesis,5.10072303,nmol O2 mg^-1 dry weight hr^-1,O2,nmol,mg,hr,,,,M,,,,,,,500,umol m^-2  s^-1,npp,26.4,,1,,5.10072303,-2.532751092,,,,
7,fujita2014,fujita2014,figure 1,,Baculogypsina,sphaerulata,25,C,net photosynthesis,4.314696829,nmol O2 mg^-1 dry weight hr^-1,O2,nmol,mg,hr,,,,M,,,,,,,500,umol m^-2  s^-1,npp,26.4,,1,,4.314696829,-3.187772926,,,,
7,fujita2014,fujita2014,figure 1,,Baculogypsina,sphaerulata,30,C,net photosynthesis,13.09843224,nmol O2 mg^-1 dry weight hr^-1,O2,nmol,mg,hr,,,,M,,,,,,,500,umol m^-2  s^-1,npp,26.4,,1,,13.09843224,-1.615720524,,,,
7,fujita2014,fujita2014,figure 1,,Baculogypsina,sphaerulata,30,C,net photosynthesis,11.26437111,nmol O2 mg^-1 dry weight hr^-1,O2,nmol,mg,hr,,,,M,,,,,,,500,umol m^-2  s^-1,npp,26.4,,1,,11.26437111,-2.074235808,,,,
7,fujita2014,fujita2014,figure 1,,Baculogypsina,sphaerulata,30,C,net photosynthesis,9.430309972,nmol O2 mg^-1 dry weight hr^-1,O2,nmol,mg,hr,,,,M,,,,,,,500,umol m^-2  s^-1,npp,26.4,,1,,9.430309972,-3.84279476,,,,
7,fujita2014,fujita2014,figure 1,,Baculogypsina,sphaerulata,30,C,net photosynthesis,8.840790321,nmol O2 mg^-1 dry weight hr^-1,O2,nmol,mg,hr,,,,M,,,,,,,500,umol m^-2  s^-1,npp,26.4,,1,,8.840790321,-6.004366812,,,,
7,fujita2014,fujita2014,figure 1,,Baculogypsina,sphaerulata,35,C,net photosynthesis,9.371465388,nmol O2 mg^-1 dry weight hr^-1,O2,nmol,mg,hr,,,,M,,,,,,,500,umol m^-2  s^-1,npp,26.4,,1,,9.371465388,-0.96069869,,,,
7,fujita2014,fujita2014,figure 1,,Baculogypsina,sphaerulata,35,C,net photosynthesis,7.209893335,nmol O2 mg^-1 dry weight hr^-1,O2,nmol,mg,hr,,,,M,,,,,,,500,umol m^-2  s^-1,npp,26.4,,1,,7.209893335,-1.222707424,,,,
7,fujita2014,fujita2014,figure 1,,Baculogypsina,sphaerulata,35,C,net photosynthesis,5.244827833,nmol O2 mg^-1 dry weight hr^-1,O2,nmol,mg,hr,,,,M,,,,,,,500,umol m^-2  s^-1,npp,26.4,,1,,5.244827833,-2.336244541,,,,
7,fujita2014,fujita2014,figure 1,,Baculogypsina,sphaerulata,37,C,net photosynthesis,-0.516142888,nmol O2 mg^-1 dry weight hr^-1,O2,nmol,mg,hr,,,,M,,,,,,,500,umol m^-2  s^-1,npp,26.4,,1,,-0.516142888,-2.008733624,,,,
7,fujita2014,fujita2014,figure 1,,Baculogypsina,sphaerulata,40,C,net photosynthesis,1.321354428,nmol O2 mg^-1 dry weight hr^-1,O2,nmol,mg,hr,,,,M,,,,,,,500,umol m^-2  s^-1,npp,26.4,,1,,1.321354428,-1.222707424,,,,
7,fujita2014,fujita2014,figure 1,,Baculogypsina,sphaerulata,40,C,net photosynthesis,-0.643711075,nmol O2 mg^-1 dry weight hr^-1,O2,nmol,mg,hr,,,,M,,,,,,,500,umol m^-2  s^-1,npp,26.4,,1,,-0.643711075,-2.663755459,,,,
7,fujita2014,fujita2014,figure 1,,Baculogypsina,sphaerulata,45,C,net photosynthesis,-2.995346839,nmol O2 mg^-1 dry weight hr^-1,O2,nmol,mg,hr,,,,M,,,,,,,500,umol m^-2  s^-1,npp,26.4,,1,,-2.995346839,-0.305676856,,,,
8,fujita2014,fujita2014,figure 1,,Calcarina,gaudichaudii,5,C,net photosynthesis,-0.042553191,nmol O2 mg^-1 dry weight hr^-1,O2,nmol,mg,hr,,,,M,,,,,,,500,umol m^-2  s^-1,npp,26.4,,1,,-0.042553191,-0.106382979,,,,
8,fujita2014,fujita2014,figure 1,,Calcarina,gaudichaudii,10,C,net photosynthesis,0.340425532,nmol O2 mg^-1 dry weight hr^-1,O2,nmol,mg,hr,,,,M,,,,,,,500,umol m^-2  s^-1,npp,26.4,,1,,0.340425532,-0.106382979,,,,
8,fujita2014,fujita2014,figure 1,,Calcarina,gaudichaudii,10,C,net photosynthesis,0.212765957,nmol O2 mg^-1 dry weight hr^-1,O2,nmol,mg,hr,,,,M,,,,,,,500,umol m^-2  s^-1,npp,26.4,,1,,0.212765957,-0.744680851,,,,
8,fujita2014,fujita2014,figure 1,,Calcarina,gaudichaudii,15,C,net photosynthesis,0.85106383,nmol O2 mg^-1 dry weight hr^-1,O2,nmol,mg,hr,,,,M,,,,,,,500,umol m^-2  s^-1,npp,26.4,,1,,0.85106383,-0.170212766,,,,
8,fujita2014,fujita2014,figure 1,,Calcarina,gaudichaudii,15,C,net photosynthesis,0.595744681,nmol O2 mg^-1 dry weight hr^-1,O2,nmol,mg,hr,,,,M,,,,,,,500,umol m^-2  s^-1,npp,26.4,,1,,0.595744681,-0.425531915,,,,
8,fujita2014,fujita2014,figure 1,,Calcarina,gaudichaudii,15,C,net photosynthesis,0.212765957,nmol O2 mg^-1 dry weight hr^-1,O2,nmol,mg,hr,,,,M,,,,,,,500,umol m^-2  s^-1,npp,26.4,,1,,0.212765957,-0.617021277,,,,
8,fujita2014,fujita2014,figure 1,,Calcarina,gaudichaudii,18,C,net photosynthesis,0.978723404,nmol O2 mg^-1 dry weight hr^-1,O2,nmol,mg,hr,,,,M,,,,,,,500,umol m^-2  s^-1,npp,26.4,,1,,0.978723404,-1.127659574,,,,
8,fujita2014,fujita2014,figure 1,,Calcarina,gaudichaudii,20,C,net photosynthesis,2.829787234,nmol O2 mg^-1 dry weight hr^-1,O2,nmol,mg,hr,,,,M,,,,,,,500,umol m^-2  s^-1,npp,26.4,,1,,2.829787234,-0.680851064,,,,
8,fujita2014,fujita2014,figure 1,,Calcarina,gaudichaudii,20,C,net photosynthesis,1.489361702,nmol O2 mg^-1 dry weight hr^-1,O2,nmol,mg,hr,,,,M,,,,,,,500,umol m^-2  s^-1,npp,26.4,,1,,1.489361702,-1,,,,
8,fujita2014,fujita2014,figure 1,,Calcarina,gaudichaudii,20,C,net photosynthesis,0.723404255,nmol O2 mg^-1 dry weight hr^-1,O2,nmol,mg,hr,,,,M,,,,,,,500,umol m^-2  s^-1,npp,26.4,,1,,0.723404255,-1.382978723,,,,
8,fujita2014,fujita2014,figure 1,,Calcarina,gaudichaudii,23,C,net photosynthesis,3.085106383,nmol O2 mg^-1 dry weight hr^-1,O2,nmol,mg,hr,,,,M,,,,,,,500,umol m^-2  s^-1,npp,26.4,,1,,3.085106383,-1.382978723,,,,
8,fujita2014,fujita2014,figure 1,,Calcarina,gaudichaudii,25,C,net photosynthesis,5.446808511,nmol O2 mg^-1 dry weight hr^-1,O2,nmol,mg,hr,,,,M,,,,,,,500,umol m^-2  s^-1,npp,26.4,,1,,5.446808511,-0.744680851,,,,
8,fujita2014,fujita2014,figure 1,,Calcarina,gaudichaudii,25,C,net photosynthesis,4.425531915,nmol O2 mg^-1 dry weight hr^-1,O2,nmol,mg,hr,,,,M,,,,,,,500,umol m^-2  s^-1,npp,26.4,,1,,4.425531915,-1.127659574,,,,
8,fujita2014,fujita2014,figure 1,,Calcarina,gaudichaudii,25,C,net photosynthesis,3.914893617,nmol O2 mg^-1 dry weight hr^-1,O2,nmol,mg,hr,,,,M,,,,,,,500,umol m^-2  s^-1,npp,26.4,,1,,3.914893617,-1.510638298,,,,
8,fujita2014,fujita2014,figure 1,,Calcarina,gaudichaudii,25,C,net photosynthesis,2.893617021,nmol O2 mg^-1 dry weight hr^-1,O2,nmol,mg,hr,,,,M,,,,,,,500,umol m^-2  s^-1,npp,26.4,,1,,2.893617021,-1.765957447,,,,
8,fujita2014,fujita2014,figure 1,,Calcarina,gaudichaudii,30,C,net photosynthesis,6.276595745,nmol O2 mg^-1 dry weight hr^-1,O2,nmol,mg,hr,,,,M,,,,,,,500,umol m^-2  s^-1,npp,26.4,,1,,6.276595745,-1.063829787,,,,
8,fujita2014,fujita2014,figure 1,,Calcarina,gaudichaudii,30,C,net photosynthesis,5.446808511,nmol O2 mg^-1 dry weight hr^-1,O2,nmol,mg,hr,,,,M,,,,,,,500,umol m^-2  s^-1,npp,26.4,,1,,5.446808511,-1.319148936,,,,
8,fujita2014,fujita2014,figure 1,,Calcarina,gaudichaudii,30,C,net photosynthesis,4.936170213,nmol O2 mg^-1 dry weight hr^-1,O2,nmol,mg,hr,,,,M,,,,,,,500,umol m^-2  s^-1,npp,26.4,,1,,4.936170213,-1.893617021,,,,
8,fujita2014,fujita2014,figure 1,,Calcarina,gaudichaudii,30,C,net photosynthesis,4.680851064,nmol O2 mg^-1 dry weight hr^-1,O2,nmol,mg,hr,,,,M,,,,,,,500,umol m^-2  s^-1,npp,26.4,,1,,4.680851064,-2.595744681,,,,
8,fujita2014,fujita2014,figure 1,,Calcarina,gaudichaudii,35,C,net photosynthesis,5.893617021,nmol O2 mg^-1 dry weight hr^-1,O2,nmol,mg,hr,,,,M,,,,,,,500,umol m^-2  s^-1,npp,26.4,,1,,5.893617021,-0.106382979,,,,
8,fujita2014,fujita2014,figure 1,,Calcarina,gaudichaudii,35,C,net photosynthesis,3.914893617,nmol O2 mg^-1 dry weight hr^-1,O2,nmol,mg,hr,,,,M,,,,,,,500,umol m^-2  s^-1,npp,26.4,,1,,3.914893617,-1.382978723,,,,
8,fujita2014,fujita2014,figure 1,,Calcarina,gaudichaudii,35,C,net photosynthesis,2.765957447,nmol O2 mg^-1 dry weight hr^-1,O2,nmol,mg,hr,,,,M,,,,,,,500,umol m^-2  s^-1,npp,26.4,,1,,2.765957447,-1.70212766,,,,
8,fujita2014,fujita2014,figure 1,,Calcarina,gaudichaudii,38,C,net photosynthesis,-1.446808511,nmol O2 mg^-1 dry weight hr^-1,O2,nmol,mg,hr,,,,M,,,,,,,500,umol m^-2  s^-1,npp,26.4,,1,,-1.446808511,-1.063829787,,,,
8,fujita2014,fujita2014,figure 1,,Calcarina,gaudichaudii,40,C,net photosynthesis,-0.489361702,nmol O2 mg^-1 dry weight hr^-1,O2,nmol,mg,hr,,,,M,,,,,,,500,umol m^-2  s^-1,npp,26.4,,1,,-0.489361702,-1.446808511,,,,
8,fujita2014,fujita2014,figure 1,,Calcarina,gaudichaudii,40,C,net photosynthesis,-1.255319149,nmol O2 mg^-1 dry weight hr^-1,O2,nmol,mg,hr,,,,M,,,,,,,500,umol m^-2  s^-1,npp,26.4,,1,,-1.255319149,-1.957446809,,,,
8,fujita2014,fujita2014,figure 1,,Calcarina,gaudichaudii,45,C,net photosynthesis,-1.70212766,nmol O2 mg^-1 dry weight hr^-1,O2,nmol,mg,hr,,,,M,,,,,,,500,umol m^-2  s^-1,npp,26.4,,1,,-1.70212766,-0.872340426,,,,
9,fujita2014,fujita2014,figure 1,,Amphisorus,kudakajimensis,5,C,net photosynthesis,0.978723404,nmol O2 mg^-1 dry weight hr^-1,O2,nmol,mg,hr,,,,M,,,,,,,500,umol m^-2  s^-1,npp,26.2,,1,,0.978723404,-1.191489362,,,,
5,fujita2014,fujita2014,figure 1,,Amphisorus,kudakajimensis,10,C,net photosynthesis,1.29787234,nmol O2 mg^-1 dry weight hr^-1,O2,nmol,mg,hr,,,,M,,,,,,,500,umol m^-2  s^-1,npp,26.2,,1,,1.29787234,-1.957446809,,,,
9,fujita2014,fujita2014,figure 1,,Amphisorus,kudakajimensis,10,C,net photosynthesis,3.595744681,nmol O2 mg^-1 dry weight hr^-1,O2,nmol,mg,hr,,,,M,,,,,,,500,umol m^-2  s^-1,npp,26.2,,1,,3.595744681,-1.191489362,,,,
9,fujita2014,fujita2014,figure 1,,Amphisorus,kudakajimensis,13,C,net photosynthesis,3.978723404,nmol O2 mg^-1 dry weight hr^-1,O2,nmol,mg,hr,,,,M,,,,,,,500,umol m^-2  s^-1,npp,26.2,,1,,3.978723404,0.404255319,,,,
9,fujita2014,fujita2014,figure 1,,Amphisorus,kudakajimensis,15,C,net photosynthesis,3.914893617,nmol O2 mg^-1 dry weight hr^-1,O2,nmol,mg,hr,,,,M,,,,,,,500,umol m^-2  s^-1,npp,26.2,,1,,3.914893617,-0.170212766,,,,
9,fujita2014,fujita2014,figure 1,,Amphisorus,kudakajimensis,15,C,net photosynthesis,2.191489362,nmol O2 mg^-1 dry weight hr^-1,O2,nmol,mg,hr,,,,M,,,,,,,500,umol m^-2  s^-1,npp,26.2,,1,,2.191489362,-0.936170213,,,,
9,fujita2014,fujita2014,figure 1,,Amphisorus,kudakajimensis,15,C,net photosynthesis,6.978723404,nmol O2 mg^-1 dry weight hr^-1,O2,nmol,mg,hr,,,,M,,,,,,,500,umol m^-2  s^-1,npp,26.2,,1,,6.978723404,-1.063829787,,,,
9,fujita2014,fujita2014,figure 1,,Amphisorus,kudakajimensis,15,C,net photosynthesis,8.063829787,nmol O2 mg^-1 dry weight hr^-1,O2,nmol,mg,hr,,,,M,,,,,,,500,umol m^-2  s^-1,npp,26.2,,1,,8.063829787,-2.468085106,,,,
9,fujita2014,fujita2014,figure 1,,Amphisorus,kudakajimensis,15,C,net photosynthesis,9.404255319,nmol O2 mg^-1 dry weight hr^-1,O2,nmol,mg,hr,,,,M,,,,,,,500,umol m^-2  s^-1,npp,26.2,,1,,9.404255319,-2.723404255,,,,
9,fujita2014,fujita2014,figure 1,,Amphisorus,kudakajimensis,18,C,net photosynthesis,7.042553191,nmol O2 mg^-1 dry weight hr^-1,O2,nmol,mg,hr,,,,M,,,,,,,500,umol m^-2  s^-1,npp,26.2,,1,,7.042553191,-1.319148936,,,,
9,fujita2014,fujita2014,figure 1,,Amphisorus,kudakajimensis,20,C,net photosynthesis,7.425531915,nmol O2 mg^-1 dry weight hr^-1,O2,nmol,mg,hr,,,,M,,,,,,,500,umol m^-2  s^-1,npp,26.2,,1,,7.425531915,-3.425531915,,,,
9,fujita2014,fujita2014,figure 1,,Amphisorus,kudakajimensis,20,C,net photosynthesis,7.872340426,nmol O2 mg^-1 dry weight hr^-1,O2,nmol,mg,hr,,,,M,,,,,,,500,umol m^-2  s^-1,npp,26.2,,1,,7.872340426,-0.744680851,,,,
9,fujita2014,fujita2014,figure 1,,Amphisorus,kudakajimensis,20,C,net photosynthesis,8.510638298,nmol O2 mg^-1 dry weight hr^-1,O2,nmol,mg,hr,,,,M,,,,,,,500,umol m^-2  s^-1,npp,26.2,,1,,8.510638298,-4.574468085,,,,
9,fujita2014,fujita2014,figure 1,,Amphisorus,kudakajimensis,20,C,net photosynthesis,15.08510638,nmol O2 mg^-1 dry weight hr^-1,O2,nmol,mg,hr,,,,M,,,,,,,500,umol m^-2  s^-1,npp,26.2,,1,,15.08510638,-5.340425532,,,,
9,fujita2014,fujita2014,figure 1,,Amphisorus,kudakajimensis,20,C,net photosynthesis,19.74468085,nmol O2 mg^-1 dry weight hr^-1,O2,nmol,mg,hr,,,,M,,,,,,,500,umol m^-2  s^-1,npp,26.2,,1,,19.74468085,-6.042553191,,,,
9,fujita2014,fujita2014,figure 1,,Amphisorus,kudakajimensis,23,C,net photosynthesis,10.93617021,nmol O2 mg^-1 dry weight hr^-1,O2,nmol,mg,hr,,,,M,,,,,,,500,umol m^-2  s^-1,npp,26.2,,1,,10.93617021,-2.276595745,,,,
9,fujita2014,fujita2014,figure 1,,Amphisorus,kudakajimensis,25,C,net photosynthesis,11.57446809,nmol O2 mg^-1 dry weight hr^-1,O2,nmol,mg,hr,,,,M,,,,,,,500,umol m^-2  s^-1,npp,26.2,,1,,11.57446809,-1.255319149,,,,
9,fujita2014,fujita2014,figure 1,,Amphisorus,kudakajimensis,25,C,net photosynthesis,9.531914894,nmol O2 mg^-1 dry weight hr^-1,O2,nmol,mg,hr,,,,M,,,,,,,500,umol m^-2  s^-1,npp,26.2,,1,,9.531914894,-1.574468085,,,,
9,fujita2014,fujita2014,figure 1,,Amphisorus,kudakajimensis,25,C,net photosynthesis,8.70212766,nmol O2 mg^-1 dry weight hr^-1,O2,nmol,mg,hr,,,,M,,,,,,,500,umol m^-2  s^-1,npp,26.2,,1,,8.70212766,-2.276595745,,,,
9,fujita2014,fujita2014,figure 1,,Amphisorus,kudakajimensis,25,C,net photosynthesis,7.936170213,nmol O2 mg^-1 dry weight hr^-1,O2,nmol,mg,hr,,,,M,,,,,,,500,umol m^-2  s^-1,npp,26.2,,1,,7.936170213,-3.29787234,,,,
9,fujita2014,fujita2014,figure 1,,Amphisorus,kudakajimensis,25,C,net photosynthesis,7.680851064,nmol O2 mg^-1 dry weight hr^-1,O2,nmol,mg,hr,,,,M,,,,,,,500,umol m^-2  s^-1,npp,26.2,,1,,7.680851064,-4.574468085,,,,
9,fujita2014,fujita2014,figure 1,,Amphisorus,kudakajimensis,25,C,net photosynthesis,14.95744681,nmol O2 mg^-1 dry weight hr^-1,O2,nmol,mg,hr,,,,M,,,,,,,500,umol m^-2  s^-1,npp,26.2,,1,,14.95744681,-5.659574468,,,,
9,fujita2014,fujita2014,figure 1,,Amphisorus,kudakajimensis,25,C,net photosynthesis,20.12765957,nmol O2 mg^-1 dry weight hr^-1,O2,nmol,mg,hr,,,,M,,,,,,,500,umol m^-2  s^-1,npp,26.2,,1,,20.12765957,-7.510638298,,,,
9,fujita2014,fujita2014,figure 1,,Amphisorus,kudakajimensis,30,C,net photosynthesis,18.9787234,nmol O2 mg^-1 dry weight hr^-1,O2,nmol,mg,hr,,,,M,,,,,,,500,umol m^-2  s^-1,npp,26.2,,1,,18.9787234,-2.85106383,,,,
9,fujita2014,fujita2014,figure 1,,Amphisorus,kudakajimensis,30,C,net photosynthesis,16.55319149,nmol O2 mg^-1 dry weight hr^-1,O2,nmol,mg,hr,,,,M,,,,,,,500,umol m^-2  s^-1,npp,26.2,,1,,16.55319149,-3.042553191,,,,
9,fujita2014,fujita2014,figure 1,,Amphisorus,kudakajimensis,30,C,net photosynthesis,15.91489362,nmol O2 mg^-1 dry weight hr^-1,O2,nmol,mg,hr,,,,M,,,,,,,500,umol m^-2  s^-1,npp,26.2,,1,,15.91489362,-4.765957447,,,,
9,fujita2014,fujita2014,figure 1,,Amphisorus,kudakajimensis,30,C,net photosynthesis,12.08510638,nmol O2 mg^-1 dry weight hr^-1,O2,nmol,mg,hr,,,,M,,,,,,,500,umol m^-2  s^-1,npp,26.2,,1,,12.08510638,-6.29787234,,,,
9,fujita2014,fujita2014,figure 1,,Amphisorus,kudakajimensis,30,C,net photosynthesis,9.85106383,nmol O2 mg^-1 dry weight hr^-1,O2,nmol,mg,hr,,,,M,,,,,,,500,umol m^-2  s^-1,npp,26.2,,1,,9.85106383,-7.127659574,,,,
9,fujita2014,fujita2014,figure 1,,Amphisorus,kudakajimensis,35,C,net photosynthesis,12.72340426,nmol O2 mg^-1 dry weight hr^-1,O2,nmol,mg,hr,,,,M,,,,,,,500,umol m^-2  s^-1,npp,26.2,,1,,12.72340426,-2.85106383,,,,
9,fujita2014,fujita2014,figure 1,,Amphisorus,kudakajimensis,35,C,net photosynthesis,12.08510638,nmol O2 mg^-1 dry weight hr^-1,O2,nmol,mg,hr,,,,M,,,,,,,500,umol m^-2  s^-1,npp,26.2,,1,,12.08510638,-3.936170213,,,,
9,fujita2014,fujita2014,figure 1,,Amphisorus,kudakajimensis,35,C,net photosynthesis,10.87234043,nmol O2 mg^-1 dry weight hr^-1,O2,nmol,mg,hr,,,,M,,,,,,,500,umol m^-2  s^-1,npp,26.2,,1,,10.87234043,-6.170212766,,,,
9,fujita2014,fujita2014,figure 1,,Amphisorus,kudakajimensis,35,C,net photosynthesis,10.4893617,nmol O2 mg^-1 dry weight hr^-1,O2,nmol,mg,hr,,,,M,,,,,,,500,umol m^-2  s^-1,npp,26.2,,1,,10.4893617,-6.872340426,,,,
9,fujita2014,fujita2014,figure 1,,Amphisorus,kudakajimensis,35,C,net photosynthesis,7.936170213,nmol O2 mg^-1 dry weight hr^-1,O2,nmol,mg,hr,,,,M,,,,,,,500,umol m^-2  s^-1,npp,26.2,,1,,7.936170213,-7.893617021,,,,
9,fujita2014,fujita2014,figure 1,,Amphisorus,kudakajimensis,35,C,net photosynthesis,4.936170213,nmol O2 mg^-1 dry weight hr^-1,O2,nmol,mg,hr,,,,M,,,,,,,500,umol m^-2  s^-1,npp,26.2,,1,,4.936170213,-8.659574468,,,,
9,fujita2014,fujita2014,figure 1,,Amphisorus,kudakajimensis,38,C,net photosynthesis,-2.914893617,nmol O2 mg^-1 dry weight hr^-1,O2,nmol,mg,hr,,,,M,,,,,,,500,umol m^-2  s^-1,npp,26.2,,1,,-2.914893617,-2.978723404,,,,
9,fujita2014,fujita2014,figure 1,,Amphisorus,kudakajimensis,40,C,net photosynthesis,-2.531914894,nmol O2 mg^-1 dry weight hr^-1,O2,nmol,mg,hr,,,,M,,,,,,,500,umol m^-2  s^-1,npp,26.2,,1,,-2.531914894,-0.680851064,,,,
9,fujita2014,fujita2014,figure 1,,Amphisorus,kudakajimensis,40,C,net photosynthesis,-4,nmol O2 mg^-1 dry weight hr^-1,O2,nmol,mg,hr,,,,M,,,,,,,500,umol m^-2  s^-1,npp,26.2,,1,,-4,-4.255319149,,,,
9,fujita2014,fujita2014,figure 1,,Amphisorus,kudakajimensis,45,C,net photosynthesis,-8.340425532,nmol O2 mg^-1 dry weight hr^-1,O2,nmol,mg,hr,,,,M,,,,,,,500,umol m^-2  s^-1,npp,26.2,,1,,-8.340425532,-2.723404255,,,,
3,lombard2009,lombard2009,figure 3a,,Orbulina,universa,15,C,net photosynthesis,2.684824903,nmol O2 indiv^-1 hr^-1,O2,nmol,indiv,hr,,,,M,,,,,,,250,umol m^-2  s^-1,npp,29.5035,,0,,2.684824903,0.385638487,,,,
3,lombard2009,lombard2009,figure 3a,,Orbulina,universa,15,C,net photosynthesis,2.295719844,nmol O2 indiv^-1 hr^-1,O2,nmol,indiv,hr,,,,M,,,,,,,250,umol m^-2  s^-1,npp,29.5035,,0,,2.295719844,0.328937724,,,,
3,lombard2009,lombard2009,figure 3a,,Orbulina,universa,20,C,net photosynthesis,7.081712062,nmol O2 indiv^-1 hr^-1,O2,nmol,indiv,hr,,,,M,,,,,,,250,umol m^-2  s^-1,npp,29.5035,,0,,7.081712062,0.646939625,,,,
3,lombard2009,lombard2009,figure 3a,,Orbulina,universa,20,C,net photosynthesis,8.171206226,nmol O2 indiv^-1 hr^-1,O2,nmol,indiv,hr,,,,M,,,,,,,250,umol m^-2  s^-1,npp,29.5035,,0,,8.171206226,0.605702706,,,,
3,lombard2009,lombard2009,figure 3a,,Orbulina,universa,20,C,net photosynthesis,8.404669261,nmol O2 indiv^-1 hr^-1,O2,nmol,indiv,hr,,,,M,,,,,,,250,umol m^-2  s^-1,npp,29.5035,,0,,8.404669261,0.569620403,,,,
3,lombard2009,lombard2009,figure 3a,,Orbulina,universa,24,C,net photosynthesis,10.15564202,nmol O2 indiv^-1 hr^-1,O2,nmol,indiv,hr,,,,M,,,,,,,250,umol m^-2  s^-1,npp,29.5035,,0,,10.15564202,1.279443964,,,,
3,lombard2009,lombard2009,figure 3a,,Orbulina,universa,24,C,net photosynthesis,9.766536965,nmol O2 indiv^-1 hr^-1,O2,nmol,indiv,hr,,,,M,,,,,,,250,umol m^-2  s^-1,npp,29.5035,,0,,9.766536965,1.166042438,,,,
3,lombard2009,lombard2009,figure 3a,,Orbulina,universa,24,C,net photosynthesis,9.299610895,nmol O2 indiv^-1 hr^-1,O2,nmol,indiv,hr,,,,M,,,,,,,250,umol m^-2  s^-1,npp,29.5035,,0,,9.299610895,0.779446328,,,,
3,lombard2009,lombard2009,figure 3a,,Orbulina,universa,29,C,net photosynthesis,15.56420233,nmol O2 indiv^-1 hr^-1,O2,nmol,indiv,hr,,,,M,,,,,,,250,umol m^-2  s^-1,npp,29.5035,,0,,15.56420233,2.040600867,,,,
3,lombard2009,lombard2009,figure 3a,,Orbulina,universa,29,C,net photosynthesis,15.21400778,nmol O2 indiv^-1 hr^-1,O2,nmol,indiv,hr,,,,M,,,,,,,250,umol m^-2  s^-1,npp,29.5035,,0,,15.21400778,1.705562728,,,,
3,deldicq2025,deldicq2025,figure 5b,,Haynesina,germanica,6,C,gross photosynthesis,53.31051015,pmol O2 indiv^-1 hr^-1,O2,pmol,indiv,hr,13.70309951,SEM,,M,,,,,,,170,umol m^-2  s^-1,gpp,50.3722,,0,0,,20.45454545,53.31051015,,4.626623377,13.70309951
3,deldicq2025,deldicq2025,figure 5b,,Haynesina,germanica,12,C,gross photosynthesis,51.28782483,pmol O2 indiv^-1 hr^-1,O2,pmol,indiv,hr,5.628058728,SEM,,M,,,,,,,170,umol m^-2  s^-1,gpp,50.3722,,0,0,,24.35064935,51.28782483,,1.136363636,5.628058728
3,deldicq2025,deldicq2025,figure 5b,,Haynesina,germanica,18,C,gross photosynthesis,57.74724475,pmol O2 indiv^-1 hr^-1,O2,pmol,indiv,hr,15.57911909,SEM,,M,,,,,,,170,umol m^-2  s^-1,gpp,50.3722,,0,0,,40.90909091,57.74724475,,8.116883117,15.57911909
3,deldicq2025,deldicq2025,figure 5b,,Haynesina,germanica,24,C,gross photosynthesis,76.93250312,pmol O2 indiv^-1 hr^-1,O2,pmol,indiv,hr,7.993474715,SEM,,M,,,,,,,170,umol m^-2  s^-1,gpp,50.3722,,0,0,,55.68181818,76.93250312,,6.655844156,7.993474715
3,deldicq2025,deldicq2025,figure 5b,,Haynesina,germanica,30,C,gross photosynthesis,24.01105929,pmol O2 indiv^-1 hr^-1,O2,pmol,indiv,hr,7.340946166,SEM,,M,,,,,,,170,umol m^-2  s^-1,gpp,50.3722,,0,0,,42.04545455,24.01105929,,10.22727273,7.340946166
3,deldicq2025,deldicq2025,figure 5b,,Haynesina,germanica,36,C,gross photosynthesis,18.72573122,pmol O2 indiv^-1 hr^-1,O2,pmol,indiv,hr,1.141924959,SEM,,M,,,,,,,170,umol m^-2  s^-1,gpp,50.3722,,0,0,,48.37662338,18.72573122,,4.058441558,1.141924959