individual.ID,temp.Cat,treatment,Temp.C,umol.cm2.hr,rate.type,light_dark,fragment.ID
PV17,20,control,20.04955102,0.331659709,R,dark,PV17_D
PV17,20,control,20.29126531,0.334938612,NP,light,PV17_L
PV17,20,control,20.17040816,0.66659832,GP,light,PV17_L
PV17,22,control,21.80920408,0.312285848,R,dark,PV17_D
PV17,22,control,22.2725102,0.504971361,NP,light,PV17_L
PV17,22,control,22.04085714,0.817257209,GP,light,PV17_L
PV17,24,control,23.89463265,0.353664189,R,dark,PV17_D
PV17,24,control,24.22783673,0.652423914,NP,light,PV17_L
PV17,24,control,24.06123469,1.006088103,GP,light,PV17_L
PV17,28,control,28.06728571,0.475877376,R,dark,PV17_D
PV17,28,control,28.12404082,0.696404634,NP,light,PV17_L
PV17,28,control,28.09566327,1.17228201,GP,light,PV17_L
PV17,30,control,30.03808163,0.486012027,R,dark,PV17_D
PV17,30,control,30.01610204,0.648805276,NP,light,PV17_L
PV17,30,control,30.02709184,1.134817304,GP,light,PV17_L
PV17,32,control,31.86757407,0.489638191,R,dark,PV17_D
PV17,32,control,32.09281633,0.563931092,NP,light,PV17_L
PV17,32,control,31.9801952,1.053569283,GP,light,PV17_L
PV17,34,control,33.58612245,0.549410861,R,dark,PV17_D
PV17,34,control,34.22081633,0.432133599,NP,light,PV17_L
PV17,34,control,33.90346939,0.98154446,GP,light,PV17_L
PV17,36,control,35.64157143,0.542701549,R,dark,PV17_D
PV17,36,control,36.02689796,0.192661427,NP,light,PV17_L
PV17,36,control,35.83423469,0.735362975,GP,light,PV17_L
PV17,37,control,36.91828571,0.491816714,R,dark,PV17_D
PV17,37,control,36.83873469,-0.118632964,NP,light,PV17_L
PV17,37,control,36.8785102,0.37318375,GP,light,PV17_L
PV17,38,control,38.18114286,0.398245473,R,dark,PV17_D
PV17,39,control,38.92234694,0.380278116,R,dark,PV17_D
PV18,20,control,19.92387755,0.344201715,R,dark,PV18_D
PV18,20,control,20.37114286,0.165113815,NP,light,PV18_L
PV18,20,control,20.1475102,0.509315531,GP,light,PV18_L
PV18,22,control,21.95685714,0.298014866,R,dark,PV18_D
PV18,22,control,22.23385714,0.35846638,NP,light,PV18_L
PV18,22,control,22.09535714,0.656481246,GP,light,PV18_L
PV18,24,control,24.14142,0.322841208,R,dark,PV18_D
PV18,24,control,24.27516327,0.40342048,NP,light,PV18_L
PV18,24,control,24.20829163,0.726261688,GP,light,PV18_L
PV18,28,control,28.06118367,0.378582636,R,dark,PV18_D
PV18,28,control,28.13016,0.541241452,NP,light,PV18_L
PV18,28,control,28.09567184,0.919824088,GP,light,PV18_L
PV18,30,control,29.8315102,0.443453194,R,dark,PV18_D
PV18,30,control,30.16,0.491532718,NP,light,PV18_L
PV18,30,control,29.9957551,0.934985911,GP,light,PV18_L
PV18,32,control,31.71697959,0.49117082,R,dark,PV18_D
PV18,32,control,32.0074898,0.471388379,NP,light,PV18_L
PV18,32,control,31.86223469,0.962559199,GP,light,PV18_L
PV18,34,control,33.8292449,0.559507386,R,dark,PV18_D
PV18,34,control,34.02302041,0.328540693,NP,light,PV18_L
PV18,34,control,33.92613265,0.888048079,GP,light,PV18_L
PV18,36,control,35.97179592,0.466807267,R,dark,PV18_D
PV18,36,control,36.14885714,0.029975565,NP,light,PV18_L
PV18,36,control,36.06032653,0.496782832,GP,light,PV18_L
PV18,37,control,36.6884898,0.432513685,R,dark,PV18_D
PV18,37,control,37.09325,-0.238578796,NP,light,PV18_L
PV18,37,control,36.8908699,0.193934889,GP,light,PV18_L
PV18,38,control,38.05869388,0.092442268,R,dark,PV18_D
PV18,39,control,38.70104167,0.396209714,R,dark,PV18_D
PV19,20,control,20.1027551,0.215889405,R,dark,PV19_D
PV19,20,control,20.22965306,0.361284216,NP,light,PV19_L
PV19,20,control,20.16620408,0.577173621,GP,light,PV19_L
PV19,22,control,21.89730612,0.206740249,R,dark,PV19_D
PV19,22,control,22.18706122,0.485623228,NP,light,PV19_L
PV19,22,control,22.04218367,0.692363478,GP,light,PV19_L
PV19,24,control,24.01808163,0.250853422,R,dark,PV19_D
PV19,24,control,24.15922449,0.60828676,NP,light,PV19_L
PV19,24,control,24.08865306,0.859140182,GP,light,PV19_L
PV19,28,control,28.16185714,0.316619675,R,dark,PV19_D
PV19,28,control,28.06687755,0.784172242,NP,light,PV19_L
PV19,28,control,28.11436735,1.100791917,GP,light,PV19_L
PV19,30,control,30.16206122,0.327367681,R,dark,PV19_D
PV19,30,control,29.99410204,0.725817385,NP,light,PV19_L
PV19,30,control,30.07808163,1.053185066,GP,light,PV19_L
PV19,32,control,31.94114815,0.358486099,R,dark,PV19_D
PV19,32,control,32.04204082,0.634948985,NP,light,PV19_L
PV19,32,control,31.99159448,0.993435084,GP,light,PV19_L
PV19,34,control,33.98589796,0.399048429,R,dark,PV19_D
PV19,34,control,34.21902041,0.507291008,NP,light,PV19_L
PV19,34,control,34.10245918,0.906339437,GP,light,PV19_L
PV19,36,control,36.13869643,0.331886256,R,dark,PV19_D
PV19,36,control,35.99628571,0.129224335,NP,light,PV19_L
PV19,36,control,36.06749107,0.461110591,GP,light,PV19_L
PV19,37,control,37.08293878,0.301879552,R,dark,PV19_D
PV19,37,control,36.79265306,-0.182729888,NP,light,PV19_L
PV19,37,control,36.93779592,0.119149664,GP,light,PV19_L
PV19,38,control,38.15465306,0.314921402,R,dark,PV19_D
PV19,39,control,39.03989796,0.312738686,R,dark,PV19_D
PV20,20,control,19.98061224,0.371498236,R,dark,PV20_D
PV20,20,control,20.13038776,0.379430063,NP,light,PV20_L
PV20,20,control,20.0555,0.750928299,GP,light,PV20_L
PV20,22,control,22.01106122,0.384326434,R,dark,PV20_D
PV20,22,control,22.19869388,0.522530725,NP,light,PV20_L
PV20,22,control,22.10487755,0.906857159,GP,light,PV20_L
PV20,24,control,24.23906,0.447170491,R,dark,PV20_D
PV20,24,control,24.05220408,0.631422629,NP,light,PV20_L
PV20,24,control,24.14563204,1.07859312,GP,light,PV20_L
PV20,28,control,28.20940816,0.526216412,R,dark,PV20_D
PV20,28,control,27.92272,0.810899076,NP,light,PV20_L
PV20,28,control,28.06606408,1.337115488,GP,light,PV20_L
PV20,30,control,29.96691837,0.570594626,R,dark,PV20_D
PV20,30,control,29.90702041,0.605048858,NP,light,PV20_L
PV20,30,control,29.93696939,1.175643485,GP,light,PV20_L
PV20,32,control,31.86910204,0.748547364,R,dark,PV20_D
PV20,32,control,31.82063265,0.560680099,NP,light,PV20_L
PV20,32,control,31.84486735,1.309227463,GP,light,PV20_L
PV20,34,control,34.14357143,0.810617542,R,dark,PV20_D
PV20,34,control,33.77742857,0.481832199,NP,light,PV20_L
PV20,34,control,33.9605,1.292449741,GP,light,PV20_L
PV20,36,control,36.08622449,0.702748433,R,dark,PV20_D
PV20,36,control,35.8797551,0.29915835,NP,light,PV20_L
PV20,36,control,35.9829898,1.001906783,GP,light,PV20_L
PV20,37,control,36.9135102,0.61378067,R,dark,PV20_D
PV20,37,control,37.02422917,-0.284841677,NP,light,PV20_L
PV20,37,control,36.96886969,0.328938993,GP,light,PV20_L
PV20,38,control,37.81342857,0.52047562,R,dark,PV20_D
PV20,39,control,39.04673469,0.470479651,R,dark,PV20_D
PV21,20,control,20.08838,0.260204968,R,dark,PV21_D
PV21,20,control,20.50669388,0.290909783,NP,light,PV21_L
PV21,20,control,20.29753694,0.551114751,GP,light,PV21_L
PV21,22,control,22.05589796,0.261157682,R,dark,PV21_D
PV21,22,control,22.13034694,0.331423718,NP,light,PV21_L
PV21,22,control,22.09312245,0.5925814,GP,light,PV21_L
PV21,24,control,24.2922449,0.291747096,R,dark,PV21_D
PV21,24,control,23.99808163,0.490699442,NP,light,PV21_L
PV21,24,control,24.14516327,0.782446537,GP,light,PV21_L
PV21,28,control,28.1482449,0.337923705,R,dark,PV21_D
PV21,28,control,28.26159184,0.636406535,NP,light,PV21_L
PV21,28,control,28.20491837,0.97433024,GP,light,PV21_L
PV21,30,control,30.02487755,0.365830903,R,dark,PV21_D
PV21,30,control,30.08458824,0.584740212,NP,light,PV21_L
PV21,30,control,30.05473289,0.950571115,GP,light,PV21_L
PV21,32,control,31.93991837,0.399987954,R,dark,PV21_D
PV21,32,control,32.03273469,0.536095887,NP,light,PV21_L
PV21,32,control,31.98632653,0.936083842,GP,light,PV21_L
PV21,34,control,33.81738776,0.496072299,R,dark,PV21_D
PV21,34,control,34.17585714,0.296261793,NP,light,PV21_L
PV21,34,control,33.99662245,0.792334092,GP,light,PV21_L
PV21,36,control,36.06102041,0.455931551,R,dark,PV21_D
PV21,36,control,36.08004,-0.031054872,NP,light,PV21_L
PV21,36,control,36.0705302,0.424876679,GP,light,PV21_L
PV21,37,control,36.86167347,0.405968296,R,dark,PV21_D
PV21,37,control,36.97395918,-0.278436091,NP,light,PV21_L
PV21,37,control,36.91781633,0.127532205,GP,light,PV21_L
PV21,38,control,38.07797959,0.355907445,R,dark,PV21_D
PV21,39,control,38.93453061,0.329319098,R,dark,PV21_D
PV22,20,control,20.07420408,0.284219081,R,dark,PV22_D
PV22,20,control,20.30061224,0.423801785,NP,light,PV22_L
PV22,20,control,20.18740816,0.708020866,GP,light,PV22_L
PV22,22,control,22.0162449,0.342316058,R,dark,PV22_D
PV22,22,control,22.20493878,0.52572377,NP,light,PV22_L
PV22,22,control,22.11059184,0.868039828,GP,light,PV22_L
PV22,24,control,24.26382,0.415235059,R,dark,PV22_D
PV22,24,control,24.19718367,0.558081959,NP,light,PV22_L
PV22,24,control,24.23050184,0.973317018,GP,light,PV22_L
PV22,28,control,28.2214898,0.457314348,R,dark,PV22_D
PV22,28,control,28.01506,0.74659597,NP,light,PV22_L
PV22,28,control,28.1182749,1.203910318,GP,light,PV22_L
PV22,30,control,30.01,0.487110675,R,dark,PV22_D
PV22,30,control,30.08326531,0.632248334,NP,light,PV22_L
PV22,30,control,30.04663265,1.119359009,GP,light,PV22_L
PV22,32,control,31.93310204,0.549422734,R,dark,PV22_D
PV22,32,control,31.97455102,0.614163758,NP,light,PV22_L
PV22,32,control,31.95382653,1.163586492,GP,light,PV22_L
PV22,34,control,33.97208163,0.619664945,R,dark,PV22_D
PV22,34,control,33.90767347,0.375982545,NP,light,PV22_L
PV22,34,control,33.93987755,0.99564749,GP,light,PV22_L
PV22,36,control,36.2595,0.637178531,R,dark,PV22_D
PV22,36,control,36.10385714,0.019987881,NP,light,PV22_L
PV22,36,control,36.18167857,0.657166411,GP,light,PV22_L
PV22,37,control,36.93016327,0.579707313,R,dark,PV22_D
PV22,37,control,37.13020833,-0.237762956,NP,light,PV22_L
PV22,37,control,37.0301858,0.341944357,GP,light,PV22_L
PV22,38,control,37.92271429,0.45705541,R,dark,PV22_D
PV22,39,control,39.08514583,0.435968283,R,dark,PV22_D
PV23,20,control,19.85106122,0.200476633,R,dark,PV23_D
PV23,20,control,20.27059184,0.211658237,NP,light,PV23_L
PV23,20,control,20.06082653,0.41213487,GP,light,PV23_L
PV23,22,control,21.74097959,0.238394087,R,dark,PV23_D
PV23,22,control,22.17702041,0.375040865,NP,light,PV23_L
PV23,22,control,21.959,0.613434952,GP,light,PV23_L
PV23,24,control,23.75418367,0.287019078,R,dark,PV23_D
PV23,24,control,24.15004082,0.421977102,NP,light,PV23_L
PV23,24,control,23.95211224,0.70899618,GP,light,PV23_L
PV23,28,control,28.05914286,0.368385553,R,dark,PV23_D
PV23,28,control,28.073125,0.540017164,NP,light,PV23_L
PV23,28,control,28.06613393,0.908402717,GP,light,PV23_L
PV23,30,control,29.93659184,0.429852532,R,dark,PV23_D
PV23,30,control,30.00871429,0.444795157,NP,light,PV23_L
PV23,30,control,29.97265306,0.874647689,GP,light,PV23_L
PV23,32,control,31.70654717,0.446334865,R,dark,PV23_D
PV23,32,control,31.97842857,0.378286845,NP,light,PV23_L
PV23,32,control,31.84248787,0.82462171,GP,light,PV23_L
PV23,34,control,33.61155102,0.427387042,R,dark,PV23_D
PV23,34,control,34.16310204,0.204871245,NP,light,PV23_L
PV23,34,control,33.88732653,0.632258287,GP,light,PV23_L
PV23,36,control,35.77903571,0.382520484,R,dark,PV23_D
PV23,36,control,35.93304082,0.050873355,NP,light,PV23_L
PV23,36,control,35.85603827,0.433393839,GP,light,PV23_L
PV23,37,control,36.7914898,0.307294635,R,dark,PV23_D
PV23,37,control,36.76187755,-0.206717427,NP,light,PV23_L
PV23,37,control,36.77668367,0.100577208,GP,light,PV23_L
PV23,38,control,37.99369388,0.288170531,R,dark,PV23_D
PV23,39,control,38.90934694,0.23587233,R,dark,PV23_D
PV24,20,control,20.03706122,0.384925541,R,dark,PV24_D
PV24,20,control,20.25291837,0.386076375,NP,light,PV24_L
PV24,20,control,20.1449898,0.771001916,GP,light,PV24_L
PV24,22,control,21.9207551,0.393915145,R,dark,PV24_D
PV24,22,control,22.14665306,0.49569881,NP,light,PV24_L
PV24,22,control,22.03370408,0.889613956,GP,light,PV24_L
PV24,24,control,24.17066,0.444484203,R,dark,PV24_D
PV24,24,control,24.18871429,0.542757173,NP,light,PV24_L
PV24,24,control,24.17968714,0.987241376,GP,light,PV24_L
PV24,28,control,28.14287755,0.541219639,R,dark,PV24_D
PV24,28,control,27.9894,0.634428607,NP,light,PV24_L
PV24,28,control,28.06613878,1.175648245,GP,light,PV24_L
PV24,30,control,29.96314286,0.659507087,R,dark,PV24_D
PV24,30,control,30.07857143,0.615335518,NP,light,PV24_L
PV24,30,control,30.02085714,1.274842605,GP,light,PV24_L
PV24,32,control,31.86863265,0.729786012,R,dark,PV24_D
PV24,32,control,31.96763265,0.491756523,NP,light,PV24_L
PV24,32,control,31.91813265,1.221542535,GP,light,PV24_L
PV24,34,control,33.89230612,0.810102777,R,dark,PV24_D
PV24,34,control,33.95106122,0.47721164,NP,light,PV24_L
PV24,34,control,33.92168367,1.287314417,GP,light,PV24_L
PV24,36,control,35.92508163,0.735800153,R,dark,PV24_D
PV24,36,control,36.04102041,0.189640175,NP,light,PV24_L
PV24,36,control,35.98305102,0.925440328,GP,light,PV24_L
PV24,37,control,36.78789796,0.683584095,R,dark,PV24_D
PV24,37,control,36.9145,-0.211560798,NP,light,PV24_L
PV24,37,control,36.85119898,0.472023298,GP,light,PV24_L
PV24,38,control,38.12285714,0.582919185,R,dark,PV24_D
PV24,39,control,38.97802041,0.579785573,R,dark,PV24_D
PV25,20,control,20.33967347,0.564519657,R,dark,PV25_D
PV25,20,control,20.22534694,0.209271175,NP,light,PV25_L
PV25,20,control,20.2825102,0.773790833,GP,light,PV25_L
PV25,22,control,21.95857143,0.612280316,R,dark,PV25_D
PV25,22,control,22.0562449,0.388896126,NP,light,PV25_L
PV25,22,control,22.00740816,1.001176442,GP,light,PV25_L
PV25,24,control,23.97683673,0.633181218,R,dark,PV25_D
PV25,24,control,24.19667347,0.477704407,NP,light,PV25_L
PV25,24,control,24.0867551,1.110885624,GP,light,PV25_L
PV25,28,control,28.27020408,0.749353643,R,dark,PV25_D
PV25,28,control,28.0547551,0.586800752,NP,light,PV25_L
PV25,28,control,28.16247959,1.336154396,GP,light,PV25_L
PV25,30,control,30.12797959,0.729907569,R,dark,PV25_D
PV25,30,control,29.99602041,0.583107926,NP,light,PV25_L
PV25,30,control,30.062,1.313015495,GP,light,PV25_L
PV25,32,control,31.90340741,0.84086219,R,dark,PV25_D
PV25,32,control,32.01640816,0.497110196,NP,light,PV25_L
PV25,32,control,31.95990779,1.337972386,GP,light,PV25_L
PV25,34,control,34.03679592,0.958792118,R,dark,PV25_D
PV25,34,control,34.23181633,0.365441384,NP,light,PV25_L
PV25,34,control,34.13430612,1.324233502,GP,light,PV25_L
PV25,36,control,36.09833929,0.957760606,R,dark,PV25_D
PV25,36,control,36.03169388,0.070886955,NP,light,PV25_L
PV25,36,control,36.06501658,1.028647561,GP,light,PV25_L
PV25,37,control,37.10614286,0.893627002,R,dark,PV25_D
PV25,37,control,36.81822449,-0.25738664,NP,light,PV25_L
PV25,37,control,36.96218367,0.636240363,GP,light,PV25_L
PV25,38,control,38.27791837,0.796450136,R,dark,PV25_D
PV25,39,control,39.14026531,0.700160136,R,dark,PV25_D
PV26,20,control,20.21416327,0.221828663,R,dark,PV26_D
PV26,20,control,20.2394375,0.289549356,NP,light,PV26_L
PV26,20,control,20.22680038,0.511378019,GP,light,PV26_L
PV26,22,control,21.99346939,0.289382512,R,dark,PV26_D
PV26,22,control,22.10702041,0.409250492,NP,light,PV26_L
PV26,22,control,22.0502449,0.698633004,GP,light,PV26_L
PV26,24,control,24.13525,0.471829004,R,dark,PV26_D
PV26,24,control,24.02204082,0.519210686,NP,light,PV26_L
PV26,24,control,24.07864541,0.99103969,GP,light,PV26_L
PV26,28,control,28.02544,0.389761861,R,dark,PV26_D
PV26,28,control,27.88016327,0.698354065,NP,light,PV26_L
PV26,28,control,27.95280163,1.088115926,GP,light,PV26_L
PV26,30,control,30.1820625,0.388135453,R,dark,PV26_D
PV26,30,control,30.01642857,0.649816383,NP,light,PV26_L
PV26,30,control,30.09924554,1.037951837,GP,light,PV26_L
PV26,32,control,31.91491837,0.477886517,R,dark,PV26_D
PV26,32,control,32.18177551,0.545907451,NP,light,PV26_L
PV26,32,control,32.04834694,1.023793968,GP,light,PV26_L
PV26,34,control,33.70589583,0.532881569,R,dark,PV26_D
PV26,34,control,33.98459184,0.376071952,NP,light,PV26_L
PV26,34,control,33.84524384,0.908953521,GP,light,PV26_L
PV26,36,control,35.85537736,0.496725134,R,dark,PV26_D
PV26,36,control,35.81520408,0.08474376,NP,light,PV26_L
PV26,36,control,35.83529072,0.581468894,GP,light,PV26_L
PV26,37,control,36.84963265,0.423155707,R,dark,PV26_D
PV26,37,control,36.87946939,-0.185383869,NP,light,PV26_L
PV26,37,control,36.86455102,0.237771838,GP,light,PV26_L
PV26,38,control,38.1187551,0.365246347,R,dark,PV26_D
PV27,20,control,20.206125,0.255628278,R,dark,PV27_D
PV27,20,control,20.15089796,0.316263394,NP,light,PV27_L
PV27,20,control,20.17851148,0.571891672,GP,light,PV27_L
PV27,22,control,22.05416327,0.255847468,R,dark,PV27_D
PV27,22,control,22.17740816,0.425581763,NP,light,PV27_L
PV27,22,control,22.11578571,0.68142923,GP,light,PV27_L
PV27,24,control,24.14083333,0.277706133,R,dark,PV27_D
PV27,24,control,23.85489796,0.52375129,NP,light,PV27_L
PV27,24,control,23.99786565,0.801457423,GP,light,PV27_L
PV27,28,control,28.22178,0.360335949,R,dark,PV27_D
PV27,28,control,27.84369388,0.632005503,NP,light,PV27_L
PV27,28,control,28.03273694,0.992341453,GP,light,PV27_L
PV27,30,control,30.19228571,0.372526539,R,dark,PV27_D
PV27,30,control,29.91920408,0.569480769,NP,light,PV27_L
PV27,30,control,30.0557449,0.942007308,GP,light,PV27_L
PV27,32,control,31.96695918,0.41710243,R,dark,PV27_D
PV27,32,control,32.03491837,0.53346806,NP,light,PV27_L
PV27,32,control,32.00093878,0.95057049,GP,light,PV27_L
PV27,34,control,33.82847917,0.50167307,R,dark,PV27_D
PV27,34,control,33.84169388,0.31307344,NP,light,PV27_L
PV27,34,control,33.83508652,0.814746509,GP,light,PV27_L
PV27,36,control,36.05777358,0.459564862,R,dark,PV27_D
PV27,36,control,35.67327083,0.0681171,NP,light,PV27_L
PV27,36,control,35.86552221,0.527681963,GP,light,PV27_L
PV27,37,control,37.03197959,0.40650623,R,dark,PV27_D
PV27,37,control,36.80030612,-0.158934222,NP,light,PV27_L
PV27,37,control,36.91614286,0.247572007,GP,light,PV27_L
PV27,38,control,38.17014583,0.350139667,R,dark,PV27_D
PV28,20,control,19.9975102,0.306776522,R,dark,PV28_D
PV28,20,control,20.19257143,0.104225243,NP,light,PV28_L
PV28,20,control,20.09504082,0.411001765,GP,light,PV28_L
PV28,22,control,21.8362449,0.315635268,R,dark,PV28_D
PV28,22,control,21.96195918,0.119195408,NP,light,PV28_L
PV28,22,control,21.89910204,0.434830676,GP,light,PV28_L
PV28,24,control,23.79195918,0.357880019,R,dark,PV28_D
PV28,24,control,24.00126531,0.157855685,NP,light,PV28_L
PV28,24,control,23.89661224,0.515735703,GP,light,PV28_L
PV28,28,control,27.99206,0.426863162,R,dark,PV28_D
PV28,28,control,27.87516327,0.318300036,NP,light,PV28_L
PV28,28,control,27.93361163,0.745163199,GP,light,PV28_L
PV28,30,control,29.9133125,0.435164946,R,dark,PV28_D
PV28,30,control,30.01118367,0.269892989,NP,light,PV28_L
PV28,30,control,29.96224809,0.705057936,GP,light,PV28_L
PV28,32,control,31.76585714,0.539286883,R,dark,PV28_D
PV28,32,control,32.07318367,0.228842733,NP,light,PV28_L
PV28,32,control,31.91952041,0.768129616,GP,light,PV28_L
PV28,34,control,33.577625,0.569756002,R,dark,PV28_D
PV28,34,control,33.99512245,0.081935232,NP,light,PV28_L
PV28,34,control,33.78637372,0.651691235,GP,light,PV28_L
PV28,36,control,35.58739623,0.590491918,R,dark,PV28_D
PV28,36,control,35.75404082,-0.065008095,NP,light,PV28_L
PV28,36,control,35.67071852,0.525483822,GP,light,PV28_L
PV28,37,control,36.57879592,0.52024344,R,dark,PV28_D
PV28,37,control,37.04097959,-0.244065082,NP,light,PV28_L
PV28,37,control,36.80988776,0.276178358,GP,light,PV28_L
PV28,38,control,37.91628571,0.445118962,R,dark,PV28_D
PV29,20,control,20.18218,0.161115772,R,dark,PV29_D
PV29,20,control,20.16489796,0.276707774,NP,light,PV29_L
PV29,20,control,20.17353898,0.437823545,GP,light,PV29_L
PV29,22,control,22.16081633,0.210114428,R,dark,PV29_D
PV29,22,control,22.19391837,0.228150224,NP,light,PV29_L
PV29,22,control,22.17736735,0.438264651,GP,light,PV29_L
PV29,24,control,24.1457551,0.231210432,R,dark,PV29_D
PV29,24,control,24.03828571,0.264672442,NP,light,PV29_L
PV29,24,control,24.09202041,0.495882874,GP,light,PV29_L
PV29,28,control,28.24597959,0.180584054,R,dark,PV29_D
PV29,28,control,28.13102041,0.265621203,NP,light,PV29_L
PV29,28,control,28.1885,0.446205257,GP,light,PV29_L
PV29,30,control,30.0482449,0.295397034,R,dark,PV29_D
PV29,30,control,30.03866667,0.23730822,NP,light,PV29_L
PV29,30,control,30.04345578,0.532705254,GP,light,PV29_L
PV29,32,control,31.89961224,0.311882293,R,dark,PV29_D
PV29,32,control,31.9884898,0.196837185,NP,light,PV29_L
PV29,32,control,31.94405102,0.508719478,GP,light,PV29_L
PV29,34,control,33.94542857,0.387243045,R,dark,PV29_D
PV29,34,control,34.14546939,0.046417971,NP,light,PV29_L
PV29,34,control,34.04544898,0.433661016,GP,light,PV29_L
PV29,36,control,35.92977551,0.37712056,R,dark,PV29_D
PV29,36,control,36.04228,-0.092117353,NP,light,PV29_L
PV29,36,control,35.98602776,0.285003207,GP,light,PV29_L
PV29,37,control,36.85720408,0.367497898,R,dark,PV29_D
PV29,37,control,36.93432653,-0.323810619,NP,light,PV29_L
PV29,37,control,36.89576531,0.043687279,GP,light,PV29_L
PV29,38,control,38.06418367,0.295074172,R,dark,PV29_D
PV29,39,control,39.0065102,0.270038174,R,dark,PV29_D
PV30,20,control,19.8988,0.288742327,R,dark,PV30_D
PV30,20,control,20.20871429,0.243405322,NP,light,PV30_L
PV30,20,control,20.05375714,0.532147648,GP,light,PV30_L
PV30,22,control,22.02767347,0.223448359,R,dark,PV30_D
PV30,22,control,22.17402041,0.343190083,NP,light,PV30_L
PV30,22,control,22.10084694,0.566638442,GP,light,PV30_L
PV30,24,control,24.16334694,0.261385621,R,dark,PV30_D
PV30,24,control,24.0187551,0.465755392,NP,light,PV30_L
PV30,24,control,24.09105102,0.727141013,GP,light,PV30_L
PV30,28,control,28.12469388,0.359236309,R,dark,PV30_D
PV30,28,control,28.29783673,0.57474957,NP,light,PV30_L
PV30,28,control,28.21126531,0.933985879,GP,light,PV30_L
PV30,30,control,30.06430612,0.411140466,R,dark,PV30_D
PV30,30,control,30.08814,0.505697343,NP,light,PV30_L
PV30,30,control,30.07622306,0.916837809,GP,light,PV30_L
PV30,32,control,31.91761224,0.417885937,R,dark,PV30_D
PV30,32,control,32.05995918,0.456975313,NP,light,PV30_L
PV30,32,control,31.98878571,0.87486125,GP,light,PV30_L
PV30,34,control,33.92269388,0.491982278,R,dark,PV30_D
PV30,34,control,34.18455102,0.205615107,NP,light,PV30_L
PV30,34,control,34.05362245,0.697597385,GP,light,PV30_L
PV30,36,control,35.93979592,0.487788812,R,dark,PV30_D
PV30,36,control,35.9629,-0.062824795,NP,light,PV30_L
PV30,36,control,35.95134796,0.424964017,GP,light,PV30_L
PV30,37,control,36.94012245,0.469854058,R,dark,PV30_D
PV30,37,control,36.95046939,-0.32409455,NP,light,PV30_L
PV30,37,control,36.94529592,0.145759508,GP,light,PV30_L
PV30,38,control,38.20481633,0.426996722,R,dark,PV30_D
PV30,39,control,38.99842857,0.423169347,R,dark,PV30_D
PV31,20,control,20.10671429,0.407311136,R,dark,PV31_D
PV31,20,control,20.27016667,0.262848462,NP,light,PV31_L
PV31,20,control,20.18844048,0.670159598,GP,light,PV31_L
PV31,22,control,21.96942857,0.399949363,R,dark,PV31_D
PV31,22,control,22.26046939,0.391939037,NP,light,PV31_L
PV31,22,control,22.11494898,0.7918884,GP,light,PV31_L
PV31,24,control,23.99591667,0.430036653,R,dark,PV31_D
PV31,24,control,24.08418367,0.486683538,NP,light,PV31_L
PV31,24,control,24.04005017,0.916720191,GP,light,PV31_L
PV31,28,control,28.186,0.511663754,R,dark,PV31_D
PV31,28,control,27.9587551,0.613047855,NP,light,PV31_L
PV31,28,control,28.07237755,1.124711609,GP,light,PV31_L
PV31,30,control,30.08263265,0.523072065,R,dark,PV31_D
PV31,30,control,30.12581633,0.587163291,NP,light,PV31_L
PV31,30,control,30.10422449,1.110235356,GP,light,PV31_L
PV31,32,control,31.89306122,0.583389856,R,dark,PV31_D
PV31,32,control,32.22310204,0.546881264,NP,light,PV31_L
PV31,32,control,32.05808163,1.13027112,GP,light,PV31_L
PV31,34,control,33.72175,0.688871322,R,dark,PV31_D
PV31,34,control,34.01879592,0.381086758,NP,light,PV31_L
PV31,34,control,33.87027296,1.06995808,GP,light,PV31_L
PV31,36,control,35.76681132,0.66333797,R,dark,PV31_D
PV31,36,control,35.90125,0.152751849,NP,light,PV31_L
PV31,36,control,35.83403066,0.816089819,GP,light,PV31_L
PV31,37,control,36.79914286,0.564612484,R,dark,PV31_D
PV31,37,control,37.14144898,-0.115236931,NP,light,PV31_L
PV31,37,control,36.97029592,0.449375553,GP,light,PV31_L
PV31,38,control,38.05860417,0.438297877,R,dark,PV31_D
PV32,20,control,19.90368,0.271812793,R,dark,PV32_D
PV32,20,control,20.05634694,0.222549629,NP,light,PV32_L
PV32,20,control,19.98001347,0.494362422,GP,light,PV32_L
PV32,22,control,21.85953061,0.271694509,R,dark,PV32_D
PV32,22,control,22.05544898,0.258993458,NP,light,PV32_L
PV32,22,control,21.9574898,0.530687967,GP,light,PV32_L
PV32,24,control,24.01979592,0.318234542,R,dark,PV32_D
PV32,24,control,23.85434694,0.325544728,NP,light,PV32_L
PV32,24,control,23.93707143,0.64377927,GP,light,PV32_L
PV32,28,control,27.91,0.338877108,R,dark,PV32_D
PV32,28,control,28.20522449,0.420808087,NP,light,PV32_L
PV32,28,control,28.05761224,0.759685194,GP,light,PV32_L
PV32,30,control,29.797,0.371976699,R,dark,PV32_D
PV32,30,control,29.89756863,0.35011854,NP,light,PV32_L
PV32,30,control,29.84728431,0.722095239,GP,light,PV32_L
PV32,32,control,31.75955102,0.409433139,R,dark,PV32_D
PV32,32,control,31.85381633,0.316627158,NP,light,PV32_L
PV32,32,control,31.80668367,0.726060297,GP,light,PV32_L
PV32,34,control,33.77320408,0.472244009,R,dark,PV32_D
PV32,34,control,33.90993878,0.178027647,NP,light,PV32_L
PV32,34,control,33.84157143,0.650271656,GP,light,PV32_L
PV32,36,control,35.67661224,0.484566741,R,dark,PV32_D
PV32,36,control,35.91518,-0.038059623,NP,light,PV32_L
PV32,36,control,35.79589612,0.446507118,GP,light,PV32_L
PV32,37,control,36.63406122,0.461816691,R,dark,PV32_D
PV32,37,control,36.50310204,-0.200751471,NP,light,PV32_L
PV32,37,control,36.56858163,0.26106522,GP,light,PV32_L
PV32,38,control,37.9142449,0.380627212,R,dark,PV32_D
PV32,39,control,38.73422449,0.354964635,R,dark,PV32_D
PV1,20,enriched,20.071,0.317586973,R,dark,PV1_D
PV1,20,enriched,20.143,0.5219748,NP,light,PV1_L
PV1,20,enriched,20.107,0.839561773,GP,light,PV1_L
PV1,22,enriched,21.8827551,0.34190793,R,dark,PV1_D
PV1,22,enriched,22.06404082,0.700940139,NP,light,PV1_L
PV1,22,enriched,21.97339796,1.04284807,GP,light,PV1_L
PV1,24,enriched,23.93002041,0.387323366,R,dark,PV1_D
PV1,24,enriched,24.0332449,0.74907863,NP,light,PV1_L
PV1,24,enriched,23.98163265,1.136401996,GP,light,PV1_L
PV1,28,enriched,28.1642449,0.455901525,R,dark,PV1_D
PV1,28,enriched,27.9360625,0.845532473,NP,light,PV1_L
PV1,28,enriched,28.0501537,1.301433999,GP,light,PV1_L
PV1,30,enriched,30.09873469,0.451923709,R,dark,PV1_D
PV1,30,enriched,29.90816327,0.80908232,NP,light,PV1_L
PV1,30,enriched,30.00344898,1.26100603,GP,light,PV1_L
PV1,32,enriched,31.89764151,0.525352311,R,dark,PV1_D
PV1,32,enriched,31.86932653,0.678971884,NP,light,PV1_L
PV1,32,enriched,31.88348402,1.204324194,GP,light,PV1_L
PV1,34,enriched,33.728,0.550146432,R,dark,PV1_D
PV1,34,enriched,33.98487755,0.536460365,NP,light,PV1_L
PV1,34,enriched,33.85643878,1.086606797,GP,light,PV1_L
PV1,36,enriched,35.56792857,0.554882336,R,dark,PV1_D
PV1,36,enriched,35.75365306,0.296377243,NP,light,PV1_L
PV1,36,enriched,35.66079082,0.851259579,GP,light,PV1_L
PV1,37,enriched,36.93179592,0.451460374,R,dark,PV1_D
PV1,37,enriched,36.59953061,0.079237609,NP,light,PV1_L
PV1,37,enriched,36.76566327,0.530697983,GP,light,PV1_L
PV1,38,enriched,38.20483673,0.43331303,R,dark,PV1_D
PV1,39,enriched,38.99006122,0.406793167,R,dark,PV1_D
PV10,20,enriched,20.19510204,0.2884932,R,dark,PV10_D
PV10,20,enriched,20.24971429,0.729757069,NP,light,PV10_L
PV10,20,enriched,20.22240816,1.018250268,GP,light,PV10_L
PV10,22,enriched,22.16097959,0.35097052,R,dark,PV10_D
PV10,22,enriched,22.08377551,0.843290553,NP,light,PV10_L
PV10,22,enriched,22.12237755,1.194261073,GP,light,PV10_L
PV10,24,enriched,24.3141,0.414629263,R,dark,PV10_D
PV10,24,enriched,24.11242857,0.819429905,NP,light,PV10_L
PV10,24,enriched,24.21326429,1.234059168,GP,light,PV10_L
PV10,28,enriched,28.27593878,0.538289926,R,dark,PV10_D
PV10,28,enriched,28.07214,0.783022537,NP,light,PV10_L
PV10,28,enriched,28.17403939,1.321312463,GP,light,PV10_L
PV10,30,enriched,30.00363265,0.575294778,R,dark,PV10_D
PV10,30,enriched,30.0192449,0.813484202,NP,light,PV10_L
PV10,30,enriched,30.01143878,1.388778979,GP,light,PV10_L
PV10,32,enriched,31.92516327,0.654678189,R,dark,PV10_D
PV10,32,enriched,31.89512245,0.70048644,NP,light,PV10_L
PV10,32,enriched,31.91014286,1.35516463,GP,light,PV10_L
PV10,34,enriched,34.03267347,0.678207673,R,dark,PV10_D
PV10,34,enriched,33.89410204,0.654884655,NP,light,PV10_L
PV10,34,enriched,33.96338776,1.333092328,GP,light,PV10_L
PV10,36,enriched,36.22846939,0.635289028,R,dark,PV10_D
PV10,36,enriched,36.02632653,0.332818161,NP,light,PV10_L
PV10,36,enriched,36.12739796,0.968107189,GP,light,PV10_L
PV10,37,enriched,36.97877551,0.523795062,R,dark,PV10_D
PV10,37,enriched,36.789625,-0.007864423,NP,light,PV10_L
PV10,37,enriched,36.88420026,0.515930639,GP,light,PV10_L
PV10,38,enriched,37.90697959,0.473239672,R,dark,PV10_D
PV10,39,enriched,39.11839583,0.364853467,R,dark,PV10_D
PV11,20,enriched,20.05572,0.234994845,R,dark,PV11_D
PV11,20,enriched,20.3807551,1.043180599,NP,light,PV11_L
PV11,20,enriched,20.21823755,1.278175443,GP,light,PV11_L
PV11,22,enriched,22.01159184,0.220660788,R,dark,PV11_D
PV11,22,enriched,22.11853061,1.38277487,NP,light,PV11_L
PV11,22,enriched,22.06506122,1.603435658,GP,light,PV11_L
PV11,24,enriched,24.17906122,0.255968347,R,dark,PV11_D
PV11,24,enriched,24.00608163,1.656206764,NP,light,PV11_L
PV11,24,enriched,24.09257143,1.912175111,GP,light,PV11_L
PV11,28,enriched,28.15155102,0.346772987,R,dark,PV11_D
PV11,28,enriched,28.33920408,1.651962176,NP,light,PV11_L
PV11,28,enriched,28.24537755,1.998735163,GP,light,PV11_L
PV11,30,enriched,30.08432653,0.359982362,R,dark,PV11_D
PV11,30,enriched,30.09154,1.483856589,NP,light,PV11_L
PV11,30,enriched,30.08793327,1.843838951,GP,light,PV11_L
PV11,32,enriched,31.92881633,0.39185631,R,dark,PV11_D
PV11,32,enriched,32.02181633,1.358644457,NP,light,PV11_L
PV11,32,enriched,31.97531633,1.750500766,GP,light,PV11_L
PV11,34,enriched,33.88383673,0.487059058,R,dark,PV11_D
PV11,34,enriched,34.17295918,1.025207283,NP,light,PV11_L
PV11,34,enriched,34.02839796,1.51226634,GP,light,PV11_L
PV11,36,enriched,35.93187755,0.407155013,R,dark,PV11_D
PV11,36,enriched,35.94656,0.799311445,NP,light,PV11_L
PV11,36,enriched,35.93921878,1.206466458,GP,light,PV11_L
PV11,37,enriched,36.78510204,0.361840199,R,dark,PV11_D
PV11,37,enriched,36.8862449,0.267681929,NP,light,PV11_L
PV11,37,enriched,36.83567347,0.629522128,GP,light,PV11_L
PV11,38,enriched,38.09159184,0.359794265,R,dark,PV11_D
PV11,39,enriched,39.05636735,0.34959609,R,dark,PV11_D
PV12,20,enriched,20.11420408,0.395096438,R,dark,PV12_D
PV12,20,enriched,20.07434694,0.789803156,NP,light,PV12_L
PV12,20,enriched,20.09427551,1.184899594,GP,light,PV12_L
PV12,22,enriched,21.90930612,0.372487948,R,dark,PV12_D
PV12,22,enriched,21.95279592,0.931910808,NP,light,PV12_L
PV12,22,enriched,21.93105102,1.304398756,GP,light,PV12_L
PV12,24,enriched,24.05402041,0.409486558,R,dark,PV12_D
PV12,24,enriched,23.86979592,0.998580175,NP,light,PV12_L
PV12,24,enriched,23.96190816,1.408066733,GP,light,PV12_L
PV12,28,enriched,28.22346,0.564637859,R,dark,PV12_D
PV12,28,enriched,27.8707551,1.009929641,NP,light,PV12_L
PV12,28,enriched,28.04710755,1.5745675,GP,light,PV12_L
PV12,30,enriched,30.09575,0.612593515,R,dark,PV12_D
PV12,30,enriched,29.91338776,1.003793973,NP,light,PV12_L
PV12,30,enriched,30.00456888,1.616387488,GP,light,PV12_L
PV12,32,enriched,31.88759184,0.67984733,R,dark,PV12_D
PV12,32,enriched,31.85761224,0.901433368,NP,light,PV12_L
PV12,32,enriched,31.87260204,1.581280698,GP,light,PV12_L
PV12,34,enriched,33.72054167,0.762300355,R,dark,PV12_D
PV12,34,enriched,33.8214898,0.784045018,NP,light,PV12_L
PV12,34,enriched,33.77101573,1.546345373,GP,light,PV12_L
PV12,36,enriched,35.82154717,0.775267947,R,dark,PV12_D
PV12,36,enriched,35.65297959,0.521907115,NP,light,PV12_L
PV12,36,enriched,35.73726338,1.297175062,GP,light,PV12_L
PV12,37,enriched,36.75657143,0.643181404,R,dark,PV12_D
PV12,37,enriched,36.83689796,0.12659971,NP,light,PV12_L
PV12,37,enriched,36.79673469,0.769781114,GP,light,PV12_L
PV12,38,enriched,38.03836735,0.535795083,R,dark,PV12_D
PV13,20,enriched,20.05471429,0.410975833,R,dark,PV13_D
PV13,20,enriched,20.31444898,0.567754251,NP,light,PV13_L
PV13,20,enriched,20.18458163,0.978730083,GP,light,PV13_L
PV13,22,enriched,21.89263265,0.424378767,R,dark,PV13_D
PV13,22,enriched,22.21814286,0.813896118,NP,light,PV13_L
PV13,22,enriched,22.05538776,1.238274886,GP,light,PV13_L
PV13,24,enriched,23.91428571,0.47170817,R,dark,PV13_D
PV13,24,enriched,24.23867347,0.917175905,NP,light,PV13_L
PV13,24,enriched,24.07647959,1.388884075,GP,light,PV13_L
PV13,28,enriched,28.14908163,0.601553345,R,dark,PV13_D
PV13,28,enriched,28.13873469,1.050020469,NP,light,PV13_L
PV13,28,enriched,28.14390816,1.651573813,GP,light,PV13_L
PV13,30,enriched,29.99446939,0.637921725,R,dark,PV13_D
PV13,30,enriched,30.00808163,1.019980241,NP,light,PV13_L
PV13,30,enriched,30.00127551,1.657901966,GP,light,PV13_L
PV13,32,enriched,31.8545,0.651660165,R,dark,PV13_D
PV13,32,enriched,32.05842857,0.913658147,NP,light,PV13_L
PV13,32,enriched,31.95646429,1.565318312,GP,light,PV13_L
PV13,34,enriched,33.75165306,0.757022464,R,dark,PV13_D
PV13,34,enriched,34.30087755,0.773257848,NP,light,PV13_L
PV13,34,enriched,34.02626531,1.530280312,GP,light,PV13_L
PV13,36,enriched,35.92976786,0.709970548,R,dark,PV13_D
PV13,36,enriched,36.0332449,0.48724128,NP,light,PV13_L
PV13,36,enriched,35.98150638,1.197211828,GP,light,PV13_L
PV13,37,enriched,36.95120408,0.637547363,R,dark,PV13_D
PV13,37,enriched,36.85244898,0.106463013,NP,light,PV13_L
PV13,37,enriched,36.90182653,0.744010376,GP,light,PV13_L
PV13,38,enriched,38.09330612,0.607101775,R,dark,PV13_D
PV13,39,enriched,38.92771429,0.563816966,R,dark,PV13_D
PV14,20,enriched,20.09471429,0.32620865,R,dark,PV14_D
PV14,20,enriched,20.23845833,0.655584686,NP,light,PV14_L
PV14,20,enriched,20.16658631,0.981793336,GP,light,PV14_L
PV14,22,enriched,21.94181633,0.32217147,R,dark,PV14_D
PV14,22,enriched,22.39293878,0.739326402,NP,light,PV14_L
PV14,22,enriched,22.16737755,1.061497873,GP,light,PV14_L
PV14,24,enriched,24.01858333,0.346975425,R,dark,PV14_D
PV14,24,enriched,24.04138776,0.907575327,NP,light,PV14_L
PV14,24,enriched,24.02998554,1.254550752,GP,light,PV14_L
PV14,28,enriched,28.03632,0.452088116,R,dark,PV14_D
PV14,28,enriched,27.98681633,0.969479598,NP,light,PV14_L
PV14,28,enriched,28.01156816,1.421567715,GP,light,PV14_L
PV14,30,enriched,30.050375,0.453179744,R,dark,PV14_D
PV14,30,enriched,30.06655102,1.055913168,NP,light,PV14_L
PV14,30,enriched,30.05846301,1.509092912,GP,light,PV14_L
PV14,32,enriched,31.84587755,0.514431842,R,dark,PV14_D
PV14,32,enriched,32.18979592,0.953772789,NP,light,PV14_L
PV14,32,enriched,32.01783673,1.46820463,GP,light,PV14_L
PV14,34,enriched,33.71502083,0.546031388,R,dark,PV14_D
PV14,34,enriched,34.00671429,0.742920163,NP,light,PV14_L
PV14,34,enriched,33.86086756,1.288951551,GP,light,PV14_L
PV14,36,enriched,35.68426415,0.57166746,R,dark,PV14_D
PV14,36,enriched,35.82666667,0.619433943,NP,light,PV14_L
PV14,36,enriched,35.75546541,1.191101404,GP,light,PV14_L
PV14,37,enriched,36.76269388,0.491252519,R,dark,PV14_D
PV14,37,enriched,37.0195102,0.197463044,NP,light,PV14_L
PV14,37,enriched,36.89110204,0.688715563,GP,light,PV14_L
PV14,38,enriched,38.0996875,0.439200762,R,dark,PV14_D
PV15,20,enriched,20.04183673,0.272938939,R,dark,PV15_D
PV15,20,enriched,20.20720408,0.859023541,NP,light,PV15_L
PV15,20,enriched,20.12452041,1.13196248,GP,light,PV15_L
PV15,22,enriched,21.94230612,0.324509518,R,dark,PV15_D
PV15,22,enriched,22.43081633,0.984927044,NP,light,PV15_L
PV15,22,enriched,22.18656122,1.309436562,GP,light,PV15_L
PV15,24,enriched,23.86485417,0.370357061,R,dark,PV15_D
PV15,24,enriched,23.98436735,1.081925233,NP,light,PV15_L
PV15,24,enriched,23.92461076,1.452282294,GP,light,PV15_L
PV15,28,enriched,27.89396,0.442343888,R,dark,PV15_D
PV15,28,enriched,27.95034694,1.113080033,NP,light,PV15_L
PV15,28,enriched,27.92215347,1.555423921,GP,light,PV15_L
PV15,30,enriched,29.98208163,0.492187898,R,dark,PV15_D
PV15,30,enriched,30.074,1.043652416,NP,light,PV15_L
PV15,30,enriched,30.02804082,1.535840313,GP,light,PV15_L
PV15,32,enriched,31.76720408,0.478740421,R,dark,PV15_D
PV15,32,enriched,32.11708163,0.91444795,NP,light,PV15_L
PV15,32,enriched,31.94214286,1.393188371,GP,light,PV15_L
PV15,34,enriched,33.57985417,0.577390494,R,dark,PV15_D
PV15,34,enriched,33.98183673,0.798974976,NP,light,PV15_L
PV15,34,enriched,33.78084545,1.37636547,GP,light,PV15_L
PV15,36,enriched,35.89409434,0.567647566,R,dark,PV15_D
PV15,36,enriched,35.87691837,0.518143821,NP,light,PV15_L
PV15,36,enriched,35.88550635,1.085791386,GP,light,PV15_L
PV15,37,enriched,36.75557143,0.486489763,R,dark,PV15_D
PV15,37,enriched,37.04714286,0.153888227,NP,light,PV15_L
PV15,37,enriched,36.90135714,0.64037799,GP,light,PV15_L
PV15,38,enriched,37.9615625,0.399065995,R,dark,PV15_D
PV16,20,enriched,20.09316327,0.322237898,R,dark,PV16_D
PV16,20,enriched,20.4085102,0.538964165,NP,light,PV16_L
PV16,20,enriched,20.25083673,0.861202064,GP,light,PV16_L
PV16,22,enriched,22.02557143,0.316213315,R,dark,PV16_D
PV16,22,enriched,22.49789796,0.733095905,NP,light,PV16_L
PV16,22,enriched,22.26173469,1.04930922,GP,light,PV16_L
PV16,24,enriched,24.06469388,0.353106463,R,dark,PV16_D
PV16,24,enriched,24.10479592,0.785049262,NP,light,PV16_L
PV16,24,enriched,24.0847449,1.138155725,GP,light,PV16_L
PV16,28,enriched,28.04202,0.423614266,R,dark,PV16_D
PV16,28,enriched,28.03269388,0.869986974,NP,light,PV16_L
PV16,28,enriched,28.03735694,1.293601241,GP,light,PV16_L
PV16,30,enriched,30.07295918,0.412636319,R,dark,PV16_D
PV16,30,enriched,30.11891837,0.889649634,NP,light,PV16_L
PV16,30,enriched,30.09593878,1.302285952,GP,light,PV16_L
PV16,32,enriched,31.89873469,0.451861944,R,dark,PV16_D
PV16,32,enriched,32.35187755,0.637496995,NP,light,PV16_L
PV16,32,enriched,32.12530612,1.089358939,GP,light,PV16_L
PV16,34,enriched,33.612125,0.477044368,R,dark,PV16_D
PV16,34,enriched,34.08318367,0.518694441,NP,light,PV16_L
PV16,34,enriched,33.84765434,0.995738808,GP,light,PV16_L
PV16,36,enriched,35.57398113,0.453616401,R,dark,PV16_D
PV16,36,enriched,35.90038776,0.434145638,NP,light,PV16_L
PV16,36,enriched,35.73718444,0.88776204,GP,light,PV16_L
PV16,37,enriched,36.86026531,0.380419273,R,dark,PV16_D
PV16,37,enriched,37.16785714,0.131448437,NP,light,PV16_L
PV16,37,enriched,37.01406122,0.51186771,GP,light,PV16_L
PV16,38,enriched,38.06516667,0.321798834,R,dark,PV16_D
PV2,20,enriched,20.04097959,0.453317574,R,dark,PV2_D
PV2,20,enriched,20.22810204,0.566997568,NP,light,PV2_L
PV2,20,enriched,20.13454082,1.020315142,GP,light,PV2_L
PV2,22,enriched,21.76934694,0.465039459,R,dark,PV2_D
PV2,22,enriched,22.15826531,0.732446979,NP,light,PV2_L
PV2,22,enriched,21.96380612,1.197486438,GP,light,PV2_L
PV2,24,enriched,23.87481633,0.516816409,R,dark,PV2_D
PV2,24,enriched,24.18730612,0.8273892,NP,light,PV2_L
PV2,24,enriched,24.03106122,1.344205609,GP,light,PV2_L
PV2,28,enriched,28.13738776,0.671607218,R,dark,PV2_D
PV2,28,enriched,28.04612245,0.967254274,NP,light,PV2_L
PV2,28,enriched,28.0917551,1.638861492,GP,light,PV2_L
PV2,30,enriched,29.98404082,0.721793649,R,dark,PV2_D
PV2,30,enriched,29.99359184,1.014062778,NP,light,PV2_L
PV2,30,enriched,29.98881633,1.735856427,GP,light,PV2_L
PV2,32,enriched,31.86883333,0.81400658,R,dark,PV2_D
PV2,32,enriched,31.95263265,0.943199345,NP,light,PV2_L
PV2,32,enriched,31.91073299,1.757205926,GP,light,PV2_L
PV2,34,enriched,33.96902041,0.825355642,R,dark,PV2_D
PV2,34,enriched,34.1697551,0.790054175,NP,light,PV2_L
PV2,34,enriched,34.06938776,1.615409817,GP,light,PV2_L
PV2,36,enriched,35.86867857,0.764919232,R,dark,PV2_D
PV2,36,enriched,35.88571429,0.464748233,NP,light,PV2_L
PV2,36,enriched,35.87719643,1.229667465,GP,light,PV2_L
PV2,37,enriched,36.89126531,0.606541834,R,dark,PV2_D
PV2,37,enriched,36.77220408,0.062902365,NP,light,PV2_L
PV2,37,enriched,36.83173469,0.669444198,GP,light,PV2_L
PV2,38,enriched,38.18332653,0.511736424,R,dark,PV2_D
PV2,39,enriched,39.04097959,0.467114984,R,dark,PV2_D
PV3,20,enriched,20.00136,0.728537412,R,dark,PV3_D
PV3,20,enriched,20.4065102,0.316303126,NP,light,PV3_L
PV3,20,enriched,20.2039351,1.044840538,GP,light,PV3_L
PV3,22,enriched,22.17040816,0.570036964,R,dark,PV3_D
PV3,22,enriched,22.18885714,0.41271132,NP,light,PV3_L
PV3,22,enriched,22.17963265,0.982748284,GP,light,PV3_L
PV3,24,enriched,24.14710204,0.640277105,R,dark,PV3_D
PV3,24,enriched,24.03457143,0.498038909,NP,light,PV3_L
PV3,24,enriched,24.09083673,1.138316014,GP,light,PV3_L
PV3,28,enriched,28.05802041,0.828194411,R,dark,PV3_D
PV3,28,enriched,28.34746939,0.558878657,NP,light,PV3_L
PV3,28,enriched,28.2027449,1.387073068,GP,light,PV3_L
PV3,30,enriched,30.08263265,0.902144954,R,dark,PV3_D
PV3,30,enriched,30.07607843,0.513325603,NP,light,PV3_L
PV3,30,enriched,30.07935554,1.415470557,GP,light,PV3_L
PV3,32,enriched,31.83908163,0.926542336,R,dark,PV3_D
PV3,32,enriched,31.98491837,0.483512909,NP,light,PV3_L
PV3,32,enriched,31.912,1.410055245,GP,light,PV3_L
PV3,34,enriched,33.85338776,1.141226819,R,dark,PV3_D
PV3,34,enriched,34.20038776,0.363869409,NP,light,PV3_L
PV3,34,enriched,34.02688776,1.505096228,GP,light,PV3_L
PV3,36,enriched,35.79642857,1.039475328,R,dark,PV3_D
PV3,36,enriched,35.99932,0.165190967,NP,light,PV3_L
PV3,36,enriched,35.89787429,1.204666295,GP,light,PV3_L
PV3,37,enriched,36.87171429,0.921254255,R,dark,PV3_D
PV3,37,enriched,36.76228571,0.011513263,NP,light,PV3_L
PV3,37,enriched,36.817,0.932767518,GP,light,PV3_L
PV3,38,enriched,38.1017551,0.80603845,R,dark,PV3_D
PV3,39,enriched,38.93071429,0.741685024,R,dark,PV3_D
PV4,20,enriched,20.15308163,0.303402,R,dark,PV4_D
PV4,20,enriched,20.34057143,0.352979478,NP,light,PV4_L
PV4,20,enriched,20.24682653,0.656381478,GP,light,PV4_L
PV4,22,enriched,22.05673469,0.328267063,R,dark,PV4_D
PV4,22,enriched,22.20522449,0.795105684,NP,light,PV4_L
PV4,22,enriched,22.13097959,1.123372747,GP,light,PV4_L
PV4,24,enriched,24.17588,0.378916882,R,dark,PV4_D
PV4,24,enriched,24.24918367,0.802223431,NP,light,PV4_L
PV4,24,enriched,24.21253184,1.181140313,GP,light,PV4_L
PV4,28,enriched,28.068,0.439262939,R,dark,PV4_D
PV4,28,enriched,28.14626,0.99630879,NP,light,PV4_L
PV4,28,enriched,28.10713,1.435571728,GP,light,PV4_L
PV4,30,enriched,29.96281633,0.499003705,R,dark,PV4_D
PV4,30,enriched,30.10710204,0.913431837,NP,light,PV4_L
PV4,30,enriched,30.03495918,1.412435542,GP,light,PV4_L
PV4,32,enriched,31.80834694,0.551704261,R,dark,PV4_D
PV4,32,enriched,31.94732653,0.863122187,NP,light,PV4_L
PV4,32,enriched,31.87783673,1.414826447,GP,light,PV4_L
PV4,34,enriched,34.00434694,0.66196667,R,dark,PV4_D
PV4,34,enriched,33.98053061,0.716299536,NP,light,PV4_L
PV4,34,enriched,33.99243878,1.378266206,GP,light,PV4_L
PV4,36,enriched,36.11595918,0.635701536,R,dark,PV4_D
PV4,36,enriched,36.08395918,0.304464218,NP,light,PV4_L
PV4,36,enriched,36.09995918,0.940165754,GP,light,PV4_L
PV4,37,enriched,36.82361224,0.538788105,R,dark,PV4_D
PV4,37,enriched,37.14254167,-0.150057116,NP,light,PV4_L
PV4,37,enriched,36.98307696,0.388730989,GP,light,PV4_L
PV4,38,enriched,38.06546939,0.497692853,R,dark,PV4_D
PV4,39,enriched,38.90261224,0.505856852,R,dark,PV4_D
PV5,20,enriched,20.19881633,0.414245863,R,dark,PV5_D
PV5,20,enriched,20.31795918,0.724747653,NP,light,PV5_L
PV5,20,enriched,20.25838776,1.138993516,GP,light,PV5_L
PV5,22,enriched,22.07710204,0.373955424,R,dark,PV5_D
PV5,22,enriched,22.26277551,1.110916034,NP,light,PV5_L
PV5,22,enriched,22.16993878,1.484871458,GP,light,PV5_L
PV5,24,enriched,24.2643,0.420055323,R,dark,PV5_D
PV5,24,enriched,24.1824898,1.140913403,NP,light,PV5_L
PV5,24,enriched,24.2233949,1.560968727,GP,light,PV5_L
PV5,28,enriched,28.19944898,0.484869635,R,dark,PV5_D
PV5,28,enriched,28.0282,1.086779808,NP,light,PV5_L
PV5,28,enriched,28.11382449,1.571649443,GP,light,PV5_L
PV5,30,enriched,29.95808163,0.584544822,R,dark,PV5_D
PV5,30,enriched,30.11787755,1.016774861,NP,light,PV5_L
PV5,30,enriched,30.03797959,1.601319684,GP,light,PV5_L
PV5,32,enriched,31.87216327,0.617869838,R,dark,PV5_D
PV5,32,enriched,31.97359184,0.981569126,NP,light,PV5_L
PV5,32,enriched,31.92287755,1.599438965,GP,light,PV5_L
PV5,34,enriched,33.90453061,0.760903908,R,dark,PV5_D
PV5,34,enriched,34.01706122,0.7658615,NP,light,PV5_L
PV5,34,enriched,33.96079592,1.526765408,GP,light,PV5_L
PV5,36,enriched,36.11885714,0.708076177,R,dark,PV5_D
PV5,36,enriched,36.10295918,0.41035428,NP,light,PV5_L
PV5,36,enriched,36.11090816,1.118430458,GP,light,PV5_L
PV5,37,enriched,36.87436735,0.618932585,R,dark,PV5_D
PV5,37,enriched,36.9796875,-0.003498051,NP,light,PV5_L
PV5,37,enriched,36.92702742,0.615434534,GP,light,PV5_L
PV5,38,enriched,38.09177551,0.54933752,R,dark,PV5_D
PV5,39,enriched,38.8969375,0.591025338,R,dark,PV5_D
PV6,20,enriched,19.96544,0.325786424,R,dark,PV6_D
PV6,20,enriched,20.27234694,0.460368399,NP,light,PV6_L
PV6,20,enriched,20.11889347,0.786154823,GP,light,PV6_L
PV6,22,enriched,21.81336735,0.273475889,R,dark,PV6_D
PV6,22,enriched,22.31614286,0.707592698,NP,light,PV6_L
PV6,22,enriched,22.0647551,0.981068587,GP,light,PV6_L
PV6,24,enriched,24.07826531,0.302993398,R,dark,PV6_D
PV6,24,enriched,24.03287755,0.886348381,NP,light,PV6_L
PV6,24,enriched,24.05557143,1.189341779,GP,light,PV6_L
PV6,28,enriched,27.78877551,0.351436028,R,dark,PV6_D
PV6,28,enriched,28.45653061,0.998728135,NP,light,PV6_L
PV6,28,enriched,28.12265306,1.350164163,GP,light,PV6_L
PV6,30,enriched,29.84163265,0.412683921,R,dark,PV6_D
PV6,30,enriched,30.1167451,1.006428361,NP,light,PV6_L
PV6,30,enriched,29.97918888,1.419112282,GP,light,PV6_L
PV6,32,enriched,31.76814286,0.468871629,R,dark,PV6_D
PV6,32,enriched,32.03030612,0.83550686,NP,light,PV6_L
PV6,32,enriched,31.89922449,1.304378489,GP,light,PV6_L
PV6,34,enriched,33.67283673,0.539416617,R,dark,PV6_D
PV6,34,enriched,34.21569388,0.704490326,NP,light,PV6_L
PV6,34,enriched,33.94426531,1.243906944,GP,light,PV6_L
PV6,36,enriched,35.74408163,0.531036309,R,dark,PV6_D
PV6,36,enriched,36.02688,0.375524566,NP,light,PV6_L
PV6,36,enriched,35.88548082,0.906560874,GP,light,PV6_L
PV6,37,enriched,36.75487755,0.475188427,R,dark,PV6_D
PV6,37,enriched,36.96240816,0.011387203,NP,light,PV6_L
PV6,37,enriched,36.85864286,0.48657563,GP,light,PV6_L
PV6,38,enriched,37.91271429,0.387598103,R,dark,PV6_D
PV6,39,enriched,38.74165306,0.396510728,R,dark,PV6_D
PV7,20,enriched,19.85334694,0.342000244,R,dark,PV7_D
PV7,20,enriched,20.11946939,0.641489474,NP,light,PV7_L
PV7,20,enriched,19.98640816,0.983489718,GP,light,PV7_L
PV7,22,enriched,21.6704898,0.417456626,R,dark,PV7_D
PV7,22,enriched,21.84791837,0.834652028,NP,light,PV7_L
PV7,22,enriched,21.75920408,1.252108654,GP,light,PV7_L
PV7,24,enriched,23.74128571,0.478871473,R,dark,PV7_D
PV7,24,enriched,24.0387551,0.905610884,NP,light,PV7_L
PV7,24,enriched,23.89002041,1.384482357,GP,light,PV7_L
PV7,28,enriched,27.98879592,0.611399003,R,dark,PV7_D
PV7,28,enriched,27.88030612,0.96521337,NP,light,PV7_L
PV7,28,enriched,27.93455102,1.576612373,GP,light,PV7_L
PV7,30,enriched,29.88516327,0.623276024,R,dark,PV7_D
PV7,30,enriched,29.82969388,0.966246003,NP,light,PV7_L
PV7,30,enriched,29.85742857,1.589522027,GP,light,PV7_L
PV7,32,enriched,31.71851852,0.714059772,R,dark,PV7_D
PV7,32,enriched,31.88479592,0.856029457,NP,light,PV7_L
PV7,32,enriched,31.80165722,1.570089229,GP,light,PV7_L
PV7,34,enriched,33.63263265,0.738433838,R,dark,PV7_D
PV7,34,enriched,34.03706122,0.597346176,NP,light,PV7_L
PV7,34,enriched,33.83484694,1.335780014,GP,light,PV7_L
PV7,36,enriched,35.91408929,0.74202325,R,dark,PV7_D
PV7,36,enriched,35.7597551,0.414263951,NP,light,PV7_L
PV7,36,enriched,35.83692219,1.156287201,GP,light,PV7_L
PV7,37,enriched,36.83457143,0.568322618,R,dark,PV7_D
PV7,37,enriched,36.59036735,0.090637229,NP,light,PV7_L
PV7,37,enriched,36.71246939,0.658959848,GP,light,PV7_L
PV7,38,enriched,38.02587755,0.51542322,R,dark,PV7_D
PV7,39,enriched,38.87885714,0.499559835,R,dark,PV7_D
PV8,20,enriched,20.14974,0.277727112,R,dark,PV8_D
PV8,20,enriched,20.20016327,0.361597427,NP,light,PV8_L
PV8,20,enriched,20.17495163,0.63932454,GP,light,PV8_L
PV8,22,enriched,22.07720408,0.237416076,R,dark,PV8_D
PV8,22,enriched,22.32102041,0.523481628,NP,light,PV8_L
PV8,22,enriched,22.19911224,0.760897703,GP,light,PV8_L
PV8,24,enriched,24.16487755,0.254911599,R,dark,PV8_D
PV8,24,enriched,24.1182449,0.700349951,NP,light,PV8_L
PV8,24,enriched,24.14156122,0.95526155,GP,light,PV8_L
PV8,28,enriched,28.1324898,0.294041824,R,dark,PV8_D
PV8,28,enriched,28.54371429,0.587267806,NP,light,PV8_L
PV8,28,enriched,28.33810204,0.881309629,GP,light,PV8_L
PV8,30,enriched,29.97581633,0.325904147,R,dark,PV8_D
PV8,30,enriched,30.15080392,0.744606569,NP,light,PV8_L
PV8,30,enriched,30.06331012,1.070510716,GP,light,PV8_L
PV8,32,enriched,31.95355102,0.376456997,R,dark,PV8_D
PV8,32,enriched,32.09928571,0.659953099,NP,light,PV8_L
PV8,32,enriched,32.02641837,1.036410096,GP,light,PV8_L
PV8,34,enriched,33.9307551,0.458454049,R,dark,PV8_D
PV8,34,enriched,34.28712245,0.592571361,NP,light,PV8_L
PV8,34,enriched,34.10893878,1.05102541,GP,light,PV8_L
PV8,36,enriched,35.92142857,0.4701514,R,dark,PV8_D
PV8,36,enriched,36.14864,0.371033191,NP,light,PV8_L
PV8,36,enriched,36.03503429,0.841184591,GP,light,PV8_L
PV8,37,enriched,36.67363265,0.434586178,R,dark,PV8_D
PV8,37,enriched,37.1542449,0.039941525,NP,light,PV8_L
PV8,37,enriched,36.91393878,0.474527703,GP,light,PV8_L
PV8,38,enriched,38.25640816,0.366962306,R,dark,PV8_D
PV8,39,enriched,39.09434694,0.33398133,R,dark,PV8_D
PV9,20,enriched,20.20104082,0.351141013,R,dark,PV9_D
PV9,20,enriched,20.09142857,0.378883125,NP,light,PV9_L
PV9,20,enriched,20.14623469,0.730024138,GP,light,PV9_L
PV9,22,enriched,22.11267347,0.341722018,R,dark,PV9_D
PV9,22,enriched,22.22636735,0.723232869,NP,light,PV9_L
PV9,22,enriched,22.16952041,1.064954887,GP,light,PV9_L
PV9,24,enriched,24.32692,0.408491712,R,dark,PV9_D
PV9,24,enriched,24.06014286,0.845139687,NP,light,PV9_L
PV9,24,enriched,24.19353143,1.253631399,GP,light,PV9_L
PV9,28,enriched,28.28455102,0.492179027,R,dark,PV9_D
PV9,28,enriched,28.08757143,0.741060624,NP,light,PV9_L
PV9,28,enriched,28.18606122,1.233239651,GP,light,PV9_L
PV9,30,enriched,30.05885714,0.550881618,R,dark,PV9_D
PV9,30,enriched,30.07255102,0.979064766,NP,light,PV9_L
PV9,30,enriched,30.06570408,1.529946384,GP,light,PV9_L
PV9,32,enriched,31.97408163,0.561660941,R,dark,PV9_D
PV9,32,enriched,31.93879592,0.630004316,NP,light,PV9_L
PV9,32,enriched,31.95643878,1.191665256,GP,light,PV9_L
PV9,34,enriched,34.10228571,0.698640177,R,dark,PV9_D
PV9,34,enriched,33.9465102,0.553778085,NP,light,PV9_L
PV9,34,enriched,34.02439796,1.252418261,GP,light,PV9_L
PV9,36,enriched,36.30267347,0.549162998,R,dark,PV9_D
PV9,36,enriched,36.06067347,0.260907061,NP,light,PV9_L
PV9,36,enriched,36.18167347,0.810070058,GP,light,PV9_L
PV9,37,enriched,37.02828571,0.434663386,R,dark,PV9_D
PV9,37,enriched,37.08810417,-0.253402535,NP,light,PV9_L
PV9,37,enriched,37.05819494,0.181260851,GP,light,PV9_L
PV9,38,enriched,37.99406122,0.353710132,R,dark,PV9_D
PV9,39,enriched,39.22685417,0.244674623,R,dark,PV9_D