location,experiment,treatment,average_pH_nbs,average_pH_total,prod-ug_day_mm2,salinity,temp,Maximum_PAR,Daily_light_sum,pCO2,HCO3_umol,CO2_umol
PNG,MilneBay1_1,control,8.18,8.03,2.358169363,35.1,27.8,291,4.99,400,1736.6,10.6
PNG,MilneBay1_1,control,8.18,8.03,1.819606555,35.1,27.8,291,4.99,400,1736.6,10.6
PNG,MilneBay1_1,control,8.18,8.03,2.318404919,35.1,27.8,291,4.99,400,1736.6,10.6
PNG,MilneBay1_1,control,8.18,8.03,1.309949571,35.1,27.8,291,4.99,400,1736.6,10.6
PNG,MilneBay1_1,control,8.18,8.03,1.46983921,35.1,27.8,291,4.99,400,1736.6,10.6
PNG,MilneBay1_1,control,8.18,8.03,1.645501647,35.1,27.8,291,4.99,400,1736.6,10.6
PNG,MilneBay1_1,control,8.18,8.03,1.043105492,35.1,27.8,291,4.99,400,1736.6,10.6
PNG,MilneBay1_1,control,8.18,8.03,1.232995645,35.1,27.8,291,4.99,400,1736.6,10.6
PNG,MilneBay1_1,control,8.18,8.03,1.303726977,35.1,27.8,291,4.99,400,1736.6,10.6
PNG,MilneBay1_1,impact,8.14,7.99,1.522727377,35.1,27.8,291,4.99,454,1786.1,12
PNG,MilneBay1_1,impact,8.14,7.99,1.853688905,35.1,27.8,291,4.99,454,1786.1,12
PNG,MilneBay1_1,impact,8.14,7.99,2.048299492,35.1,27.8,291,4.99,454,1786.1,12
PNG,MilneBay1_1,impact,8.14,7.99,1.998711203,35.1,27.8,291,4.99,454,1786.1,12
PNG,MilneBay1_1,impact,8.14,7.99,1.842968623,35.1,27.8,291,4.99,454,1786.1,12
PNG,MilneBay1_1,impact,8.14,7.99,1.242231398,35.1,27.8,291,4.99,454,1786.1,12
PNG,MilneBay1_1,impact,8.14,7.99,1.052856257,35.1,27.8,291,4.99,454,1786.1,12
PNG,MilneBay1_1,impact,8.14,7.99,1.425047424,35.1,27.8,291,4.99,454,1786.1,12
PNG,MilneBay1_1,impact,8.14,7.99,0.72765902,35.1,27.8,291,4.99,454,1786.1,12
PNG,MilneBay1_2,control,8.18,8.03,1.409026961,34.8,27.8,257,4.09,394,1727.8,10.4
PNG,MilneBay1_2,control,8.18,8.03,0.608744114,34.8,27.8,257,4.09,394,1727.8,10.4
PNG,MilneBay1_2,control,8.18,8.03,0.760930142,34.8,27.8,257,4.09,394,1727.8,10.4
PNG,MilneBay1_2,control,8.18,8.03,1.624667285,34.8,27.8,257,4.09,394,1727.8,10.4
PNG,MilneBay1_2,control,8.18,8.03,1.968714474,34.8,27.8,257,4.09,394,1727.8,10.4
PNG,MilneBay1_2,control,8.18,8.03,1.701780469,34.8,27.8,257,4.09,394,1727.8,10.4
PNG,MilneBay1_2,control,8.18,8.03,1.395302492,34.8,27.8,257,4.09,394,1727.8,10.4
PNG,MilneBay1_2,control,8.18,8.03,0.553716126,34.8,27.8,257,4.09,394,1727.8,10.4
PNG,MilneBay1_2,control,8.18,8.03,1.107182474,34.8,27.8,257,4.09,394,1727.8,10.4
PNG,MilneBay1_2,impact,8.16,8.01,0.766894725,34.7,27.8,257,4.09,420,1696.6,11.1
PNG,MilneBay1_2,impact,8.16,8.01,1.071418196,34.7,27.8,257,4.09,420,1696.6,11.1
PNG,MilneBay1_2,impact,8.16,8.01,0.531207341,34.7,27.8,257,4.09,420,1696.6,11.1
PNG,MilneBay1_2,impact,8.16,8.01,1.687189253,34.7,27.8,257,4.09,420,1696.6,11.1
PNG,MilneBay1_2,impact,8.16,8.01,2.019528854,34.7,27.8,257,4.09,420,1696.6,11.1
PNG,MilneBay1_2,impact,8.16,8.01,1.130973015,34.7,27.8,257,4.09,420,1696.6,11.1
PNG,MilneBay1_2,impact,8.16,8.01,1.024014693,34.7,27.8,257,4.09,420,1696.6,11.1
PNG,MilneBay1_2,impact,8.16,8.01,0.668258283,34.7,27.8,257,4.09,420,1696.6,11.1
PNG,MilneBay2_1,control,8.23,8.08,-0.065947279,33.4,29.9,423,6.64,496,1760.1,12.6
PNG,MilneBay2_1,control,8.23,8.08,-0.942658164,33.4,29.9,423,6.64,496,1760.1,12.6
PNG,MilneBay2_1,control,8.23,8.08,-0.398627384,33.4,29.9,423,6.64,496,1760.1,12.6
PNG,MilneBay2_1,control,8.23,8.08,-0.25159883,33.4,29.9,423,6.64,496,1760.1,12.6
PNG,MilneBay2_1,control,8.23,8.08,-0.786889787,33.4,29.9,423,6.64,496,1760.1,12.6
PNG,MilneBay2_1,control,8.23,8.08,-0.165320356,33.4,29.9,423,6.64,496,1760.1,12.6
PNG,MilneBay2_1,control,8.23,8.08,-0.30890785,33.4,29.9,423,6.64,496,1760.1,12.6
PNG,MilneBay2_1,control,8.23,8.08,-0.11327214,33.4,29.9,423,6.64,496,1760.1,12.6
PNG,MilneBay2_1,control,8.23,8.08,-1.340282519,33.4,29.9,423,6.64,496,1760.1,12.6
PNG,MilneBay2_1,control,8.23,8.08,-1.087915524,33.4,29.9,423,6.64,496,1760.1,12.6
PNG,MilneBay2_1,control,8.23,8.08,-1.501539491,33.4,29.9,423,6.64,496,1760.1,12.6
PNG,MilneBay2_1,control,8.23,8.08,0.17565523,33.4,29.9,423,6.64,496,1760.1,12.6
PNG,MilneBay2_1,impact,7.69,7.55,1.418144919,33.2,29.9,423,6.64,1786,2126.3,45.3
PNG,MilneBay2_1,impact,7.69,7.55,-0.28548792,33.2,29.9,423,6.64,1786,2126.3,45.3
PNG,MilneBay2_1,impact,7.69,7.55,0.364495231,33.2,29.9,423,6.64,1786,2126.3,45.3
PNG,MilneBay2_1,impact,7.69,7.55,-0.315358612,33.2,29.9,423,6.64,1786,2126.3,45.3
PNG,MilneBay2_1,impact,7.69,7.55,0.622433144,33.2,29.9,423,6.64,1786,2126.3,45.3
PNG,MilneBay2_1,impact,7.69,7.55,0.036367985,33.2,29.9,423,6.64,1786,2126.3,45.3
PNG,MilneBay2_1,impact,7.69,7.55,-0.463221882,33.2,29.9,423,6.64,1786,2126.3,45.3
PNG,MilneBay2_1,impact,7.69,7.55,0.173758149,33.2,29.9,423,6.64,1786,2126.3,45.3
PNG,MilneBay2_1,impact,7.69,7.55,0.044514413,33.2,29.9,423,6.64,1786,2126.3,45.3
PNG,MilneBay2_1,impact,7.69,7.55,1.118938628,33.2,29.9,423,6.64,1786,2126.3,45.3
PNG,MilneBay2_1,impact,7.69,7.55,0.06257974,33.2,29.9,423,6.64,1786,2126.3,45.3
PNG,MilneBay2_1,impact,7.69,7.55,0.675348298,33.2,29.9,423,6.64,1786,2126.3,45.3
PNG,MilneBay2_2,control,8.25,8.1,0.877786321,35.7,29.5,365,5.23,417,1699.4,10.6
PNG,MilneBay2_2,control,8.25,8.1,0.7589535,35.7,29.5,365,5.23,417,1699.4,10.6
PNG,MilneBay2_2,control,8.25,8.1,0.317314606,35.7,29.5,365,5.23,417,1699.4,10.6
PNG,MilneBay2_2,control,8.25,8.1,0.417123224,35.7,29.5,365,5.23,417,1699.4,10.6
PNG,MilneBay2_2,control,8.25,8.1,0.319545506,35.7,29.5,365,5.23,417,1699.4,10.6
PNG,MilneBay2_2,control,8.25,8.1,0.619067455,35.7,29.5,365,5.23,417,1699.4,10.6
PNG,MilneBay2_2,control,8.25,8.1,0.651898647,35.7,29.5,365,5.23,417,1699.4,10.6
PNG,MilneBay2_2,control,8.25,8.1,0.593782509,35.7,29.5,365,5.23,417,1699.4,10.6
PNG,MilneBay2_2,control,8.25,8.1,-0.211473321,35.7,29.5,365,5.23,417,1699.4,10.6
PNG,MilneBay2_2,control,8.25,8.1,0.02029511,35.7,29.5,365,5.23,417,1699.4,10.6
PNG,MilneBay2_2,control,8.25,8.1,-0.54,35.7,29.5,365,5.23,417,1699.4,10.6
PNG,MilneBay2_2,control,8.25,8.1,-0.393535342,35.7,29.5,365,5.23,417,1699.4,10.6
PNG,MilneBay2_2,impact,7.89,7.74,0.71034926,35.7,29.5,365,5.23,1238,2044.8,31.3
PNG,MilneBay2_2,impact,7.89,7.74,0.588080323,35.7,29.5,365,5.23,1238,2044.8,31.3
PNG,MilneBay2_2,impact,7.89,7.74,0.244748274,35.7,29.5,365,5.23,1238,2044.8,31.3
PNG,MilneBay2_2,impact,7.89,7.74,0.181568577,35.7,29.5,365,5.23,1238,2044.8,31.3
PNG,MilneBay2_2,impact,7.89,7.74,0.290052584,35.7,29.5,365,5.23,1238,2044.8,31.3
PNG,MilneBay2_2,impact,7.89,7.74,0.566757895,35.7,29.5,365,5.23,1238,2044.8,31.3
PNG,MilneBay2_2,impact,7.89,7.74,1.054689726,35.7,29.5,365,5.23,1238,2044.8,31.3
PNG,MilneBay2_2,impact,7.89,7.74,0.990243787,35.7,29.5,365,5.23,1238,2044.8,31.3
PNG,MilneBay2_2,impact,7.89,7.74,0.635019772,35.7,29.5,365,5.23,1238,2044.8,31.3
PNG,MilneBay2_2,impact,7.89,7.74,0.549916261,35.7,29.5,365,5.23,1238,2044.8,31.3
PNG,MilneBay2_2,impact,7.89,7.74,0.286070199,35.7,29.5,365,5.23,1238,2044.8,31.3
GBR,Orpheus1_1,control,8.11,7.96,1.67556539,35,26.1,384,6.54,491,1836.6,13.5
GBR,Orpheus1_1,control,8.11,7.96,1.301973853,35,26.1,384,6.54,491,1836.6,13.5
GBR,Orpheus1_1,control,8.11,7.96,2.105637869,35,26.1,384,6.54,491,1836.6,13.5
GBR,Orpheus1_1,control,8.11,7.96,1.251949496,35,26.1,384,6.54,491,1836.6,13.5
GBR,Orpheus1_1,control,8.11,7.96,2.105158456,35,26.1,384,6.54,491,1836.6,13.5
GBR,Orpheus1_1,control,8.11,7.96,2.293805011,35,26.1,384,6.54,491,1836.6,13.5
GBR,Orpheus1_1,control,8.11,7.96,1.391708875,35,26.1,384,6.54,491,1836.6,13.5
GBR,Orpheus1_1,control,8.11,7.96,0.434569828,35,26.1,384,6.54,491,1836.6,13.5
GBR,Orpheus1_1,control,8.11,7.96,1.468052724,35,26.1,384,6.54,491,1836.6,13.5
GBR,Orpheus1_1,control,8.11,7.96,1.214444054,35,26.1,384,6.54,491,1836.6,13.5
GBR,Orpheus1_1,control,8.11,7.96,0.292588762,35,26.1,384,6.54,491,1836.6,13.5
GBR,Orpheus1_1,control,8.11,7.96,0.400817581,35,26.1,384,6.54,491,1836.6,13.5
GBR,Orpheus1_1,impact,7.51,7.36,1.368897728,35,26,384,6.54,2314,2174.9,63.9
GBR,Orpheus1_1,impact,7.51,7.36,1.973346601,35,26,384,6.54,2314,2174.9,63.9
GBR,Orpheus1_1,impact,7.51,7.36,2.397387552,35,26,384,6.54,2314,2174.9,63.9
GBR,Orpheus1_1,impact,7.51,7.36,2.156336442,35,26,384,6.54,2314,2174.9,63.9
GBR,Orpheus1_1,impact,7.51,7.36,2.091847689,35,26,384,6.54,2314,2174.9,63.9
GBR,Orpheus1_1,impact,7.51,7.36,1.944611127,35,26,384,6.54,2314,2174.9,63.9
GBR,Orpheus1_1,impact,7.51,7.36,0.987542859,35,26,384,6.54,2314,2174.9,63.9
GBR,Orpheus1_1,impact,7.51,7.36,2.242343959,35,26,384,6.54,2314,2174.9,63.9
GBR,Orpheus1_1,impact,7.51,7.36,2.261326483,35,26,384,6.54,2314,2174.9,63.9
GBR,Orpheus1_1,impact,7.51,7.36,2.030720184,35,26,384,6.54,2314,2174.9,63.9
GBR,Orpheus1_1,impact,7.51,7.36,2.500058898,35,26,384,6.54,2314,2174.9,63.9
GBR,Orpheus1_1,impact,7.51,7.36,2.768562412,35,26,384,6.54,2314,2174.9,63.9
GBR,Orpheus1_2,control,8.1,7.95,1.17257479,35,25.8,222,3.14,504,1846.9,14
GBR,Orpheus1_2,control,8.1,7.95,0.855105053,35,25.8,222,3.14,504,1846.9,14
GBR,Orpheus1_2,control,8.1,7.95,1.112454919,35,25.8,222,3.14,504,1846.9,14
GBR,Orpheus1_2,control,8.1,7.95,0.579372442,35,25.8,222,3.14,504,1846.9,14
GBR,Orpheus1_2,control,8.1,7.95,0.894373144,35,25.8,222,3.14,504,1846.9,14
GBR,Orpheus1_2,control,8.1,7.95,0.589792646,35,25.8,222,3.14,504,1846.9,14
GBR,Orpheus1_2,control,8.1,7.95,0.331994863,35,25.8,222,3.14,504,1846.9,14
GBR,Orpheus1_2,control,8.1,7.95,0.029656315,35,25.8,222,3.14,504,1846.9,14
GBR,Orpheus1_2,control,8.1,7.95,0.533149215,35,25.8,222,3.14,504,1846.9,14
GBR,Orpheus1_2,control,8.1,7.95,0.533180596,35,25.8,222,3.14,504,1846.9,14
GBR,Orpheus1_2,control,8.1,7.95,0.450280976,35,25.8,222,3.14,504,1846.9,14
GBR,Orpheus1_2,impact,7.8,7.75,0.704202808,35,25.7,222,3.14,1117,2052.9,31
GBR,Orpheus1_2,impact,7.8,7.75,1.237361317,35,25.7,222,3.14,1117,2052.9,31
GBR,Orpheus1_2,impact,7.8,7.75,1.061751192,35,25.7,222,3.14,1117,2052.9,31
GBR,Orpheus1_2,impact,7.8,7.75,1.795462634,35,25.7,222,3.14,1117,2052.9,31
GBR,Orpheus1_2,impact,7.8,7.75,1.683240708,35,25.7,222,3.14,1117,2052.9,31
GBR,Orpheus1_2,impact,7.8,7.75,0.791924306,35,25.7,222,3.14,1117,2052.9,31
GBR,Orpheus1_2,impact,7.8,7.75,0.460123847,35,25.7,222,3.14,1117,2052.9,31
GBR,Orpheus1_2,impact,7.8,7.75,0.922888267,35,25.7,222,3.14,1117,2052.9,31
GBR,Orpheus1_2,impact,7.8,7.75,1.05764504,35,25.7,222,3.14,1117,2052.9,31
GBR,Orpheus1_2,impact,7.8,7.75,1.280347293,35,25.7,222,3.14,1117,2052.9,31
GBR,Orpheus1_2,impact,7.8,7.75,0.966262325,35,25.7,222,3.14,1117,2052.9,31
GBR,Orpheus1_2,impact,7.8,7.75,1.226308288,35,25.7,222,3.14,1117,2052.9,31
GBR,Orpheus2_1,control,8.2,8.05,1.503919655,31.5,29.2,371,9.4,431,1592.9,9.5
GBR,Orpheus2_1,control,8.2,8.05,1.841630732,31.5,29.2,371,9.4,431,1592.9,9.5
GBR,Orpheus2_1,control,8.2,8.05,2.54120594,31.5,29.2,371,9.4,431,1592.9,9.5
GBR,Orpheus2_1,control,8.2,8.05,2.322883295,31.5,29.2,371,9.4,431,1592.9,9.5
GBR,Orpheus2_1,control,8.2,8.05,1.609221717,31.5,29.2,371,9.4,431,1592.9,9.5
GBR,Orpheus2_1,control,8.2,8.05,2.462218184,31.5,29.2,371,9.4,431,1592.9,9.5
GBR,Orpheus2_1,control,8.2,8.05,1.686391992,31.5,29.2,371,9.4,431,1592.9,9.5
GBR,Orpheus2_1,control,8.2,8.05,2.357926296,31.5,29.2,371,9.4,431,1592.9,9.5
GBR,Orpheus2_1,control,8.2,8.05,2.619479482,31.5,29.2,371,9.4,431,1592.9,9.5
GBR,Orpheus2_1,control,8.2,8.05,1.489672038,31.5,29.2,371,9.4,431,1592.9,9.5
GBR,Orpheus2_1,control,8.2,8.05,1.013356251,31.5,29.2,371,9.4,431,1592.9,9.5
GBR,Orpheus2_1,control,8.2,8.05,2.156682108,31.5,29.2,371,9.4,431,1592.9,9.5
GBR,Orpheus2_1,impact,7.51,7.36,6.013789389,31.5,29.2,371,9.4,1969,1979,58.4
GBR,Orpheus2_1,impact,7.51,7.36,4.34438491,31.5,29.2,371,9.4,1969,1979,58.4
GBR,Orpheus2_1,impact,7.51,7.36,3.942522761,31.5,29.2,371,9.4,1969,1979,58.4
GBR,Orpheus2_1,impact,7.51,7.36,3.261970905,31.5,29.2,371,9.4,1969,1979,58.4
GBR,Orpheus2_1,impact,7.51,7.36,3.650454355,31.5,29.2,371,9.4,1969,1979,58.4
GBR,Orpheus2_1,impact,7.51,7.36,4.256908268,31.5,29.2,371,9.4,1969,1979,58.4
GBR,Orpheus2_1,impact,7.51,7.36,4.359101478,31.5,29.2,371,9.4,1969,1979,58.4
GBR,Orpheus2_1,impact,7.51,7.36,4.019114102,31.5,29.2,371,9.4,1969,1979,58.4
GBR,Orpheus2_1,impact,7.51,7.36,3.547963609,31.5,29.2,371,9.4,1969,1979,58.4
GBR,Orpheus2_1,impact,7.51,7.36,2.673141375,31.5,29.2,371,9.4,1969,1979,58.4
GBR,Orpheus2_1,impact,7.51,7.36,3.95331821,31.5,29.2,371,9.4,1969,1979,58.4
GBR,Orpheus2_1,impact,7.51,7.36,3.777018942,31.5,29.2,371,9.4,1969,1979,58.4
GBR,Orpheus2_2,control,8.21,8.06,2.710490387,31.7,29.3,425,10.73,419,1591.3,9.3
GBR,Orpheus2_2,control,8.21,8.06,2.8670171,31.7,29.3,425,10.73,419,1591.3,9.3
GBR,Orpheus2_2,control,8.21,8.06,2.341719271,31.7,29.3,425,10.73,419,1591.3,9.3
GBR,Orpheus2_2,control,8.21,8.06,2.921026842,31.7,29.3,425,10.73,419,1591.3,9.3
GBR,Orpheus2_2,control,8.21,8.06,3.110060936,31.7,29.3,425,10.73,419,1591.3,9.3
GBR,Orpheus2_2,control,8.21,8.06,2.749508132,31.7,29.3,425,10.73,419,1591.3,9.3
GBR,Orpheus2_2,control,8.21,8.06,2.97011479,31.7,29.3,425,10.73,419,1591.3,9.3
GBR,Orpheus2_2,control,8.21,8.06,2.519549133,31.7,29.3,425,10.73,419,1591.3,9.3
GBR,Orpheus2_2,control,8.21,8.06,3.184487382,31.7,29.3,425,10.73,419,1591.3,9.3
GBR,Orpheus2_2,control,8.21,8.06,1.917140503,31.7,29.3,425,10.73,419,1591.3,9.3
GBR,Orpheus2_2,control,8.21,8.06,2.275193133,31.7,29.3,425,10.73,419,1591.3,9.3
GBR,Orpheus2_2,control,8.21,8.06,2.481229311,31.7,29.3,425,10.73,419,1591.3,9.3
GBR,Orpheus2_2,impact,7.58,7.43,5.417488723,31.7,29.2,425,10.73,1857,1987.7,51.6
GBR,Orpheus2_2,impact,7.58,7.43,5.868261583,31.7,29.2,425,10.73,1857,1987.7,51.6
GBR,Orpheus2_2,impact,7.58,7.43,4.339751711,31.7,29.2,425,10.73,1857,1987.7,51.6
GBR,Orpheus2_2,impact,7.58,7.43,3.933262689,31.7,29.2,425,10.73,1857,1987.7,51.6
GBR,Orpheus2_2,impact,7.58,7.43,5.332281198,31.7,29.2,425,10.73,1857,1987.7,51.6
GBR,Orpheus2_2,impact,7.58,7.43,4.872263325,31.7,29.2,425,10.73,1857,1987.7,51.6
GBR,Orpheus2_2,impact,7.58,7.43,4.548426471,31.7,29.2,425,10.73,1857,1987.7,51.6
GBR,Orpheus2_2,impact,7.58,7.43,4.549893757,31.7,29.2,425,10.73,1857,1987.7,51.6
GBR,Orpheus2_2,impact,7.58,7.43,4.97340994,31.7,29.2,425,10.73,1857,1987.7,51.6
GBR,Orpheus2_2,impact,7.58,7.43,3.500079359,31.7,29.2,425,10.73,1857,1987.7,51.6
GBR,Orpheus2_2,impact,7.58,7.43,4.165295888,31.7,29.2,425,10.73,1857,1987.7,51.6
GBR,Orpheus2_2,impact,7.58,7.43,3.914807264,31.7,29.2,425,10.73,1857,1987.7,51.6
