tpc_grp,lichen_type,elevation_broad,latitude,species,mol_gCmin,inv_T,temp,metabolic_category,study_id
1_zotz2003,green algae,neutral,9,endosulphureum,7.35638298e-7,40.9836416088657,10,gpp,zotz2003
1_zotz2003,green algae,neutral,9,endosulphureum,9.590425536e-7,40.27249044438772,15,gpp,zotz2003
1_zotz2003,green algae,neutral,9,endosulphureum,1.5510638280000001e-6,39.58559823145258,20,gpp,zotz2003
1_zotz2003,green algae,neutral,9,endosulphureum,1.4952127680000003e-6,38.92174449622782,25,gpp,zotz2003
1_zotz2003,green algae,neutral,9,endosulphureum,1.316489364e-6,38.27978928434875,30,gpp,zotz2003
1_zotz2003,green algae,neutral,9,endosulphureum,1.0707446808e-6,37.65866662842876,35,gpp,zotz2003
3_lange2002_flora_i,green algae,neutral,49.9174,muralis,0.0103978490516129,42.17524303670842,2,gpp,lange2002_flora_i
3_lange2002_flora_i,green algae,neutral,49.9174,muralis,0.01456933339548387,41.42251694288889,7,gpp,lange2002_flora_i
3_lange2002_flora_i,green algae,neutral,49.9174,muralis,0.013097104529032257,41.42251694288889,7,gpp,lange2002_flora_i
3_lange2002_flora_i,green algae,neutral,49.9174,muralis,0.01726833504,40.696188397511214,12,gpp,lange2002_flora_i
3_lange2002_flora_i,green algae,neutral,49.9174,muralis,0.016354664729032256,40.696188397511214,12,gpp,lange2002_flora_i
3_lange2002_flora_i,green algae,neutral,49.9174,muralis,0.018850600321935484,39.99489271601007,17,gpp,lange2002_flora_i
3_lange2002_flora_i,green algae,neutral,49.9174,muralis,0.018495234733548388,39.99489271601007,17,gpp,lange2002_flora_i
3_lange2002_flora_i,green algae,neutral,49.9174,muralis,0.018190635658064516,39.99489271601007,17,gpp,lange2002_flora_i
3_lange2002_flora_i,green algae,neutral,49.9174,muralis,0.019671367916129032,39.31735768778696,22,gpp,lange2002_flora_i
3_lange2002_flora_i,green algae,neutral,49.9174,muralis,0.019070673154838704,38.66239587389746,27,gpp,lange2002_flora_i
2_green1998,green algae,neutral,-77.01,aprina,0.030734316735483866,42.4840495022893,0,gpp,green1998
2_green1998,green algae,neutral,-77.01,aprina,0.04318366023870967,41.720359955241136,5,gpp,green1998
2_green1998,green algae,neutral,-77.01,aprina,0.05952342356129031,40.9836416088657,10,gpp,green1998
2_green1998,green algae,neutral,-77.01,aprina,0.058745339593548385,40.27249044438772,15,gpp,green1998
2_green1998,green algae,neutral,-77.01,aprina,0.055243961748387096,39.58559823145258,20,gpp,green1998
1_aubert_2007,green algae,high,44.6008723,elegans,8.211032774000001e-7,42.17524303670842,2,npp,aubert_2007
1_aubert_2007,green algae,high,44.6008723,elegans,1.2873105782000001e-6,41.720359955241136,5,npp,aubert_2007
1_aubert_2007,green algae,high,44.6008723,elegans,1.5652415334000001e-6,40.9836416088657,10,npp,aubert_2007
1_aubert_2007,green algae,high,44.6008723,elegans,1.3591850368000001e-6,40.27249044438772,15,npp,aubert_2007
1_aubert_2007,green algae,high,44.6008723,elegans,9.999293626e-7,39.58559823145258,20,npp,aubert_2007
1_aubert_2007,green algae,high,44.6008723,elegans,4.6658314560000004e-7,38.92174449622782,25,npp,aubert_2007
1_aubert_2007,green algae,high,44.6008723,elegans,-1.2945382576e-7,38.27978928434875,30,npp,aubert_2007
1_colesie2018,cyanobacteria,neutral,-62,alpinum,2.295652176e-4,41.720359955241136,5,npp,colesie2018
1_colesie2018,cyanobacteria,neutral,-62,alpinum,2.573913048e-4,40.27249044438772,15,npp,colesie2018
1_colesie2018,cyanobacteria,neutral,-62,alpinum,2.295652176e-4,39.18459605453426,23,npp,colesie2018
2_colesie2018,green algae,neutral,-62,aurantiaco-atra,9.043478279999999e-5,41.720359955241136,5,npp,colesie2018
2_colesie2018,green algae,neutral,-62,aurantiaco-atra,1.1130434759999999e-4,40.27249044438772,15,npp,colesie2018
2_colesie2018,green algae,neutral,-62,aurantiaco-atra,-9.739130400000001e-5,39.18459605453426,23,npp,colesie2018
3_colesie2018,cyanobacteria,neutral,-62,contortuplicata,1.5304347839999999e-4,41.720359955241136,5,npp,colesie2018
3_colesie2018,cyanobacteria,neutral,-62,contortuplicata,1.8782608679999998e-4,40.27249044438772,15,npp,colesie2018
3_colesie2018,cyanobacteria,neutral,-62,contortuplicata,1.04347824e-5,39.18459605453426,23,npp,colesie2018
1_delprado_1995,green algae,neutral,36.834,lacunosus,-4.977412727999999e-8,42.4840495022893,0,npp,delprado_1995
1_delprado_1995,green algae,neutral,36.834,lacunosus,-7.93429158e-8,41.720359955241136,5,npp,delprado_1995
1_delprado_1995,green algae,neutral,36.834,lacunosus,-1.2665297736e-7,40.9836416088657,10,npp,delprado_1995
1_delprado_1995,green algae,neutral,36.834,lacunosus,-3.0997946615999997e-7,40.27249044438772,15,npp,delprado_1995
1_delprado_1995,green algae,neutral,36.834,lacunosus,-4.341683778e-7,39.58559823145258,20,npp,delprado_1995
1_delprado_1995,green algae,neutral,36.834,lacunosus,-4.814784394799999e-7,38.92174449622782,25,npp,delprado_1995
1_delprado_1995,green algae,neutral,36.834,lacunosus,-5.1104722788e-7,38.27978928434875,30,npp,delprado_1995
9_delprado_1995,green algae,neutral,36.834,bourgeana,-5.625383831999999e-8,42.4840495022893,0,npp,delprado_1995
9_delprado_1995,green algae,neutral,36.834,bourgeana,-8.573183207999999e-8,41.720359955241136,5,npp,delprado_1995
9_delprado_1995,green algae,neutral,36.834,bourgeana,-1.5647901743999996e-7,40.9836416088657,10,npp,delprado_1995
9_delprado_1995,green algae,neutral,36.834,bourgeana,-2.8912998971999993e-7,40.27249044438772,15,npp,delprado_1995
9_delprado_1995,green algae,neutral,36.834,bourgeana,-4.5420675539999995e-7,39.58559823145258,20,npp,delprado_1995
9_delprado_1995,green algae,neutral,36.834,bourgeana,-6.4286591604e-7,38.92174449622782,25,npp,delprado_1995
9_delprado_1995,green algae,neutral,36.834,bourgeana,-8.934288638399999e-7,38.27978928434875,30,npp,delprado_1995
1_domaschke_2013,green algae,neutral,49.58,aculeata,1.2125786159999998e-7,42.4840495022893,0,npp,domaschke_2013
1_domaschke_2013,green algae,neutral,49.58,aculeata,3.7886792447999996e-7,41.720359955241136,5,npp,domaschke_2013
1_domaschke_2013,green algae,neutral,49.58,aculeata,7.532075471999998e-7,40.9836416088657,10,npp,domaschke_2013
1_domaschke_2013,green algae,neutral,49.58,aculeata,6.525786163199999e-7,40.27249044438772,15,npp,domaschke_2013
1_domaschke_2013,green algae,neutral,49.58,aculeata,9.383647798799999e-7,39.58559823145258,20,npp,domaschke_2013
1_domaschke_2013,green algae,neutral,49.58,aculeata,8.659119496799999e-7,38.92174449622782,25,npp,domaschke_2013
1_domaschke_2013,green algae,neutral,49.58,aculeata,2.460377358e-7,38.27978928434875,30,npp,domaschke_2013
2_domaschke_2013,green algae,neutral,41.39,aculeata,1.5345911951999996e-7,42.4840495022893,0,npp,domaschke_2013
2_domaschke_2013,green algae,neutral,41.39,aculeata,3.0238993716e-7,41.720359955241136,5,npp,domaschke_2013
2_domaschke_2013,green algae,neutral,41.39,aculeata,6.203773585199999e-7,40.9836416088657,10,npp,domaschke_2013
2_domaschke_2013,green algae,neutral,41.39,aculeata,5.116981131599999e-7,40.27249044438772,15,npp,domaschke_2013
2_domaschke_2013,green algae,neutral,41.39,aculeata,6.1232704404e-7,39.58559823145258,20,npp,domaschke_2013
2_domaschke_2013,green algae,neutral,41.39,aculeata,4.4327044019999997e-7,38.92174449622782,25,npp,domaschke_2013
2_domaschke_2013,green algae,neutral,41.39,aculeata,1.4138364779999997e-7,38.27978928434875,30,npp,domaschke_2013
3_domaschke_2013,green algae,neutral,-62.24,aculeata,1.6603773599999995e-8,42.4840495022893,0,npp,domaschke_2013
3_domaschke_2013,green algae,neutral,-62.24,aculeata,4.477987416e-8,41.720359955241136,5,npp,domaschke_2013
3_domaschke_2013,green algae,neutral,-62.24,aculeata,1.0918238987999997e-7,40.9836416088657,10,npp,domaschke_2013
3_domaschke_2013,green algae,neutral,-62.24,aculeata,9.710691827999999e-8,40.27249044438772,15,npp,domaschke_2013
3_domaschke_2013,green algae,neutral,-62.24,aculeata,2.062893084e-8,39.58559823145258,20,npp,domaschke_2013
3_domaschke_2013,green algae,neutral,-62.24,aculeata,-7.194968555999999e-8,38.92174449622782,25,npp,domaschke_2013
3_domaschke_2013,green algae,neutral,-62.24,aculeata,-1.0012578611999999e-7,38.27978928434875,30,npp,domaschke_2013
4_domaschke_2013,green algae,neutral,78.1,aculeata,8.55345912e-9,42.4840495022893,0,npp,domaschke_2013
4_domaschke_2013,green algae,neutral,78.1,aculeata,8.503144656e-8,41.720359955241136,5,npp,domaschke_2013
4_domaschke_2013,green algae,neutral,78.1,aculeata,1.2930817608e-7,40.9836416088657,10,npp,domaschke_2013
4_domaschke_2013,green algae,neutral,78.1,aculeata,6.490566036e-8,40.27249044438772,15,npp,domaschke_2013
4_domaschke_2013,green algae,neutral,78.1,aculeata,6.088050312e-8,39.58559823145258,20,npp,domaschke_2013
4_domaschke_2013,green algae,neutral,78.1,aculeata,-5.584905659999999e-8,38.92174449622782,25,npp,domaschke_2013
4_domaschke_2013,green algae,neutral,78.1,aculeata,-8.000000004e-8,38.27978928434875,30,npp,domaschke_2013
1_lange2000,cyanobacteria,high,8,phyllocarpum,8.1003963012e-4,40.55396862327563,13,npp,lange2000
1_lange2000,cyanobacteria,high,8,phyllocarpum,0.0022842800531999996,39.7210957437971,19,npp,lange2000
1_lange2000,cyanobacteria,high,8,phyllocarpum,0.0022287978863999997,39.857524030741274,18,npp,lange2000
1_lange2000,cyanobacteria,high,8,phyllocarpum,0.0030768824304,39.31735768778696,22,npp,lange2000
1_lange2000,cyanobacteria,high,8,phyllocarpum,0.0029817701448,38.92174449622782,25,npp,lange2000
1_lange2000,cyanobacteria,high,8,phyllocarpum,0.0021733157196000006,38.40648062733848,29,npp,lange2000
1_lange2000,cyanobacteria,high,8,phyllocarpum,0.0027915455748,37.17609521560251,39,npp,lange2000
1_lange2000,cyanobacteria,high,8,phyllocarpum,0.0019355350068,37.05737864138695,40,npp,lange2000
1_lange2000,cyanobacteria,high,8,phyllocarpum,0.0026488771464,36.70573500411299,43,npp,lange2000
1_lange2000,cyanobacteria,high,8,phyllocarpum,0.0023001321,36.360702245183525,46,npp,lange2000
1_lange2000,cyanobacteria,high,8,phyllocarpum,0.0015709379124,35.910623925577354,50,npp,lange2000
1_lange2000,cyanobacteria,high,8,phyllocarpum,7.545574636800001e-4,35.910623925577354,50,npp,lange2000
1_lange2004,cyanobacteria,high,8,aurata,1.4916556296000002e-6,40.9836416088657,10,npp,lange2004
1_lange2004,cyanobacteria,high,8,aurata,1.4487417216000003e-6,40.55396862327563,13,npp,lange2004
1_lange2004,cyanobacteria,high,8,aurata,1.9851655632000003e-6,40.27249044438772,15,npp,lange2004
1_lange2004,cyanobacteria,high,8,aurata,2.0638410600000003e-6,40.1332115564597,16,npp,lange2004
1_lange2004,cyanobacteria,high,8,aurata,2.1067549668e-6,39.857524030741274,18,npp,lange2004
1_lange2004,cyanobacteria,high,8,aurata,2.407152318e-6,39.857524030741274,18,npp,lange2004
1_lange2004,cyanobacteria,high,8,aurata,2.3070198672000004e-6,39.7210957437971,19,npp,lange2004
1_lange2004,cyanobacteria,high,8,aurata,2.3213245032000003e-6,39.451022000851,21,npp,lange2004
1_lange2004,cyanobacteria,high,8,aurata,2.2068874176e-6,39.451022000851,21,npp,lange2004
1_lange2004,cyanobacteria,high,8,aurata,2.3499337752e-6,39.31735768778696,22,npp,lange2004
1_lange2004,cyanobacteria,high,8,aurata,2.2498013244000005e-6,39.052727987717724,24,npp,lange2004
1_lange2004,cyanobacteria,high,8,aurata,2.0423841060000003e-6,39.18459605453426,23,npp,lange2004
1_lange2004,cyanobacteria,high,8,aurata,1.9064900664000003e-6,38.92174449622782,25,npp,lange2004
1_lange2004,cyanobacteria,high,8,aurata,1.9136423844e-6,38.79163670917708,26,npp,lange2004
1_lange2004,cyanobacteria,high,8,aurata,1.7777483448000001e-6,38.66239587389746,27,npp,lange2004
1_lange2004,cyanobacteria,high,8,aurata,1.5560264904000003e-6,38.66239587389746,27,npp,lange2004
1_lange2004,cyanobacteria,high,8,aurata,1.8778807944000001e-6,38.27978928434875,30,npp,lange2004
1_lange2004,cyanobacteria,high,8,aurata,1.6132450332000002e-6,37.9046811090979,33,npp,lange2004
1_lange2004,cyanobacteria,high,8,aurata,1.3700662248000003e-6,38.40648062733848,29,npp,lange2004
1_lange2004,cyanobacteria,high,8,aurata,1.1340397351200001e-6,38.27978928434875,30,npp,lange2004
1_lange2004,cyanobacteria,high,8,aurata,5.618543046000001e-7,37.53685305369666,36,npp,lange2004
1_lange2004,cyanobacteria,high,8,aurata,3.973509936e-8,36.93941786264626,41,npp,lange2004
1_lange2004,cyanobacteria,high,8,aurata,-9.615894036000002e-8,36.822205684754316,42,npp,lange2004
1_reiter2000,green algae,high,47.0004,islandica,7.637543927999999e-8,42.17524303670842,2,npp,reiter2000
1_reiter2000,green algae,high,47.0004,islandica,2.6870535564e-7,40.9836416088657,10,npp,reiter2000
1_reiter2000,green algae,high,47.0004,islandica,3.0302275511999996e-7,39.58559823145258,20,npp,reiter2000
1_reiter2000,green algae,high,47.0004,islandica,-2.4134078208e-7,38.27978928434875,30,npp,reiter2000
3_reiter2000,green algae,high,47.0004,nivalis,6.381502895999999e-8,42.17524303670842,2,npp,reiter2000
3_reiter2000,green algae,high,47.0004,nivalis,7.172413788000001e-8,40.9836416088657,10,npp,reiter2000
3_reiter2000,green algae,high,47.0004,nivalis,-1.5999999995999998e-7,39.58559823145258,20,npp,reiter2000
3_reiter2000,green algae,high,47.0004,nivalis,-6.719999999999999e-7,38.27978928434875,30,npp,reiter2000
1_sancho1997,green algae,high,40.8509,grisea,-8.804571432e-8,42.4840495022893,0,npp,sancho1997
1_sancho1997,green algae,high,40.8509,grisea,-1.4729142851999997e-7,41.42251694288889,7,npp,sancho1997
1_sancho1997,green algae,high,40.8509,grisea,-1.6265142852e-7,40.41273940989142,14,npp,sancho1997
1_sancho1997,green algae,high,40.8509,grisea,-3.2502857147999996e-7,39.451022000851,21,npp,sancho1997
1_sancho1997,green algae,high,40.8509,grisea,-4.4132571431999995e-7,38.53401335397749,28,npp,sancho1997
1_sancho1997,green algae,high,40.8509,grisea,-5.4226285716e-7,37.65866662842876,35,npp,sancho1997
6_sancho1997,green algae,high,40.8509,grisea,4.912457143199999e-7,42.4840495022893,0,npp,sancho1997
6_sancho1997,green algae,high,40.8509,grisea,7.786971428399999e-7,41.42251694288889,7,npp,sancho1997
6_sancho1997,green algae,high,40.8509,grisea,1.0793142856799998e-6,40.41273940989142,14,npp,sancho1997
6_sancho1997,green algae,high,40.8509,grisea,9.0596571432e-7,39.451022000851,21,npp,sancho1997
6_sancho1997,green algae,high,40.8509,grisea,9.498514285199999e-7,38.53401335397749,28,npp,sancho1997
6_sancho1997,green algae,high,40.8509,grisea,8.0722285716e-7,37.65866662842876,35,npp,sancho1997
1_schroeter1995,green algae,neutral,-77,aprina,1.5946843799999997e-8,43.765861291911456,-8,npp,schroeter1995
1_schroeter1995,green algae,neutral,-77,aprina,5.421926916e-8,43.42195742394882,-5.9,npp,schroeter1995
1_schroeter1995,green algae,neutral,-77,aprina,1.499003322e-7,43.11543050919681,-4,npp,schroeter1995
1_schroeter1995,green algae,neutral,-77,aprina,2.3122923587999996e-7,42.79741147538382,-2,npp,schroeter1995
1_schroeter1995,green algae,neutral,-77,aprina,3.843189368399999e-7,42.4840495022893,0,npp,schroeter1995
1_schroeter1995,green algae,neutral,-77,aprina,3.9867109631999996e-7,42.17524303670842,2,npp,schroeter1995
1_schroeter1995,green algae,neutral,-77,aprina,4.1302325579999994e-7,41.87089345679351,4,npp,schroeter1995
1_smith2001,green algae,neutral,-46.8964,complicatulum,-2.5280128013333332e-6,38.92174449622782,25,npp,smith2001
1_smith2001,green algae,neutral,-46.8964,complicatulum,-2.3695969596666664e-6,38.92174449622782,25,npp,smith2001
1_smith2001,green algae,neutral,-46.8964,complicatulum,-1.7557555756666665e-6,39.58559823145258,20,npp,smith2001
1_smith2001,green algae,neutral,-46.8964,complicatulum,-1.5379337933333333e-6,39.58559823145258,20,npp,smith2001
1_smith2001,green algae,neutral,-46.8964,complicatulum,-1.1616961696666666e-6,40.27249044438772,15,npp,smith2001
1_smith2001,green algae,neutral,-46.8964,complicatulum,-9.438743873333333e-7,40.27249044438772,15,npp,smith2001
1_smith2001,green algae,neutral,-46.8964,complicatulum,-7.458345833333334e-7,40.9836416088657,10,npp,smith2001
1_smith2001,green algae,neutral,-46.8964,complicatulum,-2.903890389e-7,41.720359955241136,5,npp,smith2001
1_smith2001,green algae,neutral,-46.8964,complicatulum,-1.3161316133333333e-8,42.329083062375794,1,npp,smith2001
1_uchida2006,green algae,neutral,79,delisei,1.5396401575399531e-7,41.87089345679351,4,npp,uchida2006
1_uchida2006,green algae,neutral,79,delisei,1.514807240778611e-7,41.42251694288889,7,npp,uchida2006
1_uchida2006,green algae,neutral,79,delisei,1.4403084904945845e-7,40.696188397511214,12,npp,uchida2006
1_uchida2006,green algae,neutral,79,delisei,1.2788946451564042e-7,40.27249044438772,15,npp,uchida2006
1_uchida2006,green algae,neutral,79,delisei,1.0491902597894418e-7,39.58559823145258,20,npp,uchida2006
1_sundberg1997,cyanobacteria + green algae,neutral,64.14,pulmonaria,0.0025479247354838704,40.55396862327563,13,npp,sundberg1997
1_sundberg1997,cyanobacteria + green algae,neutral,64.14,pulmonaria,0.002786926064516129,40.1332115564597,16,npp,sundberg1997
1_sundberg1997,cyanobacteria + green algae,neutral,64.14,pulmonaria,0.0027613187806451614,39.7210957437971,19,npp,sundberg1997
1_sundberg1997,cyanobacteria + green algae,neutral,64.14,pulmonaria,0.002829604858064516,39.31735768778696,22,npp,sundberg1997
1_sundberg1997,cyanobacteria + green algae,neutral,64.14,pulmonaria,0.0024711028838709675,38.92174449622782,25,npp,sundberg1997
2_sundberg1997,green algae,neutral,64.14,glauca,3.456983225806451e-4,41.570904967043965,6,npp,sundberg1997
2_sundberg1997,green algae,neutral,64.14,glauca,5.846996516129032e-4,40.839409190745464,11,npp,sundberg1997
2_sundberg1997,green algae,neutral,64.14,glauca,8.663797741935483e-4,40.1332115564597,16,npp,sundberg1997
2_sundberg1997,green algae,neutral,64.14,glauca,8.066294322580644e-4,39.451022000851,21,npp,sundberg1997
1_tretiach1997,green algae,neutral,45.39,baldensis,4.730012322580644e-4,41.720359955241136,5,npp,tretiach1997
1_tretiach1997,green algae,neutral,45.39,baldensis,5.155614348387095e-4,41.720359955241136,5,npp,tretiach1997
1_tretiach1997,green algae,neutral,45.39,baldensis,5.611712709677419e-4,41.720359955241136,5,npp,tretiach1997
1_tretiach1997,green algae,neutral,45.39,baldensis,5.338207625806451e-4,41.570904967043965,6,npp,tretiach1997
1_tretiach1997,green algae,neutral,45.39,baldensis,6.128707567741935e-4,41.570904967043965,6,npp,tretiach1997
1_tretiach1997,green algae,neutral,45.39,baldensis,4.306430574193548e-4,41.42251694288889,7,npp,tretiach1997
1_tretiach1997,green algae,neutral,45.39,baldensis,4.550112735483871e-4,41.42251694288889,7,npp,tretiach1997
1_tretiach1997,green algae,neutral,45.39,baldensis,5.766310916129032e-4,41.42251694288889,7,npp,tretiach1997
1_tretiach1997,green algae,neutral,45.39,baldensis,7.043020780645161e-4,41.42251694288889,7,npp,tretiach1997
1_tretiach1997,green algae,neutral,45.39,baldensis,6.799819625806451e-4,41.42251694288889,7,npp,tretiach1997
1_tretiach1997,green algae,neutral,45.39,baldensis,7.468911406451612e-4,41.42251694288889,7,npp,tretiach1997
1_tretiach1997,green algae,neutral,45.39,baldensis,7.168277070967742e-4,40.9836416088657,10,npp,tretiach1997
1_tretiach1997,green algae,neutral,45.39,baldensis,7.594167696774193e-4,40.9836416088657,10,npp,tretiach1997
1_tretiach1997,green algae,neutral,45.39,baldensis,4.7979316451612897e-4,40.9836416088657,10,npp,tretiach1997
1_tretiach1997,green algae,neutral,45.39,baldensis,4.980524903225806e-4,40.9836416088657,10,npp,tretiach1997
1_tretiach1997,green algae,neutral,45.39,baldensis,5.345230432258064e-4,40.9836416088657,10,npp,tretiach1997
1_tretiach1997,green algae,neutral,45.39,baldensis,5.162637154838709e-4,40.9836416088657,10,npp,tretiach1997
1_tretiach1997,green algae,neutral,45.39,baldensis,6.135441774193548e-4,40.9836416088657,10,npp,tretiach1997
1_tretiach1997,green algae,neutral,45.39,baldensis,6.682548174193548e-4,40.9836416088657,10,npp,tretiach1997
1_tretiach1997,green algae,neutral,45.39,baldensis,6.86466042580645e-4,40.9836416088657,10,npp,tretiach1997
1_tretiach1997,green algae,neutral,45.39,baldensis,5.163118180645162e-4,40.839409190745464,11,npp,tretiach1997
1_tretiach1997,green algae,neutral,45.39,baldensis,5.527919903225805e-4,40.839409190745464,11,npp,tretiach1997
1_tretiach1997,green algae,neutral,45.39,baldensis,0.0010338357929032256,40.1332115564597,16,npp,tretiach1997
1_tretiach1997,green algae,neutral,45.39,baldensis,9.183344864516129e-4,40.1332115564597,16,npp,tretiach1997
1_tretiach1997,green algae,neutral,45.39,baldensis,8.939951303225806e-4,40.1332115564597,16,npp,tretiach1997
1_tretiach1997,green algae,neutral,45.39,baldensis,8.760147909677418e-4,39.99489271601007,17,npp,tretiach1997
1_tretiach1997,green algae,neutral,45.39,baldensis,0.0010583290741935484,39.99489271601007,17,npp,tretiach1997
1_tretiach1997,green algae,neutral,45.39,baldensis,0.0010826539993548387,39.99489271601007,17,npp,tretiach1997
1_tretiach1997,green algae,neutral,45.39,baldensis,0.0011130685741935482,39.99489271601007,17,npp,tretiach1997
1_tretiach1997,green algae,neutral,45.39,baldensis,0.0011373598296774191,39.99489271601007,17,npp,tretiach1997
1_tretiach1997,green algae,neutral,45.39,baldensis,0.001155619155483871,39.99489271601007,17,npp,tretiach1997
1_tretiach1997,green algae,neutral,45.39,baldensis,0.0011678657961290322,39.99489271601007,17,npp,tretiach1997
1_tretiach1997,green algae,neutral,45.39,baldensis,0.0010949054496774192,39.99489271601007,17,npp,tretiach1997
1_tretiach1997,green algae,neutral,45.39,baldensis,6.939987367741934e-4,39.58559823145258,20,npp,tretiach1997
1_tretiach1997,green algae,neutral,45.39,baldensis,7.243796419354839e-4,39.58559823145258,20,npp,tretiach1997
1_tretiach1997,green algae,neutral,45.39,baldensis,7.547701645161289e-4,39.58559823145258,20,npp,tretiach1997
1_tretiach1997,green algae,neutral,45.39,baldensis,0.001016317229032258,39.451022000851,21,npp,tretiach1997
1_tretiach1997,green algae,neutral,45.39,baldensis,9.615969696774192e-4,39.451022000851,21,npp,tretiach1997
1_tretiach1997,green algae,neutral,45.39,baldensis,9.921221787096773e-4,39.451022000851,21,npp,tretiach1997
1_tretiach1997,green algae,neutral,45.39,baldensis,8.705216012903224e-4,39.451022000851,21,npp,tretiach1997
1_tretiach1997,green algae,neutral,45.39,baldensis,8.1580134e-4,39.451022000851,21,npp,tretiach1997
1_tretiach1997,green algae,neutral,45.39,baldensis,7.854011961290321e-4,39.451022000851,21,npp,tretiach1997
1_tretiach1997,green algae,neutral,45.39,baldensis,7.85353095483871e-4,39.451022000851,21,npp,tretiach1997
1_tretiach1997,green algae,neutral,45.39,baldensis,7.85324233548387e-4,39.451022000851,21,npp,tretiach1997
1_tretiach1997,green algae,neutral,45.39,baldensis,7.36684002580645e-4,39.451022000851,21,npp,tretiach1997
1_tretiach1997,green algae,neutral,45.39,baldensis,7.123831277419354e-4,39.451022000851,21,npp,tretiach1997
1_tretiach1997,green algae,neutral,45.39,baldensis,7.001845896774194e-4,39.451022000851,21,npp,tretiach1997
1_zotz1998,cyanobacteria,high,8,tomentosa,2.3721275019718317e-7,40.696188397511214,12,npp,zotz1998
1_zotz1998,cyanobacteria,high,8,tomentosa,4.981467753802818e-7,40.41273940989142,14,npp,zotz1998
1_zotz1998,cyanobacteria,high,8,tomentosa,6.997776129577466e-7,40.1332115564597,16,npp,zotz1998
1_zotz1998,cyanobacteria,high,8,tomentosa,8.183839881690142e-7,39.857524030741274,18,npp,zotz1998
1_zotz1998,cyanobacteria,high,8,tomentosa,1.067457375774648e-6,39.58559823145258,20,npp,zotz1998
1_zotz1998,cyanobacteria,high,8,tomentosa,1.2809488512676058e-6,39.31735768778696,22,npp,zotz1998
1_zotz1998,cyanobacteria,high,8,tomentosa,1.1504818383098593e-6,39.052727987717724,24,npp,zotz1998
1_zotz1998,cyanobacteria,high,8,tomentosa,1.067457375774648e-6,38.79163670917708,26,npp,zotz1998
1_zotz1998,cyanobacteria,high,8,tomentosa,9.429206822535214e-7,38.53401335397749,28,npp,zotz1998
1_zotz1998,cyanobacteria,high,8,tomentosa,9.014084507042255e-7,38.27978928434875,30,npp,zotz1998
1_zotz1998,cyanobacteria,high,8,tomentosa,7.768717566197185e-7,38.028897661970575,32,npp,zotz1998
1_kappen_2000,green algae,neutral,-72.18,frigida,-1.0336029084299022e-7,43.13348055188322,-4.112631045,npp,kappen_2000
1_kappen_2000,green algae,neutral,-72.18,frigida,-9.411009709914414e-7,40.31719190669667,14.68051529,npp,kappen_2000
1_kappen_2000,green algae,neutral,-72.18,frigida,-1.838418609406953e-7,42.35809546941839,0.812225944,npp,kappen_2000
1_lange_1991,green algae,neutral,53.728189,portentosa,8.724087591600001e-7,41.87089345679351,4,npp,lange_1991
1_lange_1991,green algae,neutral,53.728189,portentosa,1.2192700728000002e-6,41.275184497778135,8,npp,lange_1991
1_lange_1991,green algae,neutral,53.728189,portentosa,1.5661313868000002e-6,40.696188397511214,12,npp,lange_1991
1_lange_1991,green algae,neutral,53.728189,portentosa,2.0181021900000003e-6,40.27249044438772,15,npp,lange_1991
1_lange_1991,green algae,neutral,53.728189,portentosa,2.249343066e-6,39.58559823145258,20,npp,lange_1991
1_lange_1991,green algae,neutral,53.728189,portentosa,2.1127007304e-6,38.92174449622782,25,npp,lange_1991
1_lange_1991,green algae,neutral,53.728189,portentosa,2.0286131388000005e-6,38.27978928434875,30,npp,lange_1991
2_coxson_2003,green algae,neutral,53.37,sarmentosa,5.832007876997651e-7,42.4840495022893,0,npp,coxson_2003
2_coxson_2003,green algae,neutral,53.37,sarmentosa,9.013103082632735e-7,41.720359955241136,5,npp,coxson_2003
2_coxson_2003,green algae,neutral,53.37,sarmentosa,1.0679391047489206e-6,40.27249044438772,15,npp,coxson_2003
2_coxson_2003,green algae,neutral,53.37,sarmentosa,1.0224948875255625e-6,38.92174449622782,25,npp,coxson_2003
4_coxson_2003,green algae,neutral,53.37,sarmentosa,9.013103082632735e-7,41.720359955241136,5,npp,coxson_2003
4_coxson_2003,green algae,neutral,53.37,sarmentosa,1.2648640460501399e-6,40.27249044438772,15,npp,coxson_2003
4_coxson_2003,green algae,neutral,53.37,sarmentosa,1.666287964856472e-6,38.92174449622782,25,npp,coxson_2003
6_coxson_2003,green algae,neutral,53.37,spp,4.3929409982579715e-7,42.4840495022893,0,npp,coxson_2003
6_coxson_2003,green algae,neutral,53.37,spp,1.0755131409528137e-6,41.720359955241136,5,npp,coxson_2003
6_coxson_2003,green algae,neutral,53.37,spp,1.3178822994773915e-6,40.27249044438772,15,npp,coxson_2003
6_coxson_2003,green algae,neutral,53.37,spp,1.1436794667878514e-6,38.92174449622782,25,npp,coxson_2003
8_coxson_2003,green algae,neutral,53.37,spp,1.120957358176172e-6,41.720359955241136,5,npp,coxson_2003
8_coxson_2003,green algae,neutral,53.37,spp,1.938953268196622e-6,40.27249044438772,15,npp,coxson_2003
8_coxson_2003,green algae,neutral,53.37,spp,1.4314928425357874e-6,38.92174449622782,25,npp,coxson_2003
2_lange_1980,green algae,neutral,30.7141,maciformis,4.0863796864349016e-7,38.92174449622782,25,npp,lange_1980
2_lange_1980,green algae,neutral,30.7141,maciformis,1.647856388699538e-7,40.27249044438772,15,npp,lange_1980
2_lange_1980,green algae,neutral,30.7141,maciformis,1.4944393622661515e-7,41.720359955241136,5,npp,lange_1980
1_lange_1980,green algae,neutral,30.7141,maciformis,6.670245421495114e-7,38.92174449622782,25,npp,lange_1980
1_lange_1980,green algae,neutral,30.7141,maciformis,6.516828395061729e-7,40.27249044438772,15,npp,lange_1980
1_lange_1980,green algae,neutral,30.7141,maciformis,5.160298879042642e-7,41.720359955241136,5,npp,lange_1980
1_adams_1971,green algae,neutral,44.0197,rangiferina,7.742979474361887e-8,42.4840495022893,0,npp,adams_1971
1_adams_1971,green algae,neutral,44.0197,rangiferina,1.7367165038248881e-7,42.17524303670842,2,npp,adams_1971
1_adams_1971,green algae,neutral,44.0197,rangiferina,2.457135249564493e-7,41.720359955241136,5,npp,adams_1971
1_adams_1971,green algae,neutral,44.0197,rangiferina,3.069897053699917e-7,41.42251694288889,7,npp,adams_1971
1_adams_1971,green algae,neutral,44.0197,rangiferina,3.548214511853366e-7,40.9836416088657,10,npp,adams_1971
1_adams_1971,green algae,neutral,44.0197,rangiferina,3.851652851624631e-7,40.696188397511214,12,npp,adams_1971
1_adams_1971,green algae,neutral,44.0197,rangiferina,4.0744245928955543e-7,40.27249044438772,15,npp,adams_1971
1_adams_1971,green algae,neutral,44.0197,rangiferina,4.068742414602741e-7,39.99489271601007,17,npp,adams_1971
1_adams_1971,green algae,neutral,44.0197,rangiferina,3.767282685753238e-7,39.58559823145258,20,npp,adams_1971
1_adams_1971,green algae,neutral,44.0197,rangiferina,3.183388366280391e-7,39.31735768778696,22,npp,adams_1971
1_adams_1971,green algae,neutral,44.0197,rangiferina,2.720392494130122e-7,38.92174449622782,25,npp,adams_1971
1_adams_1971,green algae,neutral,44.0197,rangiferina,1.894498356434144e-7,38.66239587389746,27,npp,adams_1971
1_adams_1971,green algae,neutral,44.0197,rangiferina,1.1761596985533591e-7,38.27978928434875,30,npp,adams_1971
1_adams_1971,green algae,neutral,44.0197,rangiferina,4.173862682723623e-8,38.028897661970575,32,npp,adams_1971
1_adams_1971,green algae,neutral,44.0197,rangiferina,-3.413871620086344e-8,37.65866662842876,35,npp,adams_1971
1_brownkershaw1984,green algae,neutral,58.7679,rufescens,9.9219874270999e-7,41.720359955241136,5,npp,brownkershaw1984
1_brownkershaw1984,green algae,neutral,58.7679,rufescens,1.6814360372642583e-6,40.27249044438772,15,npp,brownkershaw1984
1_brownkershaw1984,green algae,neutral,58.7679,rufescens,2.9107659683405288e-6,38.92174449622782,25,npp,brownkershaw1984
1_brownkershaw1984,green algae,neutral,58.7679,rufescens,3.065967064303567e-6,37.65866662842876,35,npp,brownkershaw1984
1_brownkershaw1984,green algae,neutral,58.7679,rufescens,2.211618571536772e-6,36.47499016674626,45,npp,brownkershaw1984
3_brownkershaw1984,green algae,neutral,58.7679,rufescens,1.4163447701280014e-6,41.720359955241136,5,npp,brownkershaw1984
3_brownkershaw1984,green algae,neutral,58.7679,rufescens,2.052563811255018e-6,40.27249044438772,15,npp,brownkershaw1984
3_brownkershaw1984,green algae,neutral,58.7679,rufescens,2.9107659683405288e-6,38.92174449622782,25,npp,brownkershaw1984
3_brownkershaw1984,green algae,neutral,58.7679,rufescens,3.065967064303567e-6,37.65866662842876,35,npp,brownkershaw1984
3_brownkershaw1984,green algae,neutral,58.7679,rufescens,2.5297280921002797e-6,36.47499016674626,45,npp,brownkershaw1984
5_brownkershaw1984,green algae,neutral,58.7679,rufescens,1.4163447701280014e-6,40.27249044438772,15,npp,brownkershaw1984
5_brownkershaw1984,green algae,neutral,58.7679,rufescens,2.115412631977581e-6,38.92174449622782,25,npp,brownkershaw1984
5_brownkershaw1984,green algae,neutral,58.7679,rufescens,3.646212896311445e-6,37.65866662842876,35,npp,brownkershaw1984
5_brownkershaw1984,green algae,neutral,58.7679,rufescens,1.3633265167007497e-6,36.47499016674626,45,npp,brownkershaw1984
7_brownkershaw1984,green algae,neutral,45.1166,rufescens,1.4918556161478452e-6,41.720359955241136,5,npp,brownkershaw1984
7_brownkershaw1984,green algae,neutral,45.1166,rufescens,2.027393529500871e-6,40.27249044438772,15,npp,brownkershaw1984
7_brownkershaw1984,green algae,neutral,45.1166,rufescens,5.3171264258123155e-6,38.92174449622782,25,npp,brownkershaw1984
7_brownkershaw1984,green algae,neutral,45.1166,rufescens,4.399061431492842e-6,37.65866662842876,35,npp,brownkershaw1984
7_brownkershaw1984,green algae,neutral,45.1166,rufescens,3.557501853366659e-6,36.47499016674626,45,npp,brownkershaw1984
9_brownkershaw1984,green algae,neutral,45.1166,rufescens,8.7981228660153e-7,41.720359955241136,5,npp,brownkershaw1984
9_brownkershaw1984,green algae,neutral,45.1166,rufescens,3.6340072695599483e-6,40.27249044438772,15,npp,brownkershaw1984
9_brownkershaw1984,green algae,neutral,45.1166,rufescens,4.169545182912974e-6,38.92174449622782,25,npp,brownkershaw1984
9_brownkershaw1984,green algae,neutral,45.1166,rufescens,7.918310573354541e-6,37.65866662842876,35,npp,brownkershaw1984
9_brownkershaw1984,green algae,neutral,45.1166,rufescens,5.3171264258123155e-6,36.47499016674626,45,npp,brownkershaw1984
11_brownkershaw1984,green algae,neutral,45.1166,rufescens,1.0328231189881087e-6,41.720359955241136,5,npp,brownkershaw1984
11_brownkershaw1984,green algae,neutral,45.1166,rufescens,2.3334151942740285e-6,40.27249044438772,15,npp,brownkershaw1984
11_brownkershaw1984,green algae,neutral,45.1166,rufescens,5.623148090585473e-6,38.92174449622782,25,npp,brownkershaw1984
11_brownkershaw1984,green algae,neutral,45.1166,rufescens,5.776158922972051e-6,37.65866662842876,35,npp,brownkershaw1984
11_brownkershaw1984,green algae,neutral,45.1166,rufescens,5.546642674392184e-6,36.47499016674626,45,npp,brownkershaw1984
1_eickmeieradams1973,green algae,high,39.6636,ecmocyna,7.555922669090358e-8,42.4840495022893,0,npp,eickmeieradams1973
1_eickmeieradams1973,green algae,high,39.6636,ecmocyna,1.0730962811482238e-7,42.17524303670842,2,npp,eickmeieradams1973
1_eickmeieradams1973,green algae,high,39.6636,ecmocyna,1.197303226539423e-7,41.720359955241136,5,npp,eickmeieradams1973
1_eickmeieradams1973,green algae,high,39.6636,ecmocyna,1.257336590168901e-7,41.42251694288889,7,npp,eickmeieradams1973
1_eickmeieradams1973,green algae,high,39.6636,ecmocyna,1.488930796031205e-7,40.9836416088657,10,npp,eickmeieradams1973
1_eickmeieradams1973,green algae,high,39.6636,ecmocyna,1.720525001893509e-7,40.696188397511214,12,npp,eickmeieradams1973
1_eickmeieradams1973,green algae,high,39.6636,ecmocyna,1.629957433916534e-7,40.27249044438772,15,npp,eickmeieradams1973
1_eickmeieradams1973,green algae,high,39.6636,ecmocyna,1.5608673180337802e-7,39.99489271601007,17,npp,eickmeieradams1973
1_eickmeieradams1973,green algae,high,39.6636,ecmocyna,1.4058673937741424e-7,39.58559823145258,20,npp,eickmeieradams1973
1_eickmeieradams1973,green algae,high,39.6636,ecmocyna,1.089915973642354e-7,39.31735768778696,22,npp,eickmeieradams1973
1_eickmeieradams1973,green algae,high,39.6636,ecmocyna,4.085891085359388e-8,38.92174449622782,25,npp,eickmeieradams1973
1_eickmeieradams1973,green algae,high,39.6636,ecmocyna,-1.9730791486783306e-8,38.66239587389746,27,npp,eickmeieradams1973
1_eickmeieradams1973,green algae,high,39.6636,ecmocyna,-1.0609343482541846e-7,38.27978928434875,30,npp,eickmeieradams1973
1_eickmeieradams1973,green algae,high,39.6636,ecmocyna,-2.0105999772778912e-7,38.028897661970575,32,npp,eickmeieradams1973
1_eickmeieradams1973,green algae,high,39.6636,ecmocyna,-2.852878345830493e-7,37.65866662842876,35,npp,eickmeieradams1973
1_kershaw1977,cyanobacteria,neutral,43.3247,polydactyla,1.1609836514428539e-6,41.720359955241136,5,npp,kershaw1977
1_kershaw1977,cyanobacteria,neutral,43.3247,polydactyla,3.317096147845187e-6,40.27249044438772,15,npp,kershaw1977
1_kershaw1977,cyanobacteria,neutral,43.3247,polydactyla,3.7151476853745362e-6,38.92174449622782,25,npp,kershaw1977
1_kershaw1977,cyanobacteria,neutral,43.3247,polydactyla,2.255625380595319e-6,37.65866662842876,35,npp,kershaw1977
3_kershaw1977,cyanobacteria,neutral,43.3247,polydactyla,1.2936674975384385e-6,41.720359955241136,5,npp,kershaw1977
3_kershaw1977,cyanobacteria,neutral,43.3247,polydactyla,1.6253771120199954e-6,40.27249044438772,15,npp,kershaw1977
3_kershaw1977,cyanobacteria,neutral,43.3247,polydactyla,3.383438070892979e-6,38.92174449622782,25,npp,kershaw1977
3_kershaw1977,cyanobacteria,neutral,43.3247,polydactyla,1.0614707672498676e-6,37.65866662842876,35,npp,kershaw1977
5_kershaw1977,cyanobacteria,neutral,43.3247,polydactyla,1.1609836514428539e-6,41.720359955241136,5,npp,kershaw1977
5_kershaw1977,cyanobacteria,neutral,43.3247,polydactyla,2.587334995076877e-6,40.27249044438772,15,npp,kershaw1977
5_kershaw1977,cyanobacteria,neutral,43.3247,polydactyla,1.4263513436340226e-6,38.92174449622782,25,npp,kershaw1977
5_kershaw1977,cyanobacteria,neutral,43.3247,polydactyla,4.013686338710899e-6,37.65866662842876,35,npp,kershaw1977
7_kershaw1977,cyanobacteria,neutral,43.3247,canina var. praetextata,-8.262584950390063e-7,41.720359955241136,5,npp,kershaw1977
7_kershaw1977,cyanobacteria,neutral,43.3247,canina var. praetextata,-1.6855673293948344e-6,40.27249044438772,15,npp,kershaw1977
7_kershaw1977,cyanobacteria,neutral,43.3247,canina var. praetextata,-2.1813224267211994e-6,38.92174449622782,25,npp,kershaw1977
7_kershaw1977,cyanobacteria,neutral,43.3247,canina var. praetextata,-2.644027183973339e-6,37.65866662842876,35,npp,kershaw1977
9_kershaw1977,cyanobacteria,neutral,43.3247,canina var. praetextata,-4.957550973263652e-7,41.720359955241136,5,npp,kershaw1977
9_kershaw1977,cyanobacteria,neutral,43.3247,canina var. praetextata,-1.421164611073241e-6,40.27249044438772,15,npp,kershaw1977
9_kershaw1977,cyanobacteria,neutral,43.3247,canina var. praetextata,-1.7516680095432857e-6,38.92174449622782,25,npp,kershaw1977
9_kershaw1977,cyanobacteria,neutral,43.3247,canina var. praetextata,-2.247423106112247e-6,37.65866662842876,35,npp,kershaw1977
11_kershaw1977,cyanobacteria,neutral,43.3247,canina var. praetextata,-4.2965441717791405e-7,41.720359955241136,5,npp,kershaw1977
11_kershaw1977,cyanobacteria,neutral,43.3247,canina var. praetextata,-1.586416310686965e-6,40.27249044438772,15,npp,kershaw1977
11_kershaw1977,cyanobacteria,neutral,43.3247,canina var. praetextata,-1.9499700484738317e-6,38.92174449622782,25,npp,kershaw1977
11_kershaw1977,cyanobacteria,neutral,43.3247,canina var. praetextata,-2.908429902294933e-6,37.65866662842876,35,npp,kershaw1977
13_kershaw1977,cyanobacteria,neutral,43.3247,canina var. praetextata,-6.610067961826857e-7,41.720359955241136,5,npp,kershaw1977
13_kershaw1977,cyanobacteria,neutral,43.3247,canina var. praetextata,-1.520315630538514e-6,40.27249044438772,15,npp,kershaw1977
13_kershaw1977,cyanobacteria,neutral,43.3247,canina var. praetextata,-2.577926504582292e-6,38.92174449622782,25,npp,kershaw1977
13_kershaw1977,cyanobacteria,neutral,43.3247,canina var. praetextata,-2.2804734461864722e-6,37.65866662842876,35,npp,kershaw1977
15_kershaw1977,cyanobacteria,neutral,43.3247,canina var. praetextata,-2.0160707278648794e-6,40.27249044438772,15,npp,kershaw1977
15_kershaw1977,cyanobacteria,neutral,43.3247,canina var. praetextata,-2.577926504582292e-6,38.92174449622782,25,npp,kershaw1977
15_kershaw1977,cyanobacteria,neutral,43.3247,canina var. praetextata,-3.2389333000075743e-6,37.65866662842876,35,npp,kershaw1977
1_kershaw1983,green algae,neutral,47.9885,stellaris,4.009783874876922e-7,41.720359955241136,5,npp,kershaw1983
1_kershaw1983,green algae,neutral,47.9885,stellaris,6.196938710899038e-7,40.27249044438772,15,npp,kershaw1983
1_kershaw1983,green algae,neutral,47.9885,stellaris,4.738835484359615e-7,38.92174449622782,25,npp,kershaw1983
1_kershaw1983,green algae,neutral,47.9885,stellaris,8.38409355449519e-7,37.65866662842876,35,npp,kershaw1983
3_kershaw1983,green algae,neutral,47.9885,stellaris,5.710904302052563e-7,41.720359955241136,5,npp,kershaw1983
3_kershaw1983,green algae,neutral,47.9885,stellaris,1.2515386025903204e-6,40.27249044438772,15,npp,kershaw1983
3_kershaw1983,green algae,neutral,47.9885,stellaris,1.2758403234113459e-6,38.92174449622782,25,npp,kershaw1983
5_kershaw1983,green algae,neutral,47.9885,stellaris,7.655041937438461e-7,41.720359955241136,5,npp,kershaw1983
5_kershaw1983,green algae,neutral,47.9885,stellaris,1.44595236612891e-6,40.27249044438772,15,npp,kershaw1983
5_kershaw1983,green algae,neutral,47.9885,stellaris,1.8104781731424675e-6,38.92174449622782,25,npp,kershaw1983
5_kershaw1983,green algae,neutral,47.9885,stellaris,1.2272368825266985e-6,37.65866662842876,35,npp,kershaw1983
7_kershaw1983,green algae,neutral,47.9885,stellaris,8.870127963341664e-7,41.720359955241136,5,npp,kershaw1983
7_kershaw1983,green algae,neutral,47.9885,stellaris,1.6403661296674997e-6,40.27249044438772,15,npp,kershaw1983
7_kershaw1983,green algae,neutral,47.9885,stellaris,1.9076850549117625e-6,38.92174449622782,25,npp,kershaw1983
9_kershaw1983,green algae,neutral,47.9885,stellaris,6.117490782397939e-7,41.720359955241136,5,npp,kershaw1983
9_kershaw1983,green algae,neutral,47.9885,stellaris,1.1069745224570173e-6,40.27249044438772,15,npp,kershaw1983
9_kershaw1983,green algae,neutral,47.9885,stellaris,1.48567633265167e-6,38.92174449622782,25,npp,kershaw1983
9_kershaw1983,green algae,neutral,47.9885,stellaris,5.243563523441642e-7,37.65866662842876,35,npp,kershaw1983
11_kershaw1983,green algae,neutral,47.9885,stellaris,6.700108952510794e-7,41.720359955241136,5,npp,kershaw1983
11_kershaw1983,green algae,neutral,47.9885,stellaris,1.776985416950693e-6,40.27249044438772,15,npp,kershaw1983
11_kershaw1983,green algae,neutral,47.9885,stellaris,1.8935090509732637e-6,38.92174449622782,25,npp,kershaw1983
13_kershaw1983,green algae,neutral,47.9885,stellaris,1.0195817965613876e-6,41.720359955241136,5,npp,kershaw1983
13_kershaw1983,green algae,neutral,47.9885,stellaris,2.0682945020071197e-6,40.27249044438772,15,npp,kershaw1983
13_kershaw1983,green algae,neutral,47.9885,stellaris,3.029614481557222e-6,38.92174449622782,25,npp,kershaw1983
13_kershaw1983,green algae,neutral,47.9885,stellaris,1.2526290646065288e-6,37.65866662842876,35,npp,kershaw1983
15_kershaw1983,green algae,neutral,47.9885,stellaris,1.1069745224570173e-6,41.720359955241136,5,npp,kershaw1983
15_kershaw1983,green algae,neutral,47.9885,stellaris,2.650912671362569e-6,40.27249044438772,15,npp,kershaw1983
15_kershaw1983,green algae,neutral,47.9885,stellaris,3.1315726615163217e-6,38.92174449622782,25,npp,kershaw1983
15_kershaw1983,green algae,neutral,47.9885,stellaris,1.776985416950693e-6,37.65866662842876,35,npp,kershaw1983
1_larson1980,green algae,neutral,44.55,vellea,3.2878025448761645e-8,42.4840495022893,0,npp,larson1980
1_larson1980,green algae,neutral,44.55,vellea,1.1957772930394606e-7,40.41273940989142,14,npp,larson1980
1_larson1980,green algae,neutral,44.55,vellea,-2.2698707869423618e-7,38.53401335397749,28,npp,larson1980
3_larson1980,green algae,neutral,44.55,vellea,3.914942088919185e-7,42.4840495022893,0,npp,larson1980
3_larson1980,green algae,neutral,44.55,vellea,-5.038957130955086e-8,40.41273940989142,14,npp,larson1980
3_larson1980,green algae,neutral,44.55,vellea,1.506226971142922e-7,38.53401335397749,28,npp,larson1980
5_larson1980,green algae,neutral,44.55,mammulata,8.938303567371052e-8,42.4840495022893,0,npp,larson1980
5_larson1980,green algae,neutral,44.55,mammulata,3.3401029235779753e-7,40.41273940989142,14,npp,larson1980
5_larson1980,green algae,neutral,44.55,mammulata,2.399228857077937e-7,38.53401335397749,28,npp,larson1980
7_larson1980,green algae,neutral,44.55,mammulata,1.834704423237143e-7,42.4840495022893,0,npp,larson1980
7_larson1980,green algae,neutral,44.55,mammulata,3.810539953040975e-7,40.41273940989142,14,npp,larson1980
7_larson1980,green algae,neutral,44.55,mammulata,2.963753298492767e-7,38.53401335397749,28,npp,larson1980
9_larson1980,green algae,neutral,44.55,papulosa,3.0331965462394904e-8,42.4840495022893,0,npp,larson1980
9_larson1980,green algae,neutral,44.55,papulosa,4.3331379156252363e-7,40.41273940989142,14,npp,larson1980
9_larson1980,green algae,neutral,44.55,papulosa,2.8269391804892825e-7,38.53401335397749,28,npp,larson1980
11_larson1980,green algae,neutral,44.55,papulosa,5.009107399833371e-8,42.4840495022893,0,npp,larson1980
11_larson1980,green algae,neutral,44.55,papulosa,4.925911186851473e-7,40.41273940989142,14,npp,larson1980
11_larson1980,green algae,neutral,44.55,papulosa,4.010752457774748e-7,38.53401335397749,28,npp,larson1980
13_larson1980,green algae,neutral,44.55,muhlenbergii,8.228300386275847e-8,42.4840495022893,0,npp,larson1980
13_larson1980,green algae,neutral,44.55,muhlenbergii,1.417355903961221e-7,40.41273940989142,14,npp,larson1980
13_larson1980,green algae,neutral,44.55,muhlenbergii,-1.7415010679391045e-7,38.53401335397749,28,npp,larson1980
15_larson1980,green algae,neutral,44.55,muhlenbergii,1.3861881011891237e-7,42.4840495022893,0,npp,larson1980
15_larson1980,green algae,neutral,44.55,muhlenbergii,1.886820957358176e-7,40.41273940989142,14,npp,larson1980
15_larson1980,green algae,neutral,44.55,muhlenbergii,-5.2128152692569876e-8,38.53401335397749,28,npp,larson1980
17_larson1980,green algae,neutral,44.55,deusta,5.104025206392486e-7,42.4840495022893,0,npp,larson1980
17_larson1980,green algae,neutral,44.55,deusta,9.905334204347498e-7,40.41273940989142,14,npp,larson1980
17_larson1980,green algae,neutral,44.55,deusta,-3.4379364992804666e-7,38.53401335397749,28,npp,larson1980
19_larson1980,green algae,neutral,44.55,deusta,3.608070673331818e-7,42.4840495022893,0,npp,larson1980
19_larson1980,green algae,neutral,44.55,deusta,1.0653311474664848e-6,40.41273940989142,14,npp,larson1980
19_larson1980,green algae,neutral,44.55,deusta,3.98512482011664e-8,38.53401335397749,28,npp,larson1980
1_lechowicz1973,green algae,neutral,43.8673,uncialis,-1.0389831098992654e-8,42.17524303670842,2,npp,lechowicz1973
1_lechowicz1973,green algae,neutral,43.8673,uncialis,-1.4448963720366582e-7,41.12889640811739,9,npp,lechowicz1973
1_lechowicz1973,green algae,neutral,43.8673,uncialis,-1.6918430735438915e-7,40.27249044438772,15,npp,lechowicz1973
1_lechowicz1973,green algae,neutral,43.8673,uncialis,-1.2256989017647504e-7,39.99489271601007,17,npp,lechowicz1973
1_lechowicz1973,green algae,neutral,43.8673,uncialis,-2.150243278042869e-7,39.58559823145258,20,npp,lechowicz1973
1_lechowicz1973,green algae,neutral,43.8673,uncialis,-4.2135819662197987e-7,39.18459605453426,23,npp,lechowicz1973
1_lechowicz1973,green algae,neutral,43.8673,uncialis,-3.958245959251685e-7,38.92174449622782,25,npp,lechowicz1973
1_lechowicz1973,green algae,neutral,43.8673,uncialis,-4.711885147315004e-7,38.27978928434875,30,npp,lechowicz1973
1_lechowicz1973,green algae,neutral,43.8673,uncialis,-5.084994084677724e-7,37.53685305369666,36,npp,lechowicz1973
2_lechowicz1973,green algae,neutral,43.8673,rangiferina,-1.1147019465273044e-7,42.022517188304626,3,npp,lechowicz1973
2_lechowicz1973,green algae,neutral,43.8673,rangiferina,-1.6561347572521396e-7,41.12889640811739,9,npp,lechowicz1973
2_lechowicz1973,green algae,neutral,43.8673,rangiferina,-2.2401594183140194e-7,40.27249044438772,15,npp,lechowicz1973
2_lechowicz1973,green algae,neutral,43.8673,rangiferina,-3.080595637355146e-7,39.857524030741274,18,npp,lechowicz1973
2_lechowicz1973,green algae,neutral,43.8673,rangiferina,-3.162337582367644e-7,39.58559823145258,20,npp,lechowicz1973
2_lechowicz1973,green algae,neutral,43.8673,rangiferina,-3.834342384306597e-7,39.31735768778696,22,npp,lechowicz1973
2_lechowicz1973,green algae,neutral,43.8673,rangiferina,-3.5364145194274026e-7,38.92174449622782,25,npp,lechowicz1973
2_lechowicz1973,green algae,neutral,43.8673,rangiferina,-5.723226562144967e-7,38.27978928434875,30,npp,lechowicz1973
2_lechowicz1973,green algae,neutral,43.8673,rangiferina,-6.519457608119367e-7,37.65866662842876,35,npp,lechowicz1973
3_lechowicz1973,green algae,neutral,43.8673,mitis,-1.1129810649094901e-7,41.87089345679351,4,npp,lechowicz1973
3_lechowicz1973,green algae,neutral,43.8673,mitis,-1.0232800424146028e-7,41.12889640811739,9,npp,lechowicz1973
3_lechowicz1973,green algae,neutral,43.8673,mitis,-1.3982174202832688e-7,40.41273940989142,14,npp,lechowicz1973
3_lechowicz1973,green algae,neutral,43.8673,mitis,-2.9538956297811103e-7,39.857524030741274,18,npp,lechowicz1973
3_lechowicz1973,green algae,neutral,43.8673,mitis,-2.993691047489207e-7,39.58559823145258,20,npp,lechowicz1973
3_lechowicz1973,green algae,neutral,43.8673,mitis,-3.201702779671287e-7,39.18459605453426,23,npp,lechowicz1973
3_lechowicz1973,green algae,neutral,43.8673,mitis,-4.843425138226161e-7,38.92174449622782,25,npp,lechowicz1973
3_lechowicz1973,green algae,neutral,43.8673,mitis,-5.006048579868211e-7,38.15393102597508,31,npp,lechowicz1973
3_lechowicz1973,green algae,neutral,43.8673,mitis,-5.506610414299781e-7,37.53685305369666,36,npp,lechowicz1973
4_lechowicz1973,green algae,neutral,43.8673,caroliniana,-1.9977300234795121e-7,41.720359955241136,5,npp,lechowicz1973
4_lechowicz1973,green algae,neutral,43.8673,caroliniana,-1.6972208361735967e-7,40.9836416088657,10,npp,lechowicz1973
4_lechowicz1973,green algae,neutral,43.8673,caroliniana,-1.5234116564417178e-7,40.27249044438772,15,npp,lechowicz1973
4_lechowicz1973,green algae,neutral,43.8673,caroliniana,-2.1108780807392259e-7,39.857524030741274,18,npp,lechowicz1973
4_lechowicz1973,green algae,neutral,43.8673,caroliniana,-2.487751450427933e-7,39.58559823145258,20,npp,lechowicz1973
4_lechowicz1973,green algae,neutral,43.8673,caroliniana,-2.9698137998939634e-7,39.18459605453426,23,npp,lechowicz1973
4_lechowicz1973,green algae,neutral,43.8673,caroliniana,-3.4523063621904114e-7,38.92174449622782,25,npp,lechowicz1973
4_lechowicz1973,green algae,neutral,43.8673,caroliniana,-3.952437976217526e-7,38.27978928434875,30,npp,lechowicz1973
4_lechowicz1973,green algae,neutral,43.8673,caroliniana,-4.790077770203741e-7,37.53685305369666,36,npp,lechowicz1973
9_lechowiczadams1974,green algae,neutral,43.7972,uncialis,2.8810403241687495e-7,40.9836416088657,10,npp,lechowiczadams1974
9_lechowiczadams1974,green algae,neutral,43.7972,uncialis,4.166097038551844e-7,40.27249044438772,15,npp,lechowiczadams1974
9_lechowiczadams1974,green algae,neutral,43.7972,uncialis,5.047157570249185e-7,39.857524030741274,18,npp,lechowiczadams1974
9_lechowiczadams1974,green algae,neutral,43.7972,uncialis,5.446911088389003e-7,39.58559823145258,20,npp,lechowiczadams1974
9_lechowiczadams1974,green algae,neutral,43.7972,uncialis,5.652444739831856e-7,39.31735768778696,22,npp,lechowiczadams1974
9_lechowiczadams1974,green algae,neutral,43.7972,uncialis,5.483680867984549e-7,38.79163670917708,26,npp,lechowiczadams1974
9_lechowiczadams1974,green algae,neutral,43.7972,uncialis,3.9935619101719307e-7,38.15393102597508,31,npp,lechowiczadams1974
9_lechowiczadams1974,green algae,neutral,43.7972,uncialis,6.823959630387033e-8,37.4158249929077,37,npp,lechowiczadams1974
10_lechowiczadams1974,green algae,neutral,43.7972,rangiferina,1.1146765962281299e-7,41.87089345679351,4,npp,lechowiczadams1974
10_lechowiczadams1974,green algae,neutral,43.7972,rangiferina,5.319866780277209e-7,41.12889640811739,9,npp,lechowiczadams1974
10_lechowiczadams1974,green algae,neutral,43.7972,rangiferina,9.61863134136181e-7,40.27249044438772,15,npp,lechowiczadams1974
10_lechowiczadams1974,green algae,neutral,43.7972,rangiferina,1.2367172498674542e-6,39.857524030741274,18,npp,lechowiczadams1974
10_lechowiczadams1974,green algae,neutral,43.7972,rangiferina,1.4539418041354236e-6,39.451022000851,21,npp,lechowiczadams1974
10_lechowiczadams1974,green algae,neutral,43.7972,rangiferina,1.5707565712338105e-6,39.18459605453426,23,npp,lechowiczadams1974
10_lechowiczadams1974,green algae,neutral,43.7972,rangiferina,1.6013037741422405e-6,38.79163670917708,26,npp,lechowiczadams1974
10_lechowiczadams1974,green algae,neutral,43.7972,rangiferina,1.2943232409300916e-6,38.15393102597508,31,npp,lechowiczadams1974
10_lechowiczadams1974,green algae,neutral,43.7972,rangiferina,4.12319896235704e-7,37.53685305369666,36,npp,lechowiczadams1974
11_lechowiczadams1974,green algae,neutral,43.7972,mitis,-1.811551162614557e-9,41.570904967043965,6,npp,lechowiczadams1974
11_lechowiczadams1974,green algae,neutral,43.7972,mitis,2.7895872756191773e-7,40.9836416088657,10,npp,lechowiczadams1974
11_lechowiczadams1974,green algae,neutral,43.7972,mitis,6.559904082405513e-7,40.27249044438772,15,npp,lechowiczadams1974
11_lechowiczadams1974,green algae,neutral,43.7972,mitis,7.82374746648489e-7,39.857524030741274,18,npp,lechowiczadams1974
11_lechowiczadams1974,green algae,neutral,43.7972,mitis,9.373263765810799e-7,39.451022000851,21,npp,lechowiczadams1974
11_lechowiczadams1974,green algae,neutral,43.7972,mitis,7.954798735135953e-7,39.18459605453426,23,npp,lechowiczadams1974
11_lechowiczadams1974,green algae,neutral,43.7972,mitis,8.55018635158676e-7,38.79163670917708,26,npp,lechowiczadams1974
11_lechowiczadams1974,green algae,neutral,43.7972,mitis,8.207001726880254e-7,38.028897661970575,32,npp,lechowiczadams1974
11_lechowiczadams1974,green algae,neutral,43.7972,mitis,3.367532810724835e-7,37.4158249929077,37,npp,lechowiczadams1974
12_lechowiczadams1974,green algae,neutral,43.7972,uncialis,2.744216019086571e-7,41.720359955241136,5,npp,lechowiczadams1974
12_lechowiczadams1974,green algae,neutral,43.7972,uncialis,4.665167227145345e-7,40.9836416088657,10,npp,lechowiczadams1974
12_lechowiczadams1974,green algae,neutral,43.7972,uncialis,7.162403802166175e-7,40.27249044438772,15,npp,lechowiczadams1974
12_lechowiczadams1974,green algae,neutral,43.7972,uncialis,8.699164773157616e-7,39.99489271601007,17,npp,lechowiczadams1974
12_lechowiczadams1974,green algae,neutral,43.7972,uncialis,8.987307452851624e-7,39.58559823145258,20,npp,lechowiczadams1974
12_lechowiczadams1974,green algae,neutral,43.7972,uncialis,8.891259887904264e-7,39.31735768778696,22,npp,lechowiczadams1974
12_lechowiczadams1974,green algae,neutral,43.7972,uncialis,8.603117208210254e-7,38.92174449622782,25,npp,lechowiczadams1974
12_lechowiczadams1974,green algae,neutral,43.7972,uncialis,6.874261122472166e-7,38.27978928434875,30,npp,lechowiczadams1974
12_lechowiczadams1974,green algae,neutral,43.7972,uncialis,3.704691623115958e-7,37.65866662842876,35,npp,lechowiczadams1974
13_lechowiczadams1974,green algae,neutral,43.7972,rangiferina,4.377024547451337e-7,41.720359955241136,5,npp,lechowiczadams1974
13_lechowiczadams1974,green algae,neutral,43.7972,rangiferina,8.314974528516246e-7,40.9836416088657,10,npp,lechowiczadams1974
13_lechowiczadams1974,green algae,neutral,43.7972,rangiferina,1.426992328258729e-6,40.41273940989142,14,npp,lechowiczadams1974
13_lechowiczadams1974,green algae,neutral,43.7972,rangiferina,1.6767159857608118e-6,39.99489271601007,17,npp,lechowiczadams1974
13_lechowiczadams1974,green algae,neutral,43.7972,rangiferina,1.7727635461637506e-6,39.7210957437971,19,npp,lechowiczadams1974
13_lechowiczadams1974,green algae,neutral,43.7972,rangiferina,1.7631587904264183e-6,39.31735768778696,22,npp,lechowiczadams1974
13_lechowiczadams1974,green algae,neutral,43.7972,rangiferina,1.8303920828599559e-6,38.92174449622782,25,npp,lechowiczadams1974
13_lechowiczadams1974,green algae,neutral,43.7972,rangiferina,1.4894232424448989e-6,38.27978928434875,30,npp,lechowiczadams1974
13_lechowiczadams1974,green algae,neutral,43.7972,rangiferina,9.947783056881011e-7,37.65866662842876,35,npp,lechowiczadams1974
14_lechowiczadams1974,green algae,neutral,43.7972,mitis,3.704691623115958e-7,41.87089345679351,4,npp,lechowiczadams1974
14_lechowiczadams1974,green algae,neutral,43.7972,mitis,7.738689161554192e-7,40.9836416088657,10,npp,lechowiczadams1974
14_lechowiczadams1974,green algae,neutral,43.7972,mitis,1.100430622585776e-6,40.41273940989142,14,npp,lechowiczadams1974
14_lechowiczadams1974,green algae,neutral,43.7972,mitis,1.5518541566310688e-6,39.99489271601007,17,npp,lechowiczadams1974
14_lechowiczadams1974,green algae,neutral,43.7972,mitis,1.7823683026584869e-6,39.58559823145258,20,npp,lechowiczadams1974
14_lechowiczadams1974,green algae,neutral,43.7972,mitis,1.7823683026584869e-6,39.31735768778696,22,npp,lechowiczadams1974
14_lechowiczadams1974,green algae,neutral,43.7972,mitis,1.7631587904264183e-6,38.92174449622782,25,npp,lechowiczadams1974
14_lechowiczadams1974,green algae,neutral,43.7972,mitis,1.6286922055593426e-6,38.27978928434875,30,npp,lechowiczadams1974
14_lechowiczadams1974,green algae,neutral,43.7972,mitis,1.0716163538589712e-6,37.65866662842876,35,npp,lechowiczadams1974
15_lechowiczadams1974,green algae,neutral,43.7972,uncialis,8.07122328258729e-8,41.87089345679351,4,npp,lechowiczadams1974
15_lechowiczadams1974,green algae,neutral,43.7972,uncialis,5.024809588729834e-7,40.9836416088657,10,npp,lechowiczadams1974
15_lechowiczadams1974,green algae,neutral,43.7972,uncialis,8.379948504127849e-7,40.27249044438772,15,npp,lechowiczadams1974
15_lechowiczadams1974,green algae,neutral,43.7972,uncialis,1.020057017344543e-6,39.99489271601007,17,npp,lechowiczadams1974
15_lechowiczadams1974,green algae,neutral,43.7972,uncialis,1.020715810043172e-6,39.58559823145258,20,npp,lechowiczadams1974
15_lechowiczadams1974,green algae,neutral,43.7972,uncialis,1.1263579822767553e-6,39.31735768778696,22,npp,lechowiczadams1974
15_lechowiczadams1974,green algae,neutral,43.7972,uncialis,1.1365692744073318e-6,38.92174449622782,25,npp,lechowiczadams1974
15_lechowiczadams1974,green algae,neutral,43.7972,uncialis,9.467898182231311e-7,38.27978928434875,30,npp,lechowiczadams1974
15_lechowiczadams1974,green algae,neutral,43.7972,uncialis,6.137228713171249e-7,37.53685305369666,36,npp,lechowiczadams1974
16_lechowiczadams1974,green algae,neutral,43.7972,rangiferina,2.333169385745664e-7,42.022517188304626,3,npp,lechowiczadams1974
16_lechowiczadams1974,green algae,neutral,43.7972,rangiferina,5.788068393546921e-7,41.12889640811739,9,npp,lechowiczadams1974
16_lechowiczadams1974,green algae,neutral,43.7972,rangiferina,1.105558944179353e-6,40.27249044438772,15,npp,lechowiczadams1974
16_lechowiczadams1974,green algae,neutral,43.7972,rangiferina,1.4405552132091194e-6,39.857524030741274,18,npp,lechowiczadams1974
16_lechowiczadams1974,green algae,neutral,43.7972,rangiferina,1.7659519260774067e-6,39.58559823145258,20,npp,lechowiczadams1974
16_lechowiczadams1974,green algae,neutral,43.7972,rangiferina,1.8811465977429373e-6,39.18459605453426,23,npp,lechowiczadams1974
16_lechowiczadams1974,green algae,neutral,43.7972,rangiferina,1.9295678868438992e-6,38.92174449622782,25,npp,lechowiczadams1974
16_lechowiczadams1974,green algae,neutral,43.7972,rangiferina,1.5868072718321595e-6,38.27978928434875,30,npp,lechowiczadams1974
16_lechowiczadams1974,green algae,neutral,43.7972,rangiferina,9.575657903506777e-7,37.65866662842876,35,npp,lechowiczadams1974
17_lechowiczadams1974,green algae,neutral,43.7972,mitis,1.9567162084374763e-7,41.720359955241136,5,npp,lechowiczadams1974
17_lechowiczadams1974,green algae,neutral,43.7972,mitis,5.789009528137544e-7,40.9836416088657,10,npp,lechowiczadams1974
17_lechowiczadams1974,green algae,neutral,43.7972,mitis,1.0196805642656973e-6,40.27249044438772,15,npp,lechowiczadams1974
17_lechowiczadams1974,green algae,neutral,43.7972,mitis,1.230306115276831e-6,39.99489271601007,17,npp,lechowiczadams1974
17_lechowiczadams1974,green algae,neutral,43.7972,mitis,1.4411198932060896e-6,39.58559823145258,20,npp,lechowiczadams1974
17_lechowiczadams1974,green algae,neutral,43.7972,mitis,1.604124118003484e-6,39.18459605453426,23,npp,lechowiczadams1974
17_lechowiczadams1974,green algae,neutral,43.7972,mitis,1.70021379080512e-6,38.92174449622782,25,npp,lechowiczadams1974
17_lechowiczadams1974,green algae,neutral,43.7972,mitis,1.6157000530182535e-6,38.15393102597508,31,npp,lechowiczadams1974
17_lechowiczadams1974,green algae,neutral,43.7972,mitis,1.2344470999015375e-6,37.65866662842876,35,npp,lechowiczadams1974
1_macfarlane1983,green algae,neutral,45.1166,rangiferina,1.400911959403166e-6,41.720359955241136,5,npp,macfarlane1983
1_macfarlane1983,green algae,neutral,45.1166,rangiferina,1.6737988972203286e-6,40.27249044438772,15,npp,macfarlane1983
1_macfarlane1983,green algae,neutral,45.1166,rangiferina,2.293912529728092e-6,38.92174449622782,25,npp,macfarlane1983
1_macfarlane1983,green algae,neutral,45.1166,rangiferina,5.965650140119671e-7,37.65866662842876,35,npp,macfarlane1983
3_macfarlane1983,green algae,neutral,45.1166,rangiferina,7.951121934408847e-7,41.720359955241136,5,npp,macfarlane1983
3_macfarlane1983,green algae,neutral,45.1166,rangiferina,2.27959866318261e-6,40.27249044438772,15,npp,macfarlane1983
3_macfarlane1983,green algae,neutral,45.1166,rangiferina,2.3322367530106795e-6,38.92174449622782,25,npp,macfarlane1983
5_macfarlane1983,green algae,neutral,45.1166,rangiferina,1.5519001635991818e-6,41.720359955241136,5,npp,macfarlane1983
5_macfarlane1983,green algae,neutral,45.1166,rangiferina,3.468111314095281e-6,38.92174449622782,25,npp,macfarlane1983
5_macfarlane1983,green algae,neutral,45.1166,rangiferina,2.1877128751041427e-6,37.65866662842876,35,npp,macfarlane1983
7_macfarlane1983,green algae,neutral,45.1166,rangiferina,4.3768109641748095e-6,38.92174449622782,25,npp,macfarlane1983
9_macfarlane1983,green algae,neutral,45.1166,rangiferina,3.529522419147164e-6,40.27249044438772,15,npp,macfarlane1983
9_macfarlane1983,green algae,neutral,45.1166,rangiferina,2.712246819662198e-6,38.92174449622782,25,npp,macfarlane1983
9_macfarlane1983,green algae,neutral,45.1166,rangiferina,1.5627509975005682e-6,37.65866662842876,35,npp,macfarlane1983
11_macfarlane1983,green algae,neutral,45.1166,rangiferina,1.044694648943422e-6,41.720359955241136,5,npp,macfarlane1983
11_macfarlane1983,green algae,neutral,45.1166,rangiferina,1.3319856774975386e-6,40.27249044438772,15,npp,macfarlane1983
11_macfarlane1983,green algae,neutral,45.1166,rangiferina,2.4550324244489885e-6,38.92174449622782,25,npp,macfarlane1983
11_macfarlane1983,green algae,neutral,45.1166,rangiferina,2.193858762402484e-6,37.65866662842876,35,npp,macfarlane1983
13_macfarlane1983,green algae,neutral,45.1166,rangiferina,1.828215635082936e-6,41.720359955241136,5,npp,macfarlane1983
13_macfarlane1983,green algae,neutral,45.1166,rangiferina,1.436455142013179e-6,40.27249044438772,15,npp,macfarlane1983
13_macfarlane1983,green algae,neutral,45.1166,rangiferina,2.03715456487162e-6,38.92174449622782,25,npp,macfarlane1983
13_macfarlane1983,green algae,neutral,45.1166,rangiferina,1.096929381201242e-6,37.65866662842876,35,npp,macfarlane1983
15_macfarlane1983,green algae,neutral,45.1166,rangiferina,2.298328227675528e-6,41.720359955241136,5,npp,macfarlane1983
15_macfarlane1983,green algae,neutral,45.1166,rangiferina,3.0818492138150413e-6,40.27249044438772,15,npp,macfarlane1983
15_macfarlane1983,green algae,neutral,45.1166,rangiferina,5.43241217374839e-6,38.92174449622782,25,npp,macfarlane1983
15_macfarlane1983,green algae,neutral,45.1166,rangiferina,2.193858762402484e-6,37.65866662842876,35,npp,macfarlane1983
17_macfarlane1983,green algae,neutral,45.1166,rangiferina,6.268167892903128e-6,40.27249044438772,15,npp,macfarlane1983
17_macfarlane1983,green algae,neutral,45.1166,rangiferina,4.126543862758464e-6,38.92174449622782,25,npp,macfarlane1983
17_macfarlane1983,green algae,neutral,45.1166,rangiferina,4.439952257820192e-6,37.65866662842876,35,npp,macfarlane1983
19_macfarlane1983,green algae,neutral,45.1166,rangiferina,2.141624030144664e-6,41.720359955241136,5,npp,macfarlane1983
19_macfarlane1983,green algae,neutral,45.1166,rangiferina,3.8131354684541396e-6,40.27249044438772,15,npp,macfarlane1983
19_macfarlane1983,green algae,neutral,45.1166,rangiferina,5.066769046428842e-6,38.92174449622782,25,npp,macfarlane1983
19_macfarlane1983,green algae,neutral,45.1166,rangiferina,2.872910284026358e-6,37.65866662842876,35,npp,macfarlane1983
1_sanchokappen1989,green algae,high,40.2997,decussata,5.6663870332500185e-8,43.276218987694655,-5,npp,sanchokappen1989
1_sanchokappen1989,green algae,high,40.2997,decussata,1.4811653866545483e-7,42.955832395152036,-3,npp,sanchokappen1989
1_sanchokappen1989,green algae,high,40.2997,decussata,3.769230939937893e-7,42.4840495022893,0,npp,sanchokappen1989
1_sanchokappen1989,green algae,high,40.2997,decussata,5.806571142922064e-7,41.570904967043965,6,npp,sanchokappen1989
1_sanchokappen1989,green algae,high,40.2997,decussata,7.318035188972204e-7,40.9836416088657,10,npp,sanchokappen1989
1_sanchokappen1989,green algae,high,40.2997,decussata,6.923788373854427e-7,40.27249044438772,15,npp,sanchokappen1989
1_sanchokappen1989,green algae,high,40.2997,decussata,5.258834484586836e-7,39.58559823145258,20,npp,sanchokappen1989
1_sanchokappen1989,green algae,high,40.2997,decussata,3.631072589562978e-7,39.052727987717724,24,npp,sanchokappen1989
1_sanchokappen1989,green algae,high,40.2997,decussata,2.994319980307506e-7,38.79163670917708,26,npp,sanchokappen1989
3_sanchokappen1989,green algae,high,40.2997,subglabra,7.944793228811634e-8,43.276218987694655,-5,npp,sanchokappen1989
3_sanchokappen1989,green algae,high,40.2997,subglabra,3.58398449594789e-7,42.640154773287975,-1,npp,sanchokappen1989
3_sanchokappen1989,green algae,high,40.2997,subglabra,5.631975641899569e-7,41.720359955241136,5,npp,sanchokappen1989
3_sanchokappen1989,green algae,high,40.2997,subglabra,5.985077558130728e-7,40.9836416088657,10,npp,sanchokappen1989
3_sanchokappen1989,green algae,high,40.2997,subglabra,5.667285828978263e-7,40.41273940989142,14,npp,sanchokappen1989
3_sanchokappen1989,green algae,high,40.2997,subglabra,5.879146981746573e-7,39.7210957437971,19,npp,sanchokappen1989
3_sanchokappen1989,green algae,high,40.2997,subglabra,3.9723966068317804e-7,39.052727987717724,24,npp,sanchokappen1989
3_sanchokappen1989,green algae,high,40.2997,subglabra,2.5246787321063396e-7,38.53401335397749,28,npp,sanchokappen1989
5_sanchokappen1989,green algae,high,40.2997,havaasii,6.48311027796713e-8,43.276218987694655,-5,npp,sanchokappen1989
5_sanchokappen1989,green algae,high,40.2997,havaasii,1.6889338483677953e-7,42.640154773287975,-1,npp,sanchokappen1989
5_sanchokappen1989,green algae,high,40.2997,havaasii,2.500590850564266e-7,41.12889640811739,9,npp,sanchokappen1989
5_sanchokappen1989,green algae,high,40.2997,havaasii,2.83166835567674e-7,40.41273940989142,14,npp,sanchokappen1989
5_sanchokappen1989,green algae,high,40.2997,havaasii,2.379496864349012e-7,39.7210957437971,19,npp,sanchokappen1989
5_sanchokappen1989,green algae,high,40.2997,havaasii,1.3676747708854047e-7,39.052727987717724,24,npp,sanchokappen1989
7_sanchokappen1989,green algae,high,40.2997,cinereorufescens,1.4025135953949858e-8,43.11543050919681,-4,npp,sanchokappen1989
7_sanchokappen1989,green algae,high,40.2997,cinereorufescens,4.7442237370294636e-8,42.4840495022893,0,npp,sanchokappen1989
7_sanchokappen1989,green algae,high,40.2997,cinereorufescens,7.311312731954859e-8,41.570904967043965,6,npp,sanchokappen1989
7_sanchokappen1989,green algae,high,40.2997,cinereorufescens,6.893598954783004e-8,40.839409190745464,11,npp,sanchokappen1989
7_sanchokappen1989,green algae,high,40.2997,cinereorufescens,6.088574642126789e-8,40.1332115564597,16,npp,sanchokappen1989
7_sanchokappen1989,green algae,high,40.2997,cinereorufescens,3.046931076270545e-8,39.58559823145258,20,npp,sanchokappen1989
7_sanchokappen1989,green algae,high,40.2997,cinereorufescens,1.877068166325835e-8,38.92174449622782,25,npp,sanchokappen1989
7_sanchokappen1989,green algae,high,40.2997,cinereorufescens,-5.68540157539953e-8,38.15393102597508,31,npp,sanchokappen1989
9_sanchokappen1989,green algae,high,40.5926,pustulata,3.983258289782625e-7,42.4840495022893,0,npp,sanchokappen1989
9_sanchokappen1989,green algae,high,40.5926,pustulata,7.156503885480572e-7,41.720359955241136,5,npp,sanchokappen1989
9_sanchokappen1989,green algae,high,40.5926,pustulata,9.227464174808756e-7,40.839409190745464,11,npp,sanchokappen1989
9_sanchokappen1989,green algae,high,40.5926,pustulata,9.060451245928955e-7,40.27249044438772,15,npp,sanchokappen1989
9_sanchokappen1989,green algae,high,40.5926,pustulata,9.69510036355374e-7,39.58559823145258,20,npp,sanchokappen1989
9_sanchokappen1989,green algae,high,40.5926,pustulata,7.991568522305537e-7,38.92174449622782,25,npp,sanchokappen1989
11_sanchokappen1989,green algae,high,40.5926,hispanica,3.5544819056275087e-7,42.4840495022893,0,npp,sanchokappen1989
11_sanchokappen1989,green algae,high,40.5926,hispanica,5.34833258350375e-7,41.570904967043965,6,npp,sanchokappen1989
11_sanchokappen1989,green algae,high,40.5926,hispanica,7.009305430583958e-7,40.9836416088657,10,npp,sanchokappen1989
11_sanchokappen1989,green algae,high,40.5926,hispanica,7.806572400212074e-7,40.41273940989142,14,npp,sanchokappen1989
11_sanchokappen1989,green algae,high,40.5926,hispanica,9.135350685450277e-7,39.58559823145258,20,npp,sanchokappen1989
11_sanchokappen1989,green algae,high,40.5926,hispanica,5.215454752707717e-7,38.92174449622782,25,npp,sanchokappen1989
11_sanchokappen1989,green algae,high,40.5926,hispanica,3.986334848140574e-8,38.27978928434875,30,npp,sanchokappen1989
13_sanchokappen1989,green algae,high,40.2997,spodochroa,2.429289729606908e-7,42.4840495022893,0,npp,sanchokappen1989
13_sanchokappen1989,green algae,high,40.2997,spodochroa,5.278440392335075e-7,41.720359955241136,5,npp,sanchokappen1989
13_sanchokappen1989,green algae,high,40.2997,spodochroa,7.038226812088161e-7,40.9836416088657,10,npp,sanchokappen1989
13_sanchokappen1989,green algae,high,40.2997,spodochroa,5.915668802544877e-7,40.27249044438772,15,npp,sanchokappen1989
13_sanchokappen1989,green algae,high,40.2997,spodochroa,6.199194092251761e-7,39.451022000851,21,npp,sanchokappen1989
13_sanchokappen1989,green algae,high,40.2997,spodochroa,6.306585685071575e-7,38.92174449622782,25,npp,sanchokappen1989
13_sanchokappen1989,green algae,high,40.2997,spodochroa,3.2860966219798534e-7,38.27978928434875,30,npp,sanchokappen1989
15_sanchokappen1989,green algae,high,40.2997,grisea,1.576119101719306e-7,42.4840495022893,0,npp,sanchokappen1989
15_sanchokappen1989,green algae,high,40.2997,grisea,3.01882547905779e-7,41.87089345679351,4,npp,sanchokappen1989
15_sanchokappen1989,green algae,high,40.2997,grisea,6.541817291524654e-7,40.1332115564597,16,npp,sanchokappen1989
15_sanchokappen1989,green algae,high,40.2997,grisea,6.969243308339013e-7,39.58559823145258,20,npp,sanchokappen1989
15_sanchokappen1989,green algae,high,40.2997,grisea,7.154706241005832e-7,38.79163670917708,26,npp,sanchokappen1989
15_sanchokappen1989,green algae,high,40.2997,grisea,3.887170953571158e-7,38.27978928434875,30,npp,sanchokappen1989
1_sonesson1989,green algae,neutral,68.2,olivacea,7.886438839657654e-8,43.276218987694655,-5,npp,sonesson1989
1_sonesson1989,green algae,neutral,68.2,olivacea,4.839622525183671e-7,42.4840495022893,0,npp,sonesson1989
1_sonesson1989,green algae,neutral,68.2,olivacea,6.333751639778838e-7,41.720359955241136,5,npp,sonesson1989
1_sonesson1989,green algae,neutral,68.2,olivacea,7.891767916382639e-7,40.9836416088657,10,npp,sonesson1989
1_sonesson1989,green algae,neutral,68.2,olivacea,7.979016329622056e-7,40.27249044438772,15,npp,sonesson1989
1_sonesson1989,green algae,neutral,68.2,olivacea,1.0624477527834585e-6,39.58559823145258,20,npp,sonesson1989
1_sonesson1989,green algae,neutral,68.2,olivacea,4.767493857456638e-7,38.92174449622782,25,npp,sonesson1989
1_sonesson1989,green algae,neutral,68.2,olivacea,-2.3033457774748165e-7,38.27978928434875,30,npp,sonesson1989
2_sonesson1989,green algae,neutral,68.2,ambigua,6.595063091721578e-8,43.276218987694655,-5,npp,sonesson1989
2_sonesson1989,green algae,neutral,68.2,ambigua,2.6035720366583354e-7,42.4840495022893,0,npp,sonesson1989
2_sonesson1989,green algae,neutral,68.2,ambigua,3.2019177080966447e-7,41.720359955241136,5,npp,sonesson1989
2_sonesson1989,green algae,neutral,68.2,ambigua,3.1627550708172383e-7,40.9836416088657,10,npp,sonesson1989
2_sonesson1989,green algae,neutral,68.2,ambigua,8.044266742407028e-7,40.27249044438772,15,npp,sonesson1989
2_sonesson1989,green algae,neutral,68.2,ambigua,4.871906915095054e-7,39.58559823145258,20,npp,sonesson1989
2_sonesson1989,green algae,neutral,68.2,ambigua,-2.7739171324698935e-7,38.92174449622782,25,npp,sonesson1989
1_kappen1983,green algae,neutral,-70.47,sulphurea,1.2113456253184741e-7,42.640154773287975,-1,npp,kappen1983
1_kappen1983,green algae,neutral,-70.47,sulphurea,2.4422290815254324e-7,41.570904967043965,6,npp,kappen1983
1_kappen1983,green algae,neutral,-70.47,sulphurea,2.3836155817482084e-7,40.839409190745464,11,npp,kappen1983
1_kappen1983,green algae,neutral,-70.47,sulphurea,1.56302661331416e-7,39.857524030741274,18,npp,kappen1983
1_kappen1983,green algae,neutral,-70.47,sulphurea,5.665971455484402e-8,39.7210957437971,19,npp,kappen1983
3_kappen1983,green algae,neutral,-70.47,sulphurea,8.611910296386615e-8,43.4382111980173,-6,npp,kappen1983
3_kappen1983,green algae,neutral,-70.47,sulphurea,1.6946017034825277e-7,43.11543050919681,-4,npp,kappen1983
3_kappen1983,green algae,neutral,-70.47,sulphurea,3.861469455476579e-7,41.87089345679351,4,npp,kappen1983
3_kappen1983,green algae,neutral,-70.47,sulphurea,6.070007741162824e-7,41.275184497778135,8,npp,kappen1983
3_kappen1983,green algae,neutral,-70.47,sulphurea,7.65348802146617e-7,41.12889640811739,9,npp,kappen1983
3_kappen1983,green algae,neutral,-70.47,sulphurea,8.111863892080296e-7,40.839409190745464,11,npp,kappen1983
3_kappen1983,green algae,neutral,-70.47,sulphurea,7.695158555158363e-7,40.55396862327563,13,npp,kappen1983
3_kappen1983,green algae,neutral,-70.47,sulphurea,7.736829088850557e-7,40.27249044438772,15,npp,kappen1983
3_kappen1983,green algae,neutral,-70.47,sulphurea,6.986759482391077e-7,39.99489271601007,17,npp,kappen1983
3_kappen1983,green algae,neutral,-70.47,sulphurea,6.570054145469144e-7,39.7210957437971,19,npp,kappen1983
3_kappen1983,green algae,neutral,-70.47,sulphurea,5.069914932550186e-7,39.451022000851,21,npp,kappen1983
