latitude,species,mol_gCmin,inv_T,temp,metabolic_category,study_id,paper_unit,gpp_value,npp_value,r_value
32.3078,spp,3.8677982244318185e-5,38.92174449622782,25,npp,perez2001,9,,3.8677982244318185e-5,-4.89E-05
24.6507,spp,1.6534271875e-4,38.92174449622782,25,npp,perez2001,10,,1.6534271875e-4,-1.36E-04
24.6507,spp,6.876085724431817e-5,38.92174449622782,25,npp,perez2001,11,,6.876085724431817e-5,-3.97E-05
24.6507,spp,3.076143607954545e-5,38.92174449622782,25,npp,perez2001,12,,3.076143607954545e-5,-1.10E-04
32.3078,spp,-4.07E-06,38.028897661970575,32,npp,perez2001,9,,-4.07E-06,-1.80E-05
24.6507,spp,2.442819886363636e-5,38.028897661970575,32,npp,perez2001,10,,2.442819886363636e-5,-2.53E-05
24.6507,spp,-1.26E-04,38.028897661970575,32,npp,perez2001,11,,-1.26E-04,-1.83E-05
32.3078,spp,-3.42E-05,37.781273389387344,34,npp,perez2001,9,,-3.42E-05,-9.13E-05
24.6507,spp,-4.07E-06,37.781273389387344,34,npp,perez2001,10,,-4.07E-06,-2.20E-05
24.6507,spp,-6.58E-05,37.781273389387344,34,npp,perez2001,11,,-6.58E-05,-4.59E-05
24.6507,spp,-9.91E-05,37.781273389387344,34,npp,perez2001,12,,-9.91E-05,-2.70E-05
43,sp. (Avir),1.5164227174623934e-8,40.98364161,10,gpp,pierangelini2020,9,1.5164227174623934e-8,,-8.82E-09
43,sp. (Avir),2.0004311432308697e-8,40.27249044438772,15,gpp,pierangelini2020,9,2.0004311432308697e-8,,-9.64E-09
43,sp. (Avir),4.0193594238064094e-8,39.58559823145258,20,gpp,pierangelini2020,9,4.0193594238064094e-8,,-1.24E-08
43,sp. (Avir),5.709107168083715e-8,38.92174449622782,25,gpp,pierangelini2020,9,5.709107168083715e-8,,-1.65E-08
43,sp. (Avir),6.24792192674951e-8,38.27978928434875,30,gpp,pierangelini2020,9,6.24792192674951e-8,,-1.76E-08
43,sp. (Avir),4.3207942531066054e-8,37.65866662842876,35,gpp,pierangelini2020,9,4.3207942531066054e-8,,-1.71E-08
43,sp. (Avir),1.4626440026160886e-9,37.05737864138695,40,gpp,pierangelini2020,9,1.4626440026160886e-9,,-2.54E-08
22,sp. (Stylodid),2.1983940732504905e-8,40.27249044438772,15,gpp,pierangelini2020,10,2.1983940732504905e-8,,-5.50E-09
22,sp. (Stylodid),3.434990739045127e-8,39.58559823145258,20,gpp,pierangelini2020,10,3.434990739045127e-8,,-1.10E-08
22,sp. (Stylodid),4.836466960758666e-8,38.92174449622782,25,gpp,pierangelini2020,10,4.836466960758666e-8,,-1.29E-08
22,sp. (Stylodid),5.303625701111838e-8,38.27978928434875,30,gpp,pierangelini2020,10,5.303625701111838e-8,,-1.81E-08
22,sp. (Stylodid),2.528153183780248e-8,37.65866662842876,35,gpp,pierangelini2020,10,2.528153183780248e-8,,-1.76E-08
22,sp. (Stylodid),1.4839159993459777e-8,37.05737864138695,40,gpp,pierangelini2020,10,1.4839159993459777e-8,,-2.89E-08
24.46,trenchii,1.3544478116415957e-8,40.27249044438772,15,gpp,pierangelini2020,11,1.3544478116415957e-8,,-5.97E-09
24.46,trenchii,3.0584751151079135e-8,39.58559823145258,20,gpp,pierangelini2020,11,3.0584751151079135e-8,,-7.16E-09
24.46,trenchii,4.707405650098103e-8,38.92174449622782,25,gpp,pierangelini2020,11,4.707405650098103e-8,,-9.46E-09
24.46,trenchii,4.034672390451275e-8,38.27978928434875,30,gpp,pierangelini2020,11,4.034672390451275e-8,,-1.26E-08
24.46,trenchii,2.091259130804447e-8,37.65866662842876,35,gpp,pierangelini2020,11,2.091259130804447e-8,,-1.52E-08
24.46,trenchii,9.499442773054284e-11,37.05737864138695,40,gpp,pierangelini2020,11,9.499442773054284e-11,,-1.80E-08
-41.29,voratum,5.382661394375409e-8,40.27249044438772,15,gpp,pierangelini2020,12,5.382661394375409e-8,,-2.98E-08
-41.29,voratum,7.225871857423152e-8,39.58559823145258,20,gpp,pierangelini2020,12,7.225871857423152e-8,,-3.65E-08
-41.29,voratum,9.436622138652715e-8,38.92174449622782,25,gpp,pierangelini2020,12,9.436622138652715e-8,,-4.31E-08
-41.29,voratum,1.0140815114453892e-7,38.27978928434875,30,gpp,pierangelini2020,12,1.0140815114453892e-7,,-4.57E-08
-41.29,voratum,5.627687939829955e-8,37.65866662842876,35,gpp,pierangelini2020,12,5.627687939829955e-8,,-5.75E-08
-41.29,voratum,4.898234499672989e-9,37.05737864138695,40,gpp,pierangelini2020,12,4.898234499672989e-9,,-4.94E-08
21.4628,unknown,3.547086822348485e-5,39.58559823145258,20,npp,gregoire2017,13,,3.547086822348485e-5,-9.94E-06
21.4628,unknown,6.751146333333334e-5,38.66239587389746,27,npp,gregoire2017,13,,6.751146333333334e-5,-1.60E-05
21.4628,unknown,1.503937400378788e-5,38.27978928434875,30,npp,gregoire2017,13,,1.503937400378788e-5,-1.79E-05
24.691402,minutum,5.8867872803030313e-5,39.58559823145258,20,npp,gregoire2017,14,,5.8867872803030313e-5,-3.87E-05
24.691402,minutum,7.766833632575758e-5,38.66239587389746,27,npp,gregoire2017,14,,7.766833632575758e-5,-2.24E-05
24.691402,minutum,5.752467106060608e-5,38.27978928434875,30,npp,gregoire2017,14,,5.752467106060608e-5,-1.69E-05
24.691402,psygmophilum,5.226185125000001e-5,39.58559823145258,20,npp,gregoire2017,15,,5.226185125000001e-5,-6.96E-06
24.691402,psygmophilum,1.0252267579545454e-4,38.66239587389746,27,npp,gregoire2017,15,,1.0252267579545454e-4,-1.94E-05
24.691402,psygmophilum,4.6047379696969695e-5,38.27978928434875,30,npp,gregoire2017,15,,4.6047379696969695e-5,-7.24E-06
7.515,unknown,1.8033006090909093e-5,39.58559823145258,20,npp,gregoire2017,16,,1.8033006090909093e-5,-3.91E-06
7.515,unknown,3.949580757575758e-5,38.66239587389746,27,npp,gregoire2017,16,,3.949580757575758e-5,-5.32E-06
7.515,unknown,3.723679572727273e-5,38.27978928434875,30,npp,gregoire2017,16,,3.723679572727273e-5,-5.04E-06
7.515,unknown,3.244077348863636e-5,37.90468111,33,npp,gregoire2017,16,,3.244077348863636e-5,-5.60E-06
24.691402,trenchii,1.0101010102272728e-4,39.58559823145258,20,npp,gregoire2017,17,,1.0101010102272728e-4,-2.15E-05
24.691402,trenchii,1.290129012878788e-4,38.66239587389746,27,npp,gregoire2017,17,,1.290129012878788e-4,-2.68E-05
24.691402,trenchii,1.4476447643939396e-4,38.27978928434875,30,npp,gregoire2017,17,,1.4476447643939396e-4,-3.38E-05
24.691402,trenchii,1.290129012878788e-4,37.90468111,33,npp,gregoire2017,17,,1.290129012878788e-4,-5.30E-05
9.2389,unknown,3.275327532575758e-5,39.58559823145258,20,npp,gregoire2017,18,,3.275327532575758e-5,-7.50E-06
9.2389,unknown,1.1151115109848486e-4,38.66239587389746,27,npp,gregoire2017,18,,1.1151115109848486e-4,-2.85E-05
9.2389,unknown,9.400940094696972e-5,38.27978928434875,30,npp,gregoire2017,18,,9.400940094696972e-5,-1.54E-05
9.2389,unknown,4.500450045454546e-5,37.90468111,33,npp,gregoire2017,18,,4.500450045454546e-5,-1.45E-05
21.4691,microadriaticum,,39.58559823145258,20,npp,iglesios-prieto1992,3,,2.23124897383911e-8,5.33695315238718e-9
21.4691,microadriaticum,,38.92174449622782,25,npp,iglesios-prieto1992,3,,3.615438568999345e-8,1.1565486612164812e-8
21.4691,microadriaticum,,38.27978928434875,30,npp,iglesios-prieto1992,3,,3.3504735284499666e-8,6.778049960758664e-9
21.4691,microadriaticum,,37.65866662842876,35,npp,iglesios-prieto1992,3,,-5.90E-09,1.0057666965336817e-8
-18.37,sp.,4.344114105079571e-8,38.53401335397749,28,npp,leggat2004,5,,4.344114105079571e-8,-1.79E-08
-18.37,sp.,5.708721560933069e-8,38.40648062733848,29,npp,leggat2004,5,,5.708721560933069e-8,-2.04E-08
-18.37,sp.,4.6265878460867655e-8,38.15393102597508,31,npp,leggat2004,5,,4.6265878460867655e-8,-1.41E-08
-18.37,sp.,3.803047253106605e-8,37.90468111,33,npp,leggat2004,5,,3.803047253106605e-8,-1.24E-08
-18.37,sp.,1.7764914650098094e-8,37.53685305369666,36,npp,leggat2004,5,,1.7764914650098094e-8,-1.05E-08
-18.37,sp.,1.3808690211467184e-8,37.41582499,37,npp,leggat2004,5,,1.3808690211467184e-8,-1.01E-08
-18.37,sp.,-4.84E-09,37.295574872409844,38,npp,leggat2004,5,,-4.84E-09,-4.20E-09
-18.37,sp.,-8.81E-10,37.17609521560251,39,npp,leggat2004,5,,-8.81E-10,-8.81E-10
-18.37,sp.,-1.45E-09,37.05737864138695,40,npp,leggat2004,5,,-1.45E-09,4.878471768040112e-10
-18.37,sp.,5.7410172661870484e-8,38.40648062733848,29,npp,leggat2004,6,,5.7410172661870484e-8,-1.20E-08
-18.37,sp.,6.072162012208413e-8,38.27978928434875,30,npp,leggat2004,6,,6.072162012208413e-8,-8.71E-09
-18.37,sp.,5.50675965772836e-8,38.028897661970575,32,npp,leggat2004,6,,5.50675965772836e-8,-1.24E-08
-18.37,sp.,4.917476673206887e-8,37.65866662842876,35,npp,leggat2004,6,,4.917476673206887e-8,-1.15E-08
-18.37,sp.,4.602707216045344e-8,37.53685305369666,36,npp,leggat2004,6,,4.602707216045344e-8,-1.18E-08
-18.37,sp.,3.221951907564856e-8,37.41582499,37,npp,leggat2004,6,,3.221951907564856e-8,-1.33E-08
-18.37,sp.,-8.79E-10,37.17609521560251,39,npp,leggat2004,6,,-8.79E-10,-8.81E-10
-18.37,sp.,3.3944610856769117e-9,37.05737864138695,40,npp,leggat2004,6,,3.3944610856769117e-9,-1.77E-09
18.13,voratum,1.2452969529103987e-5,38.79163670917708,26,npp,yang2022,3,,1.2452969529103987e-5,-9.36E-06
18.13,voratum,1.3321781353826028e-5,38.27978928434875,30,npp,yang2022,3,,1.3321781353826028e-5,-8.56E-06
18.13,voratum,9.267326160889468e-6,37.781273389387344,34,npp,yang2022,3,,9.267326160889468e-6,-6.22E-06
21.4691,minutum,1.1440547609848486e-5,40.98364161,10,npp,russnak2021,37,,1.1440547609848486e-5,-1.05E-05
21.4691,minutum,2.2977234272727276e-5,40.27249044438772,15,npp,russnak2021,37,,2.2977234272727276e-5,-8.17E-06
21.4691,minutum,3.9128595606060615e-5,39.58559823145258,20,npp,russnak2021,37,,3.9128595606060615e-5,-1.05E-05
21.4691,minutum,4.3743270265151524e-5,38.92174449622782,25,npp,russnak2021,37,,4.3743270265151524e-5,-1.39E-05
21.4691,minutum,4.835794492424242e-5,38.27978928434875,30,npp,russnak2021,37,,4.835794492424242e-5,-1.86E-05
21.4691,minutum,1.3747884939393939e-5,37.65866662842876,35,npp,russnak2021,37,,1.3747884939393939e-5,-1.86E-05
21.4691,minutum,-1.86E-05,37.05737864138695,40,npp,russnak2021,37,,-1.86E-05,-2.32E-05
-8.7832,psygmophilum,1.4901553606060605e-5,40.98364161,10,npp,russnak2021,38,,1.4901553606060605e-5,-1.86E-05
-8.7832,psygmophilum,4.3743270265151524e-5,40.27249044438772,15,npp,russnak2021,38,,4.3743270265151524e-5,-1.39E-05
-8.7832,psygmophilum,7.489232424242425e-5,39.58559823145258,20,npp,russnak2021,38,,7.489232424242425e-5,-1.97E-05
-8.7832,psygmophilum,1.0142670359848487e-4,38.92174449622782,25,npp,russnak2021,38,,1.0142670359848487e-4,-2.55E-05
-8.7832,psygmophilum,8.066066757575759e-5,38.27978928434875,30,npp,russnak2021,38,,8.066066757575759e-5,-3.93E-05
-8.7832,psygmophilum,1.4901553606060605e-5,37.65866662842876,35,npp,russnak2021,38,,1.4901553606060605e-5,-4.86E-05
-8.7832,psygmophilum,-3.82E-05,37.05737864138695,40,npp,russnak2021,38,,-3.82E-05,-4.74E-05
-8.7832,minutum,9.662956090909092e-6,40.98364161,10,npp,russnak2021,39,,9.662956090909092e-6,-8.89E-06
-8.7832,minutum,1.3141620284090911e-5,40.27249044438772,15,npp,russnak2021,39,,1.3141620284090911e-5,-5.41E-06
-8.7832,minutum,2.3577612863636367e-5,39.58559823145258,20,npp,russnak2021,39,,2.3577612863636367e-5,-1.24E-05
-8.7832,minutum,2.1258503401515153e-5,38.92174449622782,25,npp,russnak2021,39,,2.1258503401515153e-5,-1.93E-05
-8.7832,minutum,9.662956090909092e-6,38.27978928434875,30,npp,russnak2021,39,,9.662956090909092e-6,-3.67E-05
-8.7832,minutum,-2.51E-05,37.65866662842876,35,npp,russnak2021,39,,-2.51E-05,-4.14E-05
-8.7832,minutum,-4.37E-05,37.05737864138695,40,npp,russnak2021,39,,-4.37E-05,-4.95E-05
-8.7832,psygmophilum,2.1258503401515153e-5,40.98364161,10,npp,russnak2021,40,,2.1258503401515153e-5,-6.57E-06
-8.7832,psygmophilum,4.329004329545455e-5,40.27249044438772,15,npp,russnak2021,40,,4.329004329545455e-5,-8.89E-06
-8.7832,psygmophilum,7.227891155303031e-5,39.58559823145258,20,npp,russnak2021,40,,7.227891155303031e-5,-1.35E-05
-8.7832,psygmophilum,8.15553493939394e-5,38.92174449622782,25,npp,russnak2021,40,,8.15553493939394e-5,-1.93E-05
-8.7832,psygmophilum,6.880024738636364e-5,38.27978928434875,30,npp,russnak2021,40,,6.880024738636364e-5,-3.32E-05
-8.7832,psygmophilum,4.676870750000001e-5,37.65866662842876,35,npp,russnak2021,40,,4.676870750000001e-5,-5.41E-06
-8.7832,psygmophilum,-2.74E-05,37.05737864138695,40,npp,russnak2021,40,,-2.74E-05,-2.51E-05
21.4691,minutum,1.3257575757575758e-5,40.98364161,10,npp,russnak2021,41,,1.3257575757575758e-5,-1.29E-05
21.4691,minutum,3.371212121212122e-5,40.27249044438772,15,npp,russnak2021,41,,3.371212121212122e-5,-9.47E-06
21.4691,minutum,4.962121212121212e-5,39.58559823145258,20,npp,russnak2021,41,,4.962121212121212e-5,-1.29E-05
21.4691,minutum,6.439393939393939e-5,38.92174449622782,25,npp,russnak2021,41,,6.439393939393939e-5,-1.86E-05
21.4691,minutum,5.871212121212122e-5,38.27978928434875,30,npp,russnak2021,41,,5.871212121212122e-5,-2.42E-05
21.4691,minutum,1.8939393939393941e-6,37.65866662842876,35,npp,russnak2021,41,,1.8939393939393941e-6,-3.45E-05
21.4691,minutum,-2.65E-05,37.05737864138695,40,npp,russnak2021,41,,-2.65E-05,-3.45E-05
21.4691,trenchii,3.0303030303030305e-6,40.98364161,10,npp,russnak2021,42,,3.0303030303030305e-6,-4.92E-06
21.4691,trenchii,9.848484848484848e-6,40.27249044438772,15,npp,russnak2021,42,,9.848484848484848e-6,-7.20E-06
21.4691,trenchii,2.007575757575758e-5,39.58559823145258,20,npp,russnak2021,42,,2.007575757575758e-5,-1.06E-05
21.4691,trenchii,2.916666666666667e-5,38.92174449622782,25,npp,russnak2021,42,,2.916666666666667e-5,-1.74E-05
21.4691,trenchii,1.6666666666666667e-5,38.27978928434875,30,npp,russnak2021,42,,1.6666666666666667e-5,-2.65E-05
21.4691,trenchii,-4.92E-06,37.65866662842876,35,npp,russnak2021,42,,-4.92E-06,-2.77E-05
21.4691,trenchii,-2.31E-05,37.05737864138695,40,npp,russnak2021,42,,-2.31E-05,-2.54E-05
21.4691,minutum,3.0303030303030305e-6,40.98364161,10,npp,russnak2021,43,,3.0303030303030305e-6,-7.20E-06
21.4691,minutum,9.848484848484848e-6,40.27249044438772,15,npp,russnak2021,43,,9.848484848484848e-6,-7.20E-06
21.4691,minutum,1.6666666666666667e-5,39.58559823145258,20,npp,russnak2021,43,,1.6666666666666667e-5,-8.33E-06
21.4691,minutum,3.1439393939393945e-5,38.92174449622782,25,npp,russnak2021,43,,3.1439393939393945e-5,-1.06E-05
21.4691,minutum,3.371212121212122e-5,38.27978928434875,30,npp,russnak2021,43,,3.371212121212122e-5,-1.40E-05
21.4691,minutum,1.3257575757575758e-5,37.65866662842876,35,npp,russnak2021,43,,1.3257575757575758e-5,-2.20E-05
21.4691,minutum,-1.97E-05,37.05737864138695,40,npp,russnak2021,43,,-1.97E-05,-1.97E-05
21.4691,linucheae,4.166666666666667e-6,40.98364161,10,npp,russnak2021,44,,4.166666666666667e-6,-1.17E-05
21.4691,linucheae,2.348484848484849e-5,40.27249044438772,15,npp,russnak2021,44,,2.348484848484849e-5,-1.17E-05
21.4691,linucheae,3.371212121212122e-5,39.58559823145258,20,npp,russnak2021,44,,3.371212121212122e-5,-1.52E-05
21.4691,linucheae,4.1666666666666665e-5,38.92174449622782,25,npp,russnak2021,44,,4.1666666666666665e-5,-2.54E-05
21.4691,linucheae,4.053030303030303e-5,38.27978928434875,30,npp,russnak2021,44,,4.053030303030303e-5,-3.67E-05
21.4691,linucheae,-1.63E-05,37.65866662842876,35,npp,russnak2021,44,,-1.63E-05,-4.70E-05
21.4691,linucheae,-6.29E-05,37.05737864138695,40,npp,russnak2021,44,,-6.29E-05,-6.86E-05
-8.7832,voratum,2.6283240568181822e-5,40.98364161,10,npp,russnak2021,45,,2.6283240568181822e-5,-4.64E-06
-8.7832,voratum,3.0148423003787878e-5,40.27249044438772,15,npp,russnak2021,45,,3.0148423003787878e-5,-8.50E-06
-8.7832,voratum,4.560915276515152e-5,39.58559823145258,20,npp,russnak2021,45,,4.560915276515152e-5,-1.24E-05
-8.7832,voratum,5.527210882575758e-5,38.92174449622782,25,npp,russnak2021,45,,5.527210882575758e-5,-2.01E-05
-8.7832,voratum,5.527210882575758e-5,38.27978928434875,30,npp,russnak2021,45,,5.527210882575758e-5,-2.98E-05
-8.7832,voratum,-1.69E-04,37.65866662842876,35,npp,russnak2021,45,,-1.69E-04,-5.88E-05
-8.7832,voratum,-4.14E-05,37.05737864138695,40,npp,russnak2021,45,,-4.14E-05,-4.33E-05
21.4691,minutum,3.929680178030303e-5,39.58559823145258,20,npp,russnak2021,46,,3.929680178030303e-5,-1.30E-05
21.4691,minutum,4.174476727272727e-5,39.31735768778696,22,npp,russnak2021,46,,4.174476727272727e-5,-1.14E-05
21.4691,minutum,4.341172681818183e-5,39.052727987717724,24,npp,russnak2021,46,,4.341172681818183e-5,-1.36E-05
21.4691,minutum,4.273322787878788e-5,38.79163670917708,26,npp,russnak2021,46,,4.273322787878788e-5,-1.51E-05
21.4691,minutum,3.8152139962121215e-5,38.53401335397749,28,npp,russnak2021,46,,3.8152139962121215e-5,-1.89E-05
21.4691,minutum,3.59140698219697e-5,38.27978928434875,30,npp,russnak2021,46,,3.59140698219697e-5,-1.80E-05
21.4691,minutum,3.133054123863637e-5,38.028897661970575,32,npp,russnak2021,46,,3.133054123863637e-5,-2.10E-05
21.4691,minutum,2.3625429553030307e-5,37.781273389387344,34,npp,russnak2021,46,,2.3625429553030307e-5,-2.17E-05
-8.7832,minutum,1.571108815530303e-5,39.58559823145258,20,npp,russnak2021,47,,1.571108815530303e-5,-3.08E-05
-8.7832,minutum,2.152203856818182e-5,39.31735768778696,22,npp,russnak2021,47,,2.152203856818182e-5,-2.79E-05
-8.7832,minutum,2.0553546833333336e-5,39.052727987717724,24,npp,russnak2021,47,,2.0553546833333336e-5,-3.37E-05
-8.7832,minutum,1.571108815530303e-5,38.79163670917708,26,npp,russnak2021,47,,1.571108815530303e-5,-3.56E-05
-8.7832,minutum,1.1837121212121214e-5,38.53401335397749,28,npp,russnak2021,47,,1.1837121212121214e-5,-3.76E-05
-8.7832,minutum,1.1837121212121212e-6,38.27978928434875,30,npp,russnak2021,47,,1.1837121212121212e-6,-4.14E-05
-8.7832,minutum,-2.01E-05,38.028897661970575,32,npp,russnak2021,47,,-2.01E-05,-4.43E-05
-8.7832,minutum,-3.76E-05,37.781273389387344,34,npp,russnak2021,47,,-3.76E-05,-5.40E-05
21.4691,minutum,3.7601221087121214e-5,39.58559823145258,20,npp,russnak2021,48,,3.7601221087121214e-5,-9.55E-06
21.4691,minutum,4.091645810606061e-5,39.31735768778696,22,npp,russnak2021,48,,4.091645810606061e-5,-1.09E-05
21.4691,minutum,4.19125856439394e-5,39.052727987717724,24,npp,russnak2021,48,,4.19125856439394e-5,-1.37E-05
21.4691,minutum,4.2130488560606066e-5,38.79163670917708,26,npp,russnak2021,48,,4.2130488560606066e-5,-1.66E-05
21.4691,minutum,4.15805431439394e-5,38.53401335397749,28,npp,russnak2021,48,,4.15805431439394e-5,-1.95E-05
21.4691,minutum,3.6392378795454543e-5,38.27978928434875,30,npp,russnak2021,48,,3.6392378795454543e-5,-2.16E-05
21.4691,minutum,2.8885104988636368e-5,38.028897661970575,32,npp,russnak2021,48,,2.8885104988636368e-5,-2.21E-05
21.4691,minutum,1.5961387606060606e-5,37.781273389387344,34,npp,russnak2021,48,,1.5961387606060606e-5,-2.27E-05
21.4691,trenchii,4.145083901515152e-5,39.58559823145258,20,npp,russnak2021,49,,4.145083901515152e-5,-2.04E-05
21.4691,trenchii,4.245215473484849e-5,39.31735768778696,22,npp,russnak2021,49,,4.245215473484849e-5,-2.25E-05
21.4691,trenchii,4.0356136363636364e-5,39.052727987717724,24,npp,russnak2021,49,,4.0356136363636364e-5,-3.08E-05
21.4691,trenchii,3.0534941249999996e-5,38.79163670917708,26,npp,russnak2021,49,,3.0534941249999996e-5,-3.36E-05
21.4691,trenchii,3.4628402916666666e-5,38.53401335397749,28,npp,russnak2021,49,,3.4628402916666666e-5,-3.19E-05
21.4691,trenchii,3.3310609174242426e-5,38.27978928434875,30,npp,russnak2021,49,,3.3310609174242426e-5,-3.01E-05
21.4691,trenchii,2.657637185606061e-5,38.028897661970575,32,npp,russnak2021,49,,2.657637185606061e-5,-2.75E-05
21.4691,trenchii,1.6755176750000003e-5,37.781273389387344,34,npp,russnak2021,49,,1.6755176750000003e-5,-2.58E-05
21.4691,minutum,4.467522109848485e-5,39.58559823145258,20,npp,russnak2021,50,,4.467522109848485e-5,-9.70E-06
21.4691,minutum,7.077352473484848e-5,39.31735768778696,22,npp,russnak2021,50,,7.077352473484848e-5,-1.26E-05
21.4691,minutum,4.9024938371212124e-5,39.052727987717724,24,npp,russnak2021,50,,4.9024938371212124e-5,-1.55E-05
21.4691,minutum,4.612512685606061e-5,38.79163670917708,26,npp,russnak2021,50,,4.612512685606061e-5,-2.06E-05
21.4691,minutum,4.6850079734848485e-5,38.53401335397749,28,npp,russnak2021,50,,4.6850079734848485e-5,-2.49E-05
21.4691,minutum,4.612512685606061e-5,38.27978928434875,30,npp,russnak2021,50,,4.612512685606061e-5,-2.78E-05
21.4691,minutum,4.395026821969698e-5,38.028897661970575,32,npp,russnak2021,50,,4.395026821969698e-5,-2.93E-05
21.4691,minutum,4.032550382575758e-5,37.781273389387344,34,npp,russnak2021,50,,4.032550382575758e-5,-3.07E-05
-8.7832,voratum,3.9852106969696966e-5,39.58559823145258,20,npp,russnak2021,51,,3.9852106969696966e-5,-2.22E-05
-8.7832,voratum,4.478524276515152e-5,39.31735768778696,22,npp,russnak2021,51,,4.478524276515152e-5,-1.25E-05
-8.7832,voratum,4.3443139659090916e-5,39.052727987717724,24,npp,russnak2021,51,,4.3443139659090916e-5,-1.31E-05
-8.7832,voratum,3.8955644280303034e-5,38.79163670917708,26,npp,russnak2021,51,,3.8955644280303034e-5,-1.60E-05
-8.7832,voratum,3.368309628787879e-5,38.53401335397749,28,npp,russnak2021,51,,3.368309628787879e-5,-1.73E-05
-8.7832,voratum,2.6840443109848487e-5,38.27978928434875,30,npp,russnak2021,51,,2.6840443109848487e-5,-2.26E-05
-8.7832,voratum,2.078284253409091e-5,38.028897661970575,32,npp,russnak2021,51,,2.078284253409091e-5,-2.48E-05
-8.7832,voratum,1.1590213424242425e-5,37.781273389387344,34,npp,russnak2021,51,,1.1590213424242425e-5,-2.22E-05
-8.7832,psygmophilum,8.396542750000001e-5,39.58559823145258,20,npp,russnak2021,52,,8.396542750000001e-5,-3.34E-05
-8.7832,psygmophilum,9.538199106060607e-5,39.31735768778696,22,npp,russnak2021,52,,9.538199106060607e-5,-3.32E-05
-8.7832,psygmophilum,9.555979340909092e-5,39.052727987717724,24,npp,russnak2021,52,,9.555979340909092e-5,-4.06E-05
-8.7832,psygmophilum,8.699633700757577e-5,38.79163670917708,26,npp,russnak2021,52,,8.699633700757577e-5,-5.04E-05
-8.7832,psygmophilum,7.843288056818182e-5,38.53401335397749,28,npp,russnak2021,52,,7.843288056818182e-5,-5.52E-05
-8.7832,psygmophilum,6.362566791666668e-5,38.27978928434875,30,npp,russnak2021,52,,6.362566791666668e-5,-5.88E-05
-8.7832,psygmophilum,4.756556909090909e-5,38.028897661970575,32,npp,russnak2021,52,,4.756556909090909e-5,-6.11E-05
-8.7832,psygmophilum,3.0260853935606063e-5,37.781273389387344,34,npp,russnak2021,52,,3.0260853935606063e-5,-5.72E-05
-8.7832,psygmophilum,6.764069265151515e-5,39.58559823145258,20,npp,russnak2021,53,,6.764069265151515e-5,-1.85E-05
-8.7832,psygmophilum,7.263569765151516e-5,39.31735768778696,22,npp,russnak2021,53,,7.263569765151516e-5,-2.48E-05
-8.7832,psygmophilum,7.138694640151515e-5,39.052727987717724,24,npp,russnak2021,53,,7.138694640151515e-5,-2.73E-05
-8.7832,psygmophilum,5.265567765151515e-5,38.79163670917708,26,npp,russnak2021,53,,5.265567765151515e-5,-3.10E-05
-8.7832,psygmophilum,5.7650682651515155e-5,38.53401335397749,28,npp,russnak2021,53,,5.7650682651515155e-5,-3.85E-05
-8.7832,psygmophilum,5.265567765151515e-5,38.27978928434875,30,npp,russnak2021,53,,5.265567765151515e-5,-4.22E-05
-8.7832,psygmophilum,4.3914418901515153e-5,38.028897661970575,32,npp,russnak2021,53,,4.3914418901515153e-5,-4.47E-05
-8.7832,psygmophilum,3.0178155178030305e-5,37.781273389387344,34,npp,russnak2021,53,,3.0178155178030305e-5,-4.60E-05
21.4691,linucheae,6.172476056818182e-5,39.58559823145258,20,npp,russnak2021,54,,6.172476056818182e-5,-1.91E-05
21.4691,linucheae,5.622939238636364e-5,39.31735768778696,22,npp,russnak2021,54,,5.622939238636364e-5,-1.99E-05
21.4691,linucheae,5.230412939393941e-5,39.052727987717724,24,npp,russnak2021,54,,5.230412939393941e-5,-2.31E-05
21.4691,linucheae,4.916391897727272e-5,38.79163670917708,26,npp,russnak2021,54,,4.916391897727272e-5,-2.62E-05
21.4691,linucheae,4.7593813787878796e-5,38.53401335397749,28,npp,russnak2021,54,,4.7593813787878796e-5,-2.86E-05
21.4691,linucheae,4.6808761174242434e-5,38.27978928434875,30,npp,russnak2021,54,,4.6808761174242434e-5,-2.93E-05
21.4691,linucheae,3.9743287803030304e-05,38.028897661970575,32,npp,russnak2021,54,,3.9743287803030304e-05,-3.01E-05
21.4691,linucheae,3.0322656617424243e-5,37.781273389387344,34,npp,russnak2021,54,,3.0322656617424243e-5,-3.09E-05
25.098,spp,7.836306500946969e-5,38.92174449622782,25,npp,goulet2005,5,,7.836306500946969e-5,-1.42E-05
25.098,spp,7.135702688210227e-5,38.028897661970575,32,npp,goulet2005,5,,7.135702688210227e-5,-2.80E-05
25.098,spp,3.45524906841856e-5,37.781273389387344,34,npp,goulet2005,5,,3.45524906841856e-5,-7.54E-05
32.348,spp,5.67625760061553e-5,38.92174449622782,25,npp,goulet2005,6,,5.67625760061553e-5,-1.08E-05
32.348,spp,-2.63E-05,38.028897661970575,32,npp,goulet2005,6,,-2.63E-05,-5.01E-05
32.348,spp,-1.29E-04,37.781273389387344,34,npp,goulet2005,6,,-1.29E-04,-1.17E-04