tpc_grp,latitude,species,mol_gCmin,sd_molgCmin,temp,metabolic_category,study_id,mol_grammin
1_fujita2014,26.4,sphaerulata,-5.8224162999999995e-15,NA,5,r,fujita2014,5.8224162999999995e-15
2_fujita2014,26.4,sphaerulata,-3.6390102e-15,NA,10,r,fujita2014,3.6390102e-15
2_fujita2014,26.4,sphaerulata,-2.5473071333333333e-14,NA,10,r,fujita2014,2.5473071333333333e-14
2_fujita2014,26.4,sphaerulata,2.9112081666666672e-15,NA,15,r,fujita2014,2.9112081666666672e-15
2_fujita2014,26.4,sphaerulata,-5.8224162999999995e-15,NA,15,r,fujita2014,5.8224162999999995e-15
2_fujita2014,26.4,sphaerulata,-2.3289665199999998e-14,NA,15,r,fujita2014,2.3289665199999998e-14
2_fujita2014,26.4,sphaerulata,-3.63901019e-14,NA,17,r,fujita2014,3.63901019e-14
2_fujita2014,26.4,sphaerulata,-1.8922853e-14,NA,20,r,fujita2014,1.8922853e-14
2_fujita2014,26.4,sphaerulata,-2.5473071333333333e-14,NA,20,r,fujita2014,2.5473071333333333e-14
2_fujita2014,26.4,sphaerulata,-6.040756913333333e-14,NA,20,r,fujita2014,6.040756913333333e-14
2_fujita2014,26.4,sphaerulata,-1.018922853e-13,NA,20,r,fujita2014,1.018922853e-13
2_fujita2014,26.4,sphaerulata,-7.350800583333334e-14,NA,23,r,fujita2014,7.350800583333334e-14
2_fujita2014,26.4,sphaerulata,-3.63901019e-14,NA,25,r,fujita2014,3.63901019e-14
2_fujita2014,26.4,sphaerulata,-5.167394470000001e-14,NA,25,r,fujita2014,5.167394470000001e-14
2_fujita2014,26.4,sphaerulata,-5.822416303333333e-14,NA,25,r,fujita2014,5.822416303333333e-14
2_fujita2014,26.4,sphaerulata,-7.569141193333334e-14,NA,25,r,fujita2014,7.569141193333334e-14
2_fujita2014,26.4,sphaerulata,-8.44250364e-14,NA,25,r,fujita2014,8.44250364e-14
2_fujita2014,26.4,sphaerulata,-1.0625909753333334e-13,NA,25,r,fujita2014,1.0625909753333334e-13
2_fujita2014,26.4,sphaerulata,-5.38573508e-14,NA,30,r,fujita2014,5.38573508e-14
2_fujita2014,26.4,sphaerulata,-6.914119360000001e-14,NA,30,r,fujita2014,6.914119360000001e-14
2_fujita2014,26.4,sphaerulata,-1.2809315866666667e-13,NA,30,r,fujita2014,1.2809315866666667e-13
2_fujita2014,26.4,sphaerulata,-2.001455604e-13,NA,30,r,fujita2014,2.001455604e-13
2_fujita2014,26.4,sphaerulata,-3.2023289666666666e-14,NA,35,r,fujita2014,3.2023289666666666e-14
2_fujita2014,26.4,sphaerulata,-4.0756914133333335e-14,NA,35,r,fujita2014,4.0756914133333335e-14
2_fujita2014,26.4,sphaerulata,-7.787481803333334e-14,NA,35,r,fujita2014,7.787481803333334e-14
2_fujita2014,26.4,sphaerulata,-6.695778746666667e-14,NA,37,r,fujita2014,6.695778746666667e-14
2_fujita2014,26.4,sphaerulata,-4.0756914133333335e-14,NA,40,r,fujita2014,4.0756914133333335e-14
2_fujita2014,26.4,sphaerulata,-8.879184863333334e-14,NA,40,r,fujita2014,8.879184863333334e-14
2_fujita2014,26.4,sphaerulata,-1.0189228533333334e-14,NA,45,r,fujita2014,1.0189228533333334e-14
4_fujita2014,26.4,gaudichaudii,-3.5460993000000003e-15,NA,5,r,fujita2014,3.5460993000000003e-15
4_fujita2014,26.4,gaudichaudii,-3.5460993000000003e-15,NA,10,r,fujita2014,3.5460993000000003e-15
4_fujita2014,26.4,gaudichaudii,-2.4822695033333336e-14,NA,10,r,fujita2014,2.4822695033333336e-14
4_fujita2014,26.4,gaudichaudii,-5.673758866666667e-15,NA,15,r,fujita2014,5.673758866666667e-15
4_fujita2014,26.4,gaudichaudii,-1.4184397166666668e-14,NA,15,r,fujita2014,1.4184397166666668e-14
4_fujita2014,26.4,gaudichaudii,-2.05673759e-14,NA,15,r,fujita2014,2.05673759e-14
4_fujita2014,26.4,gaudichaudii,-3.7588652466666664e-14,NA,18,r,fujita2014,3.7588652466666664e-14
4_fujita2014,26.4,gaudichaudii,-2.2695035466666668e-14,NA,20,r,fujita2014,2.2695035466666668e-14
4_fujita2014,26.4,gaudichaudii,-3.3333333333333334e-14,NA,20,r,fujita2014,3.3333333333333334e-14
4_fujita2014,26.4,gaudichaudii,-4.6099290766666665e-14,NA,20,r,fujita2014,4.6099290766666665e-14
4_fujita2014,26.4,gaudichaudii,-4.6099290766666665e-14,NA,22,r,fujita2014,4.6099290766666665e-14
4_fujita2014,26.4,gaudichaudii,-2.4822695033333336e-14,NA,25,r,fujita2014,2.4822695033333336e-14
4_fujita2014,26.4,gaudichaudii,-3.7588652466666664e-14,NA,25,r,fujita2014,3.7588652466666664e-14
4_fujita2014,26.4,gaudichaudii,-5.035460993333334e-14,NA,25,r,fujita2014,5.035460993333334e-14
4_fujita2014,26.4,gaudichaudii,-5.886524823333333e-14,NA,25,r,fujita2014,5.886524823333333e-14
4_fujita2014,26.4,gaudichaudii,-3.54609929e-14,NA,30,r,fujita2014,3.54609929e-14
4_fujita2014,26.4,gaudichaudii,-4.39716312e-14,NA,30,r,fujita2014,4.39716312e-14
4_fujita2014,26.4,gaudichaudii,-6.312056736666667e-14,NA,30,r,fujita2014,6.312056736666667e-14
4_fujita2014,26.4,gaudichaudii,-8.652482270000001e-14,NA,30,r,fujita2014,8.652482270000001e-14
4_fujita2014,26.4,gaudichaudii,-3.5460993000000003e-15,NA,35,r,fujita2014,3.5460993000000003e-15
4_fujita2014,26.4,gaudichaudii,-3.1205673766666666e-14,NA,35,r,fujita2014,3.1205673766666666e-14
4_fujita2014,26.4,gaudichaudii,-4.6099290766666665e-14,NA,35,r,fujita2014,4.6099290766666665e-14
4_fujita2014,26.4,gaudichaudii,-5.673758866666667e-14,NA,35,r,fujita2014,5.673758866666667e-14
4_fujita2014,26.4,gaudichaudii,-3.54609929e-14,NA,38,r,fujita2014,3.54609929e-14
4_fujita2014,26.4,gaudichaudii,-4.822695036666667e-14,NA,40,r,fujita2014,4.822695036666667e-14
4_fujita2014,26.4,gaudichaudii,-6.524822696666667e-14,NA,40,r,fujita2014,6.524822696666667e-14
4_fujita2014,26.4,gaudichaudii,-2.90780142e-14,NA,45,r,fujita2014,2.90780142e-14
6_fujita2014,26.2,kudakajimensis,-3.971631206666667e-14,NA,5,r,fujita2014,3.971631206666667e-14
6_fujita2014,26.2,kudakajimensis,-6.524822696666667e-14,NA,10,r,fujita2014,6.524822696666667e-14
6_fujita2014,26.2,kudakajimensis,-3.971631206666667e-14,NA,10,r,fujita2014,3.971631206666667e-14
6_fujita2014,26.2,kudakajimensis,9.219858166666668e-15,NA,10,r,fujita2014,9.219858166666668e-15
6_fujita2014,26.2,kudakajimensis,1.3475177300000002e-14,NA,13,r,fujita2014,1.3475177300000002e-14
6_fujita2014,26.2,kudakajimensis,-5.673758866666667e-15,NA,15,r,fujita2014,5.673758866666667e-15
6_fujita2014,26.2,kudakajimensis,-3.1205673766666666e-14,NA,15,r,fujita2014,3.1205673766666666e-14
6_fujita2014,26.2,kudakajimensis,-3.54609929e-14,NA,15,r,fujita2014,3.54609929e-14
6_fujita2014,26.2,kudakajimensis,-8.226950353333335e-14,NA,15,r,fujita2014,8.226950353333335e-14
6_fujita2014,26.2,kudakajimensis,-9.078014183333335e-14,NA,15,r,fujita2014,9.078014183333335e-14
6_fujita2014,26.2,kudakajimensis,-4.39716312e-14,NA,18,r,fujita2014,4.39716312e-14
6_fujita2014,26.2,kudakajimensis,-1.1418439716666668e-13,NA,20,r,fujita2014,1.1418439716666668e-13
6_fujita2014,26.2,kudakajimensis,-2.4822695033333336e-14,NA,20,r,fujita2014,2.4822695033333336e-14
6_fujita2014,26.2,kudakajimensis,-1.5248226950000002e-13,NA,20,r,fujita2014,1.5248226950000002e-13
6_fujita2014,26.2,kudakajimensis,-1.7801418440000003e-13,NA,20,r,fujita2014,1.7801418440000003e-13
6_fujita2014,26.2,kudakajimensis,-2.014184397e-13,NA,20,r,fujita2014,2.014184397e-13
6_fujita2014,26.2,kudakajimensis,-7.588652483333334e-14,NA,23,r,fujita2014,7.588652483333334e-14
6_fujita2014,26.2,kudakajimensis,-4.184397163333333e-14,NA,25,r,fujita2014,4.184397163333333e-14
6_fujita2014,26.2,kudakajimensis,-5.2482269500000006e-14,NA,25,r,fujita2014,5.2482269500000006e-14
6_fujita2014,26.2,kudakajimensis,-7.588652483333334e-14,NA,25,r,fujita2014,7.588652483333334e-14
6_fujita2014,26.2,kudakajimensis,-8.439716313333333e-14,NA,25,r,fujita2014,8.439716313333333e-14
6_fujita2014,26.2,kudakajimensis,-1.0992907800000002e-13,NA,25,r,fujita2014,1.0992907800000002e-13
6_fujita2014,26.2,kudakajimensis,-1.5248226950000002e-13,NA,25,r,fujita2014,1.5248226950000002e-13
6_fujita2014,26.2,kudakajimensis,-1.8865248226666667e-13,NA,25,r,fujita2014,1.8865248226666667e-13
6_fujita2014,26.2,kudakajimensis,-2.5035460993333336e-13,NA,25,r,fujita2014,2.5035460993333336e-13
6_fujita2014,26.2,kudakajimensis,-6.737588653333333e-14,NA,30,r,fujita2014,6.737588653333333e-14
6_fujita2014,26.2,kudakajimensis,-9.503546100000001e-14,NA,30,r,fujita2014,9.503546100000001e-14
6_fujita2014,26.2,kudakajimensis,-1.014184397e-13,NA,30,r,fujita2014,1.014184397e-13
6_fujita2014,26.2,kudakajimensis,-1.5886524823333335e-13,NA,30,r,fujita2014,1.5886524823333335e-13
6_fujita2014,26.2,kudakajimensis,-2.0992907800000002e-13,NA,30,r,fujita2014,2.0992907800000002e-13
6_fujita2014,26.2,kudakajimensis,-2.375886524666667e-13,NA,30,r,fujita2014,2.375886524666667e-13
6_fujita2014,26.2,kudakajimensis,-9.503546100000001e-14,NA,35,r,fujita2014,9.503546100000001e-14
6_fujita2014,26.2,kudakajimensis,-1.3120567376666667e-13,NA,35,r,fujita2014,1.3120567376666667e-13
6_fujita2014,26.2,kudakajimensis,-2.0567375886666666e-13,NA,35,r,fujita2014,2.0567375886666666e-13
6_fujita2014,26.2,kudakajimensis,-2.2907801420000003e-13,NA,35,r,fujita2014,2.2907801420000003e-13
6_fujita2014,26.2,kudakajimensis,-2.6312056736666666e-13,NA,35,r,fujita2014,2.6312056736666666e-13
6_fujita2014,26.2,kudakajimensis,-2.886524822666667e-13,NA,35,r,fujita2014,2.886524822666667e-13
6_fujita2014,26.2,kudakajimensis,-9.929078013333334e-14,NA,38,r,fujita2014,9.929078013333334e-14
6_fujita2014,26.2,kudakajimensis,-2.2695035466666668e-14,NA,40,r,fujita2014,2.2695035466666668e-14
6_fujita2014,26.2,kudakajimensis,-1.4184397163333336e-13,NA,40,r,fujita2014,1.4184397163333336e-13
6_fujita2014,26.2,kudakajimensis,-9.078014183333335e-14,NA,45,r,fujita2014,9.078014183333335e-14
1_lombard2009,29.5035,universa,5.687883289085545e-5,NA,15,r,lombard2009,5.687883289085545e-5
1_lombard2009,29.5035,universa,4.851588849557522e-5,NA,15,r,lombard2009,4.851588849557522e-5
1_lombard2009,29.5035,universa,9.541882374631268e-5,NA,20,r,lombard2009,9.541882374631268e-5
1_lombard2009,29.5035,universa,8.933668230088495e-5,NA,20,r,lombard2009,8.933668230088495e-5
1_lombard2009,29.5035,universa,8.401480870206491e-5,NA,20,r,lombard2009,8.401480870206491e-5
1_lombard2009,29.5035,universa,1.8870854926253684e-4,NA,24,r,lombard2009,1.8870854926253684e-4
1_lombard2009,29.5035,universa,1.719826604719764e-4,NA,24,r,lombard2009,1.719826604719764e-4
1_lombard2009,29.5035,universa,1.1496258525073747e-4,NA,24,r,lombard2009,1.1496258525073747e-4
1_lombard2009,29.5035,universa,3.009735792035399e-4,NA,29,r,lombard2009,3.009735792035399e-4
1_lombard2009,29.5035,universa,2.9337090250737465e-4,NA,29,r,lombard2009,2.9337090250737465e-4
1_lombard2009,29.5035,universa,2.5155792448377585e-4,NA,29,r,lombard2009,2.5155792448377585e-4
3_palme2025,35.2401, lobifera ,2.4336283185840708e-12,4.852507374631268e-12,15,r,palme2025,2.4336283185840708e-12
3_palme2025,35.2401, lobifera ,3.938053097345133e-12,1.96165191740413e-12,19,r,palme2025,3.938053097345133e-12
3_palme2025,35.2401, lobifera ,2.7728613569321535e-12,1.0103244837758112e-12,23,r,palme2025,2.7728613569321535e-12
3_palme2025,35.2401, lobifera ,6.887905604719764e-12,2.876106194690265e-13,27,r,palme2025,6.887905604719764e-12
3_palme2025,35.2401, lobifera ,5.8997050147492625e-12,1.0914454277286135e-12,31,r,palme2025,5.8997050147492625e-12
3_palme2025,35.2401, lobifera ,5.471976401179941e-12,1.0103244837758112e-12,35,r,palme2025,5.471976401179941e-12
1_deldicq2025,50.3722,germanica,3.0168946091445425e-6,1.1819390496238783e-6,6,r,deldicq2025,3.0168946091445425e-6
1_deldicq2025,50.3722,germanica,3.5915412020648967e-6,2.9030081908933705e-7,12,r,deldicq2025,3.5915412020648967e-6
1_deldicq2025,50.3722,germanica,6.033789219764012e-6,2.073577279902955e-6,18,r,deldicq2025,6.033789219764012e-6
1_deldicq2025,50.3722,germanica,8.212657548672565e-6,1.700333369535751e-6,24,r,deldicq2025,8.212657548672565e-6
1_deldicq2025,50.3722,germanica,6.20139447640118e-6,2.6127073733368218e-6,30,r,deldicq2025,6.20139447640118e-6
1_deldicq2025,50.3722,germanica,7.135195188790559e-6,1.0367886398237452e-6,36,r,deldicq2025,7.135195188790559e-6
