tpc_grp,latitude,species,mol_gCmin,sd_molgCmin,temp,metabolic_category,study_id
1_palme2025,35.2401, lobifera ,1.40117994100295e-11,3.3849557522123896e-12,15,gpp,palme2025
1_palme2025,35.2401, lobifera ,2.064896755162242e-11,2.5073746312684368e-12,19,gpp,palme2025
1_palme2025,35.2401, lobifera ,2.1091445427728615e-11,4.646017699115044e-12,23,gpp,palme2025
1_palme2025,35.2401, lobifera ,1.5339233038348085e-11,6.3200589970501486e-12,27,gpp,palme2025
1_palme2025,35.2401, lobifera ,1.1843657817109145e-11,1.976401179941003e-12,31,gpp,palme2025
1_palme2025,35.2401, lobifera ,-5.929203539823009e-12,1.480825958702065e-11,35,gpp,palme2025
2_deldicq2025,50.3722,germanica,7.86290710176991e-6,3.5006584915180213e-6,6,gpp,deldicq2025
2_deldicq2025,50.3722,germanica,7.564575933628317e-6,1.437770452046824e-6,12,gpp,deldicq2025
2_deldicq2025,50.3722,germanica,8.5172927359882e-6,3.9799153098888215e-6,18,gpp,deldicq2025
2_deldicq2025,50.3722,germanica,1.1346976861356931e-5,2.0420507869317327e-6,24,gpp,deldicq2025
2_deldicq2025,50.3722,germanica,3.5414541725663712e-06,1.8753527632949785e-6,30,gpp,deldicq2025
2_deldicq2025,50.3722,germanica,2.7619072595870205e-6,2.9172154091725764e-7,36,gpp,deldicq2025
7_fujita2014,26.4,sphaerulata,1.3401102433333335e-14,NA,5,gpp,fujita2014
7_fujita2014,26.4,sphaerulata,-3.8442265e-15,NA,10,gpp,fujita2014
7_fujita2014,26.4,sphaerulata,3.9823895766666664e-14,NA,10,gpp,fujita2014
7_fujita2014,26.4,sphaerulata,5.896151003333333e-14,NA,15,gpp,fujita2014
7_fujita2014,26.4,sphaerulata,4.003865703333334e-14,NA,15,gpp,fujita2014
7_fujita2014,26.4,sphaerulata,3.78552509e-14,NA,15,gpp,fujita2014
7_fujita2014,26.4,sphaerulata,6.416350490000001e-14,NA,17,gpp,fujita2014
7_fujita2014,26.4,sphaerulata,6.646145036666667e-14,NA,20,gpp,fujita2014
7_fujita2014,26.4,sphaerulata,1.1231297873333335e-13,NA,20,gpp,fujita2014
7_fujita2014,26.4,sphaerulata,1.6908153766666667e-13,NA,20,gpp,fujita2014
7_fujita2014,26.4,sphaerulata,2.848020617e-13,NA,20,gpp,fujita2014
7_fujita2014,26.4,sphaerulata,2.739924117666667e-13,NA,22,gpp,fujita2014
7_fujita2014,26.4,sphaerulata,3.461521941666667e-13,NA,25,gpp,fujita2014
7_fujita2014,26.4,sphaerulata,2.9375044743333337e-13,NA,25,gpp,fujita2014
7_fujita2014,26.4,sphaerulata,2.850168229666667e-13,NA,25,gpp,fujita2014
7_fujita2014,26.4,sphaerulata,2.850168229666667e-13,NA,25,gpp,fujita2014
7_fujita2014,26.4,sphaerulata,2.544491374e-13,NA,25,gpp,fujita2014
7_fujita2014,26.4,sphaerulata,2.500823251666667e-13,NA,25,gpp,fujita2014
7_fujita2014,26.4,sphaerulata,4.904717588000001e-13,NA,30,gpp,fujita2014
7_fujita2014,26.4,sphaerulata,4.4462023060000003e-13,NA,30,gpp,fujita2014
7_fujita2014,26.4,sphaerulata,4.4243682440000003e-13,NA,30,gpp,fujita2014
7_fujita2014,26.4,sphaerulata,4.948385711e-13,NA,30,gpp,fujita2014
7_fujita2014,26.4,sphaerulata,3.444054692666667e-13,NA,35,gpp,fujita2014
7_fujita2014,26.4,sphaerulata,2.810866919666667e-13,NA,35,gpp,fujita2014
7_fujita2014,26.4,sphaerulata,2.527024124666667e-13,NA,35,gpp,fujita2014
7_fujita2014,26.4,sphaerulata,4.975302453333333e-14,NA,37,gpp,fujita2014
7_fujita2014,26.4,sphaerulata,8.480206173333333e-14,NA,40,gpp,fujita2014
7_fujita2014,26.4,sphaerulata,6.733481279999999e-14,NA,40,gpp,fujita2014
7_fujita2014,26.4,sphaerulata,-8.965566610000003e-14,NA,45,gpp,fujita2014
8_fujita2014,26.4,gaudichaudii,2.1276596000000004e-15,NA,5,gpp,fujita2014
8_fujita2014,26.4,gaudichaudii,1.4893617033333332e-14,NA,10,gpp,fujita2014
8_fujita2014,26.4,gaudichaudii,3.19148936e-14,NA,10,gpp,fujita2014
8_fujita2014,26.4,gaudichaudii,3.40425532e-14,NA,15,gpp,fujita2014
8_fujita2014,26.4,gaudichaudii,3.40425532e-14,NA,15,gpp,fujita2014
8_fujita2014,26.4,gaudichaudii,2.7659574466666667e-14,NA,15,gpp,fujita2014
8_fujita2014,26.4,gaudichaudii,7.021276593333333e-14,NA,18,gpp,fujita2014
8_fujita2014,26.4,gaudichaudii,1.170212766e-13,NA,20,gpp,fujita2014
8_fujita2014,26.4,gaudichaudii,8.297872340000001e-14,NA,20,gpp,fujita2014
8_fujita2014,26.4,gaudichaudii,7.021276593333333e-14,NA,20,gpp,fujita2014
8_fujita2014,26.4,gaudichaudii,1.489361702e-13,NA,23,gpp,fujita2014
8_fujita2014,26.4,gaudichaudii,2.0638297873333336e-13,NA,25,gpp,fujita2014
8_fujita2014,26.4,gaudichaudii,1.8510638296666666e-13,NA,25,gpp,fujita2014
8_fujita2014,26.4,gaudichaudii,1.8085106383333337e-13,NA,25,gpp,fujita2014
8_fujita2014,26.4,gaudichaudii,1.5531914893333334e-13,NA,25,gpp,fujita2014
8_fujita2014,26.4,gaudichaudii,2.446808510666667e-13,NA,30,gpp,fujita2014
8_fujita2014,26.4,gaudichaudii,2.255319149e-13,NA,30,gpp,fujita2014
8_fujita2014,26.4,gaudichaudii,2.276595744666667e-13,NA,30,gpp,fujita2014
8_fujita2014,26.4,gaudichaudii,2.425531915e-13,NA,30,gpp,fujita2014
8_fujita2014,26.4,gaudichaudii,2.0000000000000003e-13,NA,35,gpp,fujita2014
8_fujita2014,26.4,gaudichaudii,1.7659574466666666e-13,NA,35,gpp,fujita2014
8_fujita2014,26.4,gaudichaudii,1.4893617023333336e-13,NA,35,gpp,fujita2014
8_fujita2014,26.4,gaudichaudii,-1.2765957466666668e-14,NA,38,gpp,fujita2014
8_fujita2014,26.4,gaudichaudii,3.191489363333333e-14,NA,40,gpp,fujita2014
8_fujita2014,26.4,gaudichaudii,2.340425533333333e-14,NA,40,gpp,fujita2014
8_fujita2014,26.4,gaudichaudii,-2.7659574466666667e-14,NA,45,gpp,fujita2014
9_fujita2014,26.2,kudakajimensis,7.234042553333335e-14,NA,5,gpp,fujita2014
5_fujita2014,26.2,kudakajimensis,1.0851063830000001e-13,NA,10,gpp,fujita2014
9_fujita2014,26.2,kudakajimensis,1.595744681e-13,NA,10,gpp,fujita2014
9_fujita2014,26.2,kudakajimensis,1.4609929076666667e-13,NA,13,gpp,fujita2014
9_fujita2014,26.2,kudakajimensis,1.3617021276666668e-13,NA,15,gpp,fujita2014
9_fujita2014,26.2,kudakajimensis,1.0425531916666668e-13,NA,15,gpp,fujita2014
9_fujita2014,26.2,kudakajimensis,2.6808510636666667e-13,NA,15,gpp,fujita2014
9_fujita2014,26.2,kudakajimensis,3.5106382976666666e-13,NA,15,gpp,fujita2014
9_fujita2014,26.2,kudakajimensis,4.042553191333334e-13,NA,15,gpp,fujita2014
9_fujita2014,26.2,kudakajimensis,2.787234042333333e-13,NA,18,gpp,fujita2014
9_fujita2014,26.2,kudakajimensis,3.617021276666667e-13,NA,20,gpp,fujita2014
9_fujita2014,26.2,kudakajimensis,2.872340425666667e-13,NA,20,gpp,fujita2014
9_fujita2014,26.2,kudakajimensis,4.361702127666667e-13,NA,20,gpp,fujita2014
9_fujita2014,26.2,kudakajimensis,6.808510637333333e-13,NA,20,gpp,fujita2014
9_fujita2014,26.2,kudakajimensis,8.595744680333335e-13,NA,20,gpp,fujita2014
9_fujita2014,26.2,kudakajimensis,4.4042553183333335e-13,NA,23,gpp,fujita2014
9_fujita2014,26.2,kudakajimensis,4.2765957463333334e-13,NA,25,gpp,fujita2014
9_fujita2014,26.2,kudakajimensis,3.7021276596666667e-13,NA,25,gpp,fujita2014
9_fujita2014,26.2,kudakajimensis,3.6595744683333333e-13,NA,25,gpp,fujita2014
9_fujita2014,26.2,kudakajimensis,3.7446808510000005e-13,NA,25,gpp,fujita2014
9_fujita2014,26.2,kudakajimensis,4.0851063830000003e-13,NA,25,gpp,fujita2014
9_fujita2014,26.2,kudakajimensis,6.872340426e-13,NA,25,gpp,fujita2014
9_fujita2014,26.2,kudakajimensis,9.212765956e-13,NA,25,gpp,fujita2014
9_fujita2014,26.2,kudakajimensis,7.276595743333334e-13,NA,30,gpp,fujita2014
9_fujita2014,26.2,kudakajimensis,6.531914893666667e-13,NA,30,gpp,fujita2014
9_fujita2014,26.2,kudakajimensis,6.893617022333333e-13,NA,30,gpp,fujita2014
9_fujita2014,26.2,kudakajimensis,6.127659573333333e-13,NA,30,gpp,fujita2014
9_fujita2014,26.2,kudakajimensis,5.659574468000001e-13,NA,30,gpp,fujita2014
9_fujita2014,26.2,kudakajimensis,5.191489363333334e-13,NA,35,gpp,fujita2014
9_fujita2014,26.2,kudakajimensis,5.340425531000001e-13,NA,35,gpp,fujita2014
9_fujita2014,26.2,kudakajimensis,5.680851065333333e-13,NA,35,gpp,fujita2014
9_fujita2014,26.2,kudakajimensis,5.787234042000001e-13,NA,35,gpp,fujita2014
9_fujita2014,26.2,kudakajimensis,5.276595744666667e-13,NA,35,gpp,fujita2014
9_fujita2014,26.2,kudakajimensis,4.5319148936666665e-13,NA,35,gpp,fujita2014
9_fujita2014,26.2,kudakajimensis,2.127659566666666e-15,NA,38,gpp,fujita2014
9_fujita2014,26.2,kudakajimensis,-6.170212766666666e-14,NA,40,gpp,fujita2014
9_fujita2014,26.2,kudakajimensis,8.5106383e-15,NA,40,gpp,fujita2014
9_fujita2014,26.2,kudakajimensis,-1.8723404256666665e-13,NA,45,gpp,fujita2014
3_lombard2009,29.5035,universa,4.5287070648967554e-4,NA,15,gpp,lombard2009
3_lombard2009,29.5035,universa,3.871176353982301e-4,NA,15,gpp,lombard2009
3_lombard2009,29.5035,universa,0.0011399191278761063,NA,20,gpp,lombard2009
3_lombard2009,29.5035,universa,0.00129452934100295,NA,20,gpp,lombard2009
3_lombard2009,29.5035,universa,0.001323641543362832,NA,20,gpp,lombard2009
3_lombard2009,29.5035,universa,0.0016865908530973453,NA,24,gpp,lombard2009
3_lombard2009,29.5035,universa,0.0016124748382005901,NA,24,gpp,lombard2009
3_lombard2009,29.5035,universa,0.0014865866110619472,NA,24,gpp,lombard2009
3_lombard2009,29.5035,universa,0.002596578642625369,NA,29,gpp,lombard2009
3_lombard2009,29.5035,universa,0.0024955118743362832,NA,29,gpp,lombard2009
