tpc_grp,depth_broad,broad_coral,latitude,species,mol_gCmin,inv_T,temp,cnidarian_type,metabolic_category,study_id
1_howe2001,shallow,hard,-38.15,versipora,1.2097030303030302e-8,40.9836416088657,10,hermatypic coral,npp,howe2001
1_howe2001,shallow,hard,-38.15,versipora,1.9724151515151516e-8,40.55396862327563,13,hermatypic coral,npp,howe2001
1_howe2001,shallow,hard,-38.15,versipora,4.3670333333333336e-8,40.1332115564597,16,hermatypic coral,npp,howe2001
1_howe2001,shallow,hard,-38.15,versipora,3.206686363636364e-8,39.857524030741274,18,hermatypic coral,npp,howe2001
1_howe2001,shallow,hard,-38.15,versipora,2.8390916666666667e-8,39.451022000851,21,hermatypic coral,npp,howe2001
1_nakamura2003,shallow,hard,34.36,pruinosa,8.094706871212121e-10,40.696188397511214,12,hermatypic coral,npp,nakamura2003
1_nakamura2003,shallow,hard,34.36,pruinosa,1.6328735704545452e-9,40.41273940989142,14,hermatypic coral,npp,nakamura2003
1_nakamura2003,shallow,hard,34.36,pruinosa,2.3308365636363635e-9,40.1332115564597,16,hermatypic coral,npp,nakamura2003
1_nakamura2003,shallow,hard,34.36,pruinosa,3.1124428553030306e-9,39.857524030741274,18,hermatypic coral,npp,nakamura2003
1_nakamura2003,shallow,hard,34.36,pruinosa,3.5318120174242422e-9,39.58559823145258,20,hermatypic coral,npp,nakamura2003
1_nakamura2003,shallow,hard,34.36,pruinosa,4.257739636363636e-9,39.31735768778696,22,hermatypic coral,npp,nakamura2003
1_nakamura2003,shallow,hard,34.36,pruinosa,4.817783898484849e-9,38.79163670917708,26,hermatypic coral,npp,nakamura2003
1_nakamura2003,shallow,hard,34.36,pruinosa,5.390457346969697e-9,38.53401335397749,28,hermatypic coral,npp,nakamura2003
1_nakamura2003,shallow,hard,34.36,pruinosa,4.876319173484848e-9,38.27978928434875,30,hermatypic coral,npp,nakamura2003
2_nakamura2003,shallow,hard,34.36,pruinosa,1.9100641583333335e-9,40.696188397511214,12,hermatypic coral,npp,nakamura2003
2_nakamura2003,shallow,hard,34.36,pruinosa,2.9145856075757574e-9,40.41273940989142,14,hermatypic coral,npp,nakamura2003
2_nakamura2003,shallow,hard,34.36,pruinosa,3.3061404909090908e-9,40.1332115564597,16,hermatypic coral,npp,nakamura2003
2_nakamura2003,shallow,hard,34.36,pruinosa,3.530458890151515e-9,39.857524030741274,18,hermatypic coral,npp,nakamura2003
2_nakamura2003,shallow,hard,34.36,pruinosa,3.754727174242424e-9,39.58559823145258,20,hermatypic coral,npp,nakamura2003
2_nakamura2003,shallow,hard,34.36,pruinosa,4.2994861121212115e-9,39.31735768778696,22,hermatypic coral,npp,nakamura2003
2_nakamura2003,shallow,hard,34.36,pruinosa,4.649194287878788e-9,39.052727987717724,24,hermatypic coral,npp,nakamura2003
2_nakamura2003,shallow,hard,34.36,pruinosa,4.608851054545454e-9,38.79163670917708,26,hermatypic coral,npp,nakamura2003
2_nakamura2003,shallow,hard,34.36,pruinosa,4.387289025e-9,38.53401335397749,28,hermatypic coral,npp,nakamura2003
2_nakamura2003,shallow,hard,34.36,pruinosa,3.3577096666666664e-9,38.27978928434875,30,hermatypic coral,npp,nakamura2003
17_becker2021,shallow,hard,-17.5388,spp.,2.5374137272727273e-11,39.58559823145258,20,hermatypic coral,npp,becker2021
17_becker2021,shallow,hard,-17.5388,spp.,3.825540613636363e-11,39.31735768778696,22,hermatypic coral,npp,becker2021
17_becker2021,shallow,hard,-17.5388,spp.,4.942605409090908e-11,39.052727987717724,24,hermatypic coral,npp,becker2021
17_becker2021,shallow,hard,-17.5388,spp.,5.275792681818181e-11,38.53401335397749,28,hermatypic coral,npp,becker2021
17_becker2021,shallow,hard,-17.5388,spp.,4.915191484848485e-11,38.27978928434875,30,hermatypic coral,npp,becker2021
17_becker2021,shallow,hard,-17.5388,spp.,4.2722052424242426e-11,38.028897661970575,32,hermatypic coral,npp,becker2021
17_becker2021,shallow,hard,-17.5388,spp.,3.2737393863636364e-11,37.781273389387344,34,hermatypic coral,npp,becker2021
17_becker2021,shallow,hard,-17.5388,spp.,1.4595562651515152e-11,37.53685305369666,36,hermatypic coral,npp,becker2021
17_becker2021,shallow,hard,-17.5388,spp.,-8.987345757575757e-12,37.4158249929077,37,hermatypic coral,npp,becker2021
18_becker2021,shallow,hard,-17.5388,spp.,1.2508622348484848e-11,39.58559823145258,20,hermatypic coral,npp,becker2021
18_becker2021,shallow,hard,-17.5388,spp.,2.7156543939393935e-11,39.31735768778696,22,hermatypic coral,npp,becker2021
18_becker2021,shallow,hard,-17.5388,spp.,3.056215757575757e-11,39.052727987717724,24,hermatypic coral,npp,becker2021
18_becker2021,shallow,hard,-17.5388,spp.,4.10031403030303e-11,38.53401335397749,28,hermatypic coral,npp,becker2021
18_becker2021,shallow,hard,-17.5388,spp.,3.723732712121212e-11,38.27978928434875,30,hermatypic coral,npp,becker2021
18_becker2021,shallow,hard,-17.5388,spp.,3.5711240833333334e-11,38.028897661970575,32,hermatypic coral,npp,becker2021
18_becker2021,shallow,hard,-17.5388,spp.,2.4889446439393938e-11,37.781273389387344,34,hermatypic coral,npp,becker2021
18_becker2021,shallow,hard,-17.5388,spp.,2.2708761363636363e-12,37.53685305369666,36,hermatypic coral,npp,becker2021
18_becker2021,shallow,hard,-17.5388,spp.,-1.807415121212121e-11,37.4158249929077,37,hermatypic coral,npp,becker2021
19_becker2021,shallow,hard,-17.5388,spp.,2.737001636363636e-11,39.58559823145258,20,hermatypic coral,npp,becker2021
19_becker2021,shallow,hard,-17.5388,spp.,3.6789638484848485e-11,39.31735768778696,22,hermatypic coral,npp,becker2021
19_becker2021,shallow,hard,-17.5388,spp.,4.60823303030303e-11,39.052727987717724,24,hermatypic coral,npp,becker2021
19_becker2021,shallow,hard,-17.5388,spp.,5.940698803030302e-11,38.53401335397749,28,hermatypic coral,npp,becker2021
19_becker2021,shallow,hard,-17.5388,spp.,5.498616553030303e-11,38.27978928434875,30,hermatypic coral,npp,becker2021
19_becker2021,shallow,hard,-17.5388,spp.,4.810219583333333e-11,38.028897661970575,32,hermatypic coral,npp,becker2021
19_becker2021,shallow,hard,-17.5388,spp.,3.843113696969697e-11,37.781273389387344,34,hermatypic coral,npp,becker2021
19_becker2021,shallow,hard,-17.5388,spp.,9.789722348484848e-12,37.53685305369666,36,hermatypic coral,npp,becker2021
19_becker2021,shallow,hard,-17.5388,spp.,-1.3843173333333332e-11,37.4158249929077,37,hermatypic coral,npp,becker2021
20_becker2021,shallow,hard,-17.5388,spp.,2.874470174242424e-11,39.58559823145258,20,hermatypic coral,npp,becker2021
20_becker2021,shallow,hard,-17.5388,spp.,3.958566098484848e-11,39.31735768778696,22,hermatypic coral,npp,becker2021
20_becker2021,shallow,hard,-17.5388,spp.,4.783504765151515e-11,39.052727987717724,24,hermatypic coral,npp,becker2021
20_becker2021,shallow,hard,-17.5388,spp.,6.143174818181818e-11,38.53401335397749,28,hermatypic coral,npp,becker2021
20_becker2021,shallow,hard,-17.5388,spp.,4.583703469696969e-11,38.27978928434875,30,hermatypic coral,npp,becker2021
20_becker2021,shallow,hard,-17.5388,spp.,4.247576507575758e-11,38.028897661970575,32,hermatypic coral,npp,becker2021
20_becker2021,shallow,hard,-17.5388,spp.,3.650243931818182e-11,37.781273389387344,34,hermatypic coral,npp,becker2021
20_becker2021,shallow,hard,-17.5388,spp.,2.2663511363636362e-11,37.53685305369666,36,hermatypic coral,npp,becker2021
20_becker2021,shallow,hard,-17.5388,spp.,-2.1578914924242423e-11,37.4158249929077,37,hermatypic coral,npp,becker2021
21_becker2021,shallow,hard,-17.5388,spp.,2.2038619924242422e-11,39.58559823145258,20,hermatypic coral,npp,becker2021
21_becker2021,shallow,hard,-17.5388,spp.,2.5107857424242423e-11,39.31735768778696,22,hermatypic coral,npp,becker2021
21_becker2021,shallow,hard,-17.5388,spp.,3.717420015151515e-11,39.052727987717724,24,hermatypic coral,npp,becker2021
21_becker2021,shallow,hard,-17.5388,spp.,4.821261628787878e-11,38.53401335397749,28,hermatypic coral,npp,becker2021
21_becker2021,shallow,hard,-17.5388,spp.,4.429850090909091e-11,38.27978928434875,30,hermatypic coral,npp,becker2021
21_becker2021,shallow,hard,-17.5388,spp.,4.061332477272727e-11,38.028897661970575,32,hermatypic coral,npp,becker2021
21_becker2021,shallow,hard,-17.5388,spp.,2.2444075227272725e-11,37.781273389387344,34,hermatypic coral,npp,becker2021
21_becker2021,shallow,hard,-17.5388,spp.,-2.352641818181818e-12,37.53685305369666,36,hermatypic coral,npp,becker2021
21_becker2021,shallow,hard,-17.5388,spp.,-2.109364325757576e-11,37.4158249929077,37,hermatypic coral,npp,becker2021
22_becker2021,shallow,hard,-17.5388,spp.,3.210619583333333e-11,39.58559823145258,20,hermatypic coral,npp,becker2021
22_becker2021,shallow,hard,-17.5388,spp.,3.982755833333334e-11,39.31735768778696,22,hermatypic coral,npp,becker2021
22_becker2021,shallow,hard,-17.5388,spp.,4.2278936287878784e-11,39.052727987717724,24,hermatypic coral,npp,becker2021
22_becker2021,shallow,hard,-17.5388,spp.,5.6560300757575757e-11,38.53401335397749,28,hermatypic coral,npp,becker2021
22_becker2021,shallow,hard,-17.5388,spp.,4.789760106060606e-11,38.27978928434875,30,hermatypic coral,npp,becker2021
22_becker2021,shallow,hard,-17.5388,spp.,4.6527557424242426e-11,38.028897661970575,32,hermatypic coral,npp,becker2021
22_becker2021,shallow,hard,-17.5388,spp.,2.8483526136363633e-11,37.781273389387344,34,hermatypic coral,npp,becker2021
22_becker2021,shallow,hard,-17.5388,spp.,1.514233409090909e-12,37.53685305369666,36,hermatypic coral,npp,becker2021
22_becker2021,shallow,hard,-17.5388,spp.,-1.801234515151515e-11,37.4158249929077,37,hermatypic coral,npp,becker2021
23_becker2021,shallow,hard,-17.5388,spp.,1.6034714924242424e-11,39.58559823145258,20,hermatypic coral,npp,becker2021
23_becker2021,shallow,hard,-17.5388,spp.,2.841218674242424e-11,39.31735768778696,22,hermatypic coral,npp,becker2021
23_becker2021,shallow,hard,-17.5388,spp.,3.196796227272727e-11,39.052727987717724,24,hermatypic coral,npp,becker2021
23_becker2021,shallow,hard,-17.5388,spp.,4.0910391212121205e-11,38.53401335397749,28,hermatypic coral,npp,becker2021
23_becker2021,shallow,hard,-17.5388,spp.,3.36966028030303e-11,38.27978928434875,30,hermatypic coral,npp,becker2021
23_becker2021,shallow,hard,-17.5388,spp.,2.8658094318181817e-11,38.028897661970575,32,hermatypic coral,npp,becker2021
23_becker2021,shallow,hard,-17.5388,spp.,1.5520548863636363e-11,37.781273389387344,34,hermatypic coral,npp,becker2021
23_becker2021,shallow,hard,-17.5388,spp.,3.854042045454545e-12,37.53685305369666,36,hermatypic coral,npp,becker2021
23_becker2021,shallow,hard,-17.5388,spp.,-1.5660411136363637e-11,37.4158249929077,37,hermatypic coral,npp,becker2021
24_becker2021,shallow,hard,-17.5388,spp.,2.924821022727273e-11,39.58559823145258,20,hermatypic coral,npp,becker2021
24_becker2021,shallow,hard,-17.5388,spp.,3.755294015151515e-11,39.31735768778696,22,hermatypic coral,npp,becker2021
24_becker2021,shallow,hard,-17.5388,spp.,4.111796765151515e-11,39.052727987717724,24,hermatypic coral,npp,becker2021
24_becker2021,shallow,hard,-17.5388,spp.,4.806277325757576e-11,38.53401335397749,28,hermatypic coral,npp,becker2021
24_becker2021,shallow,hard,-17.5388,spp.,4.6616327121212115e-11,38.27978928434875,30,hermatypic coral,npp,becker2021
24_becker2021,shallow,hard,-17.5388,spp.,3.725428204545454e-11,38.028897661970575,32,hermatypic coral,npp,becker2021
24_becker2021,shallow,hard,-17.5388,spp.,3.615239696969696e-11,37.781273389387344,34,hermatypic coral,npp,becker2021
24_becker2021,shallow,hard,-17.5388,spp.,1.4366679924242424e-11,37.53685305369666,36,hermatypic coral,npp,becker2021
24_becker2021,shallow,hard,-17.5388,spp.,-1.602733318181818e-11,37.4158249929077,37,hermatypic coral,npp,becker2021
25_becker2021,shallow,hard,-17.5388,spp.,1.5853876893939394e-11,39.58559823145258,20,hermatypic coral,npp,becker2021
25_becker2021,shallow,hard,-17.5388,spp.,2.9461827727272726e-11,39.31735768778696,22,hermatypic coral,npp,becker2021
25_becker2021,shallow,hard,-17.5388,spp.,3.61897278030303e-11,39.052727987717724,24,hermatypic coral,npp,becker2021
25_becker2021,shallow,hard,-17.5388,spp.,4.445460242424243e-11,38.53401335397749,28,hermatypic coral,npp,becker2021
25_becker2021,shallow,hard,-17.5388,spp.,4.417484287878788e-11,38.27978928434875,30,hermatypic coral,npp,becker2021
25_becker2021,shallow,hard,-17.5388,spp.,3.7659863333333334e-11,38.028897661970575,32,hermatypic coral,npp,becker2021
25_becker2021,shallow,hard,-17.5388,spp.,2.768495333333333e-11,37.781273389387344,34,hermatypic coral,npp,becker2021
25_becker2021,shallow,hard,-17.5388,spp.,5.370223863636364e-12,37.53685305369666,36,hermatypic coral,npp,becker2021
25_becker2021,shallow,hard,-17.5388,spp.,-1.949898787878788e-11,37.4158249929077,37,hermatypic coral,npp,becker2021
26_becker2021,shallow,hard,-17.5388,spp.,2.1935557272727272e-11,39.58559823145258,20,hermatypic coral,npp,becker2021
26_becker2021,shallow,hard,-17.5388,spp.,3.100382515151515e-11,39.31735768778696,22,hermatypic coral,npp,becker2021
26_becker2021,shallow,hard,-17.5388,spp.,3.9334142878787876e-11,39.052727987717724,24,hermatypic coral,npp,becker2021
26_becker2021,shallow,hard,-17.5388,spp.,5.290561098484848e-11,38.53401335397749,28,hermatypic coral,npp,becker2021
26_becker2021,shallow,hard,-17.5388,spp.,4.922851386363636e-11,38.27978928434875,30,hermatypic coral,npp,becker2021
26_becker2021,shallow,hard,-17.5388,spp.,4.135662507575758e-11,38.028897661970575,32,hermatypic coral,npp,becker2021
26_becker2021,shallow,hard,-17.5388,spp.,2.8490299393939395e-11,37.781273389387344,34,hermatypic coral,npp,becker2021
26_becker2021,shallow,hard,-17.5388,spp.,6.419981818181818e-12,37.53685305369666,36,hermatypic coral,npp,becker2021
26_becker2021,shallow,hard,-17.5388,spp.,-1.40442325e-11,37.4158249929077,37,hermatypic coral,npp,becker2021
27_becker2021,shallow,hard,-17.5388,spp.,2.3959348030303027e-11,39.58559823145258,20,hermatypic coral,npp,becker2021
27_becker2021,shallow,hard,-17.5388,spp.,3.224104265151515e-11,39.31735768778696,22,hermatypic coral,npp,becker2021
27_becker2021,shallow,hard,-17.5388,spp.,3.967812803030303e-11,39.052727987717724,24,hermatypic coral,npp,becker2021
27_becker2021,shallow,hard,-17.5388,spp.,4.7879204772727274e-11,38.53401335397749,28,hermatypic coral,npp,becker2021
27_becker2021,shallow,hard,-17.5388,spp.,4.31424825e-11,38.27978928434875,30,hermatypic coral,npp,becker2021
27_becker2021,shallow,hard,-17.5388,spp.,4.041424696969697e-11,38.028897661970575,32,hermatypic coral,npp,becker2021
27_becker2021,shallow,hard,-17.5388,spp.,2.3717684848484847e-11,37.781273389387344,34,hermatypic coral,npp,becker2021
27_becker2021,shallow,hard,-17.5388,spp.,5.160386363636363e-12,37.53685305369666,36,hermatypic coral,npp,becker2021
27_becker2021,shallow,hard,-17.5388,spp.,-1.2040471363636363e-11,37.4158249929077,37,hermatypic coral,npp,becker2021
28_becker2021,shallow,hard,-17.5388,spp.,7.895851742424242e-12,39.58559823145258,20,hermatypic coral,npp,becker2021
28_becker2021,shallow,hard,-17.5388,spp.,9.029955151515151e-12,39.31735768778696,22,hermatypic coral,npp,becker2021
28_becker2021,shallow,hard,-17.5388,spp.,1.1958764015151513e-11,39.052727987717724,24,hermatypic coral,npp,becker2021
28_becker2021,shallow,hard,-17.5388,spp.,2.4113639090909093e-11,38.53401335397749,28,hermatypic coral,npp,becker2021
28_becker2021,shallow,hard,-17.5388,spp.,2.0446438560606063e-11,38.27978928434875,30,hermatypic coral,npp,becker2021
28_becker2021,shallow,hard,-17.5388,spp.,1.7336570681818182e-11,38.028897661970575,32,hermatypic coral,npp,becker2021
28_becker2021,shallow,hard,-17.5388,spp.,6.207214545454545e-12,37.781273389387344,34,hermatypic coral,npp,becker2021
28_becker2021,shallow,hard,-17.5388,spp.,-4.924855681818182e-12,37.53685305369666,36,hermatypic coral,npp,becker2021
28_becker2021,shallow,hard,-17.5388,spp.,-1.8489778939393938e-11,37.4158249929077,37,hermatypic coral,npp,becker2021
29_becker2021,shallow,hard,-17.5388,spp.,2.0962710151515153e-11,39.58559823145258,20,hermatypic coral,npp,becker2021
29_becker2021,shallow,hard,-17.5388,spp.,1.728410787878788e-11,39.31735768778696,22,hermatypic coral,npp,becker2021
29_becker2021,shallow,hard,-17.5388,spp.,2.0050942575757578e-11,39.052727987717724,24,hermatypic coral,npp,becker2021
29_becker2021,shallow,hard,-17.5388,spp.,2.0122818409090905e-11,38.53401335397749,28,hermatypic coral,npp,becker2021
29_becker2021,shallow,hard,-17.5388,spp.,1.7977895454545452e-11,38.27978928434875,30,hermatypic coral,npp,becker2021
29_becker2021,shallow,hard,-17.5388,spp.,1.4911907954545452e-11,38.028897661970575,32,hermatypic coral,npp,becker2021
29_becker2021,shallow,hard,-17.5388,spp.,3.5165129545454544e-12,37.781273389387344,34,hermatypic coral,npp,becker2021
29_becker2021,shallow,hard,-17.5388,spp.,-6.9785873484848484e-12,37.53685305369666,36,hermatypic coral,npp,becker2021
29_becker2021,shallow,hard,-17.5388,spp.,-2.45311075e-11,37.4158249929077,37,hermatypic coral,npp,becker2021
30_becker2021,shallow,hard,-17.5388,spp.,1.8439797121212122e-11,39.58559823145258,20,hermatypic coral,npp,becker2021
30_becker2021,shallow,hard,-17.5388,spp.,2.599924871212121e-11,39.31735768778696,22,hermatypic coral,npp,becker2021
30_becker2021,shallow,hard,-17.5388,spp.,3.528449939393939e-11,39.052727987717724,24,hermatypic coral,npp,becker2021
30_becker2021,shallow,hard,-17.5388,spp.,4.3541634090909093e-11,38.53401335397749,28,hermatypic coral,npp,becker2021
30_becker2021,shallow,hard,-17.5388,spp.,3.831040477272727e-11,38.27978928434875,30,hermatypic coral,npp,becker2021
30_becker2021,shallow,hard,-17.5388,spp.,3.4619341893939394e-11,38.028897661970575,32,hermatypic coral,npp,becker2021
30_becker2021,shallow,hard,-17.5388,spp.,1.5576902045454542e-11,37.781273389387344,34,hermatypic coral,npp,becker2021
30_becker2021,shallow,hard,-17.5388,spp.,-4.759454166666667e-12,37.53685305369666,36,hermatypic coral,npp,becker2021
30_becker2021,shallow,hard,-17.5388,spp.,-2.4552617424242422e-11,37.4158249929077,37,hermatypic coral,npp,becker2021
31_becker2021,shallow,hard,-17.5388,spp.,1.991276227272727e-11,39.58559823145258,20,hermatypic coral,npp,becker2021
31_becker2021,shallow,hard,-17.5388,spp.,2.9692351287878786e-11,39.31735768778696,22,hermatypic coral,npp,becker2021
31_becker2021,shallow,hard,-17.5388,spp.,3.6869965000000003e-11,39.052727987717724,24,hermatypic coral,npp,becker2021
31_becker2021,shallow,hard,-17.5388,spp.,4.644301931818182e-11,38.53401335397749,28,hermatypic coral,npp,becker2021
31_becker2021,shallow,hard,-17.5388,spp.,4.44820675e-11,38.27978928434875,30,hermatypic coral,npp,becker2021
31_becker2021,shallow,hard,-17.5388,spp.,4.143039878787879e-11,38.028897661970575,32,hermatypic coral,npp,becker2021
31_becker2021,shallow,hard,-17.5388,spp.,2.887020893939394e-11,37.781273389387344,34,hermatypic coral,npp,becker2021
31_becker2021,shallow,hard,-17.5388,spp.,1.1572109772727272e-11,37.53685305369666,36,hermatypic coral,npp,becker2021
31_becker2021,shallow,hard,-17.5388,spp.,-8.730070530303029e-12,37.4158249929077,37,hermatypic coral,npp,becker2021
32_becker2021,shallow,hard,-17.5388,spp.,1.6859820378787877e-11,39.58559823145258,20,hermatypic coral,npp,becker2021
32_becker2021,shallow,hard,-17.5388,spp.,1.9620716515151515e-11,39.31735768778696,22,hermatypic coral,npp,becker2021
32_becker2021,shallow,hard,-17.5388,spp.,2.4662479393939392e-11,39.052727987717724,24,hermatypic coral,npp,becker2021
32_becker2021,shallow,hard,-17.5388,spp.,3.187940053030303e-11,38.53401335397749,28,hermatypic coral,npp,becker2021
32_becker2021,shallow,hard,-17.5388,spp.,2.6524131818181814e-11,38.27978928434875,30,hermatypic coral,npp,becker2021
32_becker2021,shallow,hard,-17.5388,spp.,2.398690590909091e-11,38.028897661970575,32,hermatypic coral,npp,becker2021
32_becker2021,shallow,hard,-17.5388,spp.,1.3486942954545454e-11,37.781273389387344,34,hermatypic coral,npp,becker2021
32_becker2021,shallow,hard,-17.5388,spp.,-2.8833047727272728e-12,37.53685305369666,36,hermatypic coral,npp,becker2021
32_becker2021,shallow,hard,-17.5388,spp.,-1.5208444772727272e-11,37.4158249929077,37,hermatypic coral,npp,becker2021
2_jiang2021,shallow,hard,18.2217,damicornis,4.6306684107259643e-4,38.66239587389746,27,brooding coral,npp,jiang2021
2_jiang2021,shallow,hard,18.2217,damicornis,8.831687115761936e-4,38.40648062733848,29,brooding coral,npp,jiang2021
2_jiang2021,shallow,hard,18.2217,damicornis,0.001145732387181164,38.15393102597508,31,brooding coral,npp,jiang2021
2_jiang2021,shallow,hard,18.2217,damicornis,8.640731720078482e-4,38.028897661970575,32,brooding coral,npp,jiang2021
2_jiang2021,shallow,hard,18.2217,damicornis,-2.2437258992805755e-4,37.9046811090979,33,brooding coral,npp,jiang2021
1_castillohelmuth2005,shallow,hard,16.1,annularis,5.950552826704545e-11,38.27978928434875,30,hermatypic coral,npp,castillohelmuth2005
1_castillohelmuth2005,shallow,hard,16.1,annularis,8.509930385890152e-11,38.27978928434875,30,hermatypic coral,npp,castillohelmuth2005
1_castillohelmuth2005,shallow,hard,16.1,annularis,1.266891891808712e-10,38.27978928434875,30,hermatypic coral,npp,castillohelmuth2005
1_castillohelmuth2005,shallow,hard,16.1,annularis,1.0109541358901515e-10,38.15393102597508,31,hermatypic coral,npp,castillohelmuth2005
1_castillohelmuth2005,shallow,hard,16.1,annularis,1.1709152334280302e-10,38.15393102597508,31,hermatypic coral,npp,castillohelmuth2005
1_castillohelmuth2005,shallow,hard,16.1,annularis,1.5548218674242425e-10,38.15393102597508,31,hermatypic coral,npp,castillohelmuth2005
1_castillohelmuth2005,shallow,hard,16.1,annularis,1.3628685504261363e-10,38.028897661970575,32,hermatypic coral,npp,castillohelmuth2005
1_castillohelmuth2005,shallow,hard,16.1,annularis,1.6507985258049243e-10,38.028897661970575,32,hermatypic coral,npp,castillohelmuth2005
1_castillohelmuth2005,shallow,hard,16.1,annularis,1.7787674038825758e-10,38.028897661970575,32,hermatypic coral,npp,castillohelmuth2005
1_castillohelmuth2005,shallow,hard,16.1,annularis,1.3948607698863638e-10,37.9046811090979,33,hermatypic coral,npp,castillohelmuth2005
1_castillohelmuth2005,shallow,hard,16.1,annularis,1.4908374282670454e-10,37.9046811090979,33,hermatypic coral,npp,castillohelmuth2005
1_castillohelmuth2005,shallow,hard,16.1,annularis,2.034705159801136e-10,37.9046811090979,33,hermatypic coral,npp,castillohelmuth2005
1_castillohelmuth2005,shallow,hard,16.1,annularis,3.391175265151515e-11,37.781273389387344,34,hermatypic coral,npp,castillohelmuth2005
1_castillohelmuth2005,shallow,hard,16.1,annularis,7.550163799715907e-11,37.781273389387344,34,hermatypic coral,npp,castillohelmuth2005
1_castillohelmuth2005,shallow,hard,16.1,annularis,7.87008599431818e-11,37.781273389387344,34,hermatypic coral,npp,castillohelmuth2005
1_castillohelmuth2005,shallow,hard,16.1,annularis,2.1114864865056814e-11,37.65866662842876,35,hermatypic coral,npp,castillohelmuth2005
1_castillohelmuth2005,shallow,hard,16.1,annularis,3.071253070549242e-11,37.65866662842876,35,hermatypic coral,npp,castillohelmuth2005
1_castillohelmuth2005,shallow,hard,16.1,annularis,4.990786240530303e-11,37.65866662842876,35,hermatypic coral,npp,castillohelmuth2005
2_castillohelmuth2005,shallow,hard,16.1,annularis,1.0429463553503787e-10,38.27978928434875,30,hermatypic coral,npp,castillohelmuth2005
2_castillohelmuth2005,shallow,hard,16.1,annularis,1.1069307945075757e-10,38.27978928434875,30,hermatypic coral,npp,castillohelmuth2005
2_castillohelmuth2005,shallow,hard,16.1,annularis,1.4268529893465907e-10,38.27978928434875,30,hermatypic coral,npp,castillohelmuth2005
2_castillohelmuth2005,shallow,hard,16.1,annularis,1.7787674038825758e-10,38.15393102597508,31,hermatypic coral,npp,castillohelmuth2005
2_castillohelmuth2005,shallow,hard,16.1,annularis,1.9067362817234846e-10,38.15393102597508,31,hermatypic coral,npp,castillohelmuth2005
2_castillohelmuth2005,shallow,hard,16.1,annularis,2.0666973792613635e-10,38.15393102597508,31,hermatypic coral,npp,castillohelmuth2005
2_castillohelmuth2005,shallow,hard,16.1,annularis,2.034705159801136e-10,38.028897661970575,32,hermatypic coral,npp,castillohelmuth2005
2_castillohelmuth2005,shallow,hard,16.1,annularis,2.130681818181818e-10,38.028897661970575,32,hermatypic coral,npp,castillohelmuth2005
2_castillohelmuth2005,shallow,hard,16.1,annularis,2.2266584765625e-10,38.028897661970575,32,hermatypic coral,npp,castillohelmuth2005
2_castillohelmuth2005,shallow,hard,16.1,annularis,1.9067362817234846e-10,37.9046811090979,33,hermatypic coral,npp,castillohelmuth2005
2_castillohelmuth2005,shallow,hard,16.1,annularis,2.5145884517045453e-10,37.9046811090979,33,hermatypic coral,npp,castillohelmuth2005
2_castillohelmuth2005,shallow,hard,16.1,annularis,2.658553439867424e-10,37.9046811090979,33,hermatypic coral,npp,castillohelmuth2005
2_castillohelmuth2005,shallow,hard,16.1,annularis,5.3107084351325754e-11,37.781273389387344,34,hermatypic coral,npp,castillohelmuth2005
2_castillohelmuth2005,shallow,hard,16.1,annularis,6.59039721590909e-11,37.781273389387344,34,hermatypic coral,npp,castillohelmuth2005
2_castillohelmuth2005,shallow,hard,16.1,annularis,8.509930385890152e-11,37.781273389387344,34,hermatypic coral,npp,castillohelmuth2005
2_castillohelmuth2005,shallow,hard,16.1,annularis,8.317977069128788e-12,37.65866662842876,35,hermatypic coral,npp,castillohelmuth2005
2_castillohelmuth2005,shallow,hard,16.1,annularis,2.4314086813446966e-11,37.65866662842876,35,hermatypic coral,npp,castillohelmuth2005
2_castillohelmuth2005,shallow,hard,16.1,annularis,1.7915642916666668e-11,37.65866662842876,35,hermatypic coral,npp,castillohelmuth2005
5_silbiger2019,shallow,hard,9.14,franksi,1.4943817613636363e-10,39.451022000851,21,hermatypic coral,npp,silbiger2019
5_silbiger2019,shallow,hard,9.14,franksi,1.614290243181818e-10,38.79163670917708,26,hermatypic coral,npp,silbiger2019
5_silbiger2019,shallow,hard,9.14,franksi,3.0661281689393937e-10,38.53401335397749,28,hermatypic coral,npp,silbiger2019
5_silbiger2019,shallow,hard,9.14,franksi,1.5783115545454545e-10,38.40648062733848,29,hermatypic coral,npp,silbiger2019
5_silbiger2019,shallow,hard,9.14,franksi,2.0074199196969697e-10,38.27978928434875,30,hermatypic coral,npp,silbiger2019
5_silbiger2019,shallow,hard,9.14,franksi,1.8035932022727271e-10,38.15393102597508,31,hermatypic coral,npp,silbiger2019
5_silbiger2019,shallow,hard,9.14,franksi,1.814469803030303e-10,37.9046811090979,33,hermatypic coral,npp,silbiger2019
5_silbiger2019,shallow,hard,9.14,franksi,2.6269492704545456e-10,37.781273389387344,34,hermatypic coral,npp,silbiger2019
5_silbiger2019,shallow,hard,9.14,franksi,2.2368707954545456e-11,37.53685305369666,36,hermatypic coral,npp,silbiger2019
6_silbiger2019,shallow,hard,9.14,franksi,1.1934818984848484e-10,39.31735768778696,22,hermatypic coral,npp,silbiger2019
6_silbiger2019,shallow,hard,9.14,franksi,1.8184396219696968e-10,38.79163670917708,26,hermatypic coral,npp,silbiger2019
6_silbiger2019,shallow,hard,9.14,franksi,1.3558975113636363e-10,38.53401335397749,28,hermatypic coral,npp,silbiger2019
6_silbiger2019,shallow,hard,9.14,franksi,2.0028898878787878e-10,38.40648062733848,29,hermatypic coral,npp,silbiger2019
6_silbiger2019,shallow,hard,9.14,franksi,1.8673378939393936e-10,38.27978928434875,30,hermatypic coral,npp,silbiger2019
6_silbiger2019,shallow,hard,9.14,franksi,1.996691243939394e-10,38.15393102597508,31,hermatypic coral,npp,silbiger2019
6_silbiger2019,shallow,hard,9.14,franksi,1.9295978984848486e-10,38.028897661970575,32,hermatypic coral,npp,silbiger2019
6_silbiger2019,shallow,hard,9.14,franksi,1.9634126151515153e-10,37.9046811090979,33,hermatypic coral,npp,silbiger2019
6_silbiger2019,shallow,hard,9.14,franksi,2.663819367424242e-10,37.781273389387344,34,hermatypic coral,npp,silbiger2019
6_silbiger2019,shallow,hard,9.14,franksi,3.679700515151515e-11,37.53685305369666,36,hermatypic coral,npp,silbiger2019
7_silbiger2019,shallow,hard,9.14,franksi,1.516286890151515e-10,39.451022000851,21,hermatypic coral,npp,silbiger2019
7_silbiger2019,shallow,hard,9.14,franksi,1.220460240909091e-10,38.53401335397749,28,hermatypic coral,npp,silbiger2019
7_silbiger2019,shallow,hard,9.14,franksi,9.861688689393938e-11,38.40648062733848,29,hermatypic coral,npp,silbiger2019
7_silbiger2019,shallow,hard,9.14,franksi,1.7739966204545453e-10,38.27978928434875,30,hermatypic coral,npp,silbiger2019
7_silbiger2019,shallow,hard,9.14,franksi,1.4940379363636362e-10,38.15393102597508,31,hermatypic coral,npp,silbiger2019
7_silbiger2019,shallow,hard,9.14,franksi,1.1191943780303029e-10,38.028897661970575,32,hermatypic coral,npp,silbiger2019
7_silbiger2019,shallow,hard,9.14,franksi,1.4057973272727272e-10,37.9046811090979,33,hermatypic coral,npp,silbiger2019
7_silbiger2019,shallow,hard,9.14,franksi,1.562093731060606e-10,37.781273389387344,34,hermatypic coral,npp,silbiger2019
8_silbiger2019,shallow,hard,9.14,franksi,1.1892998113636365e-10,39.451022000851,21,hermatypic coral,npp,silbiger2019
8_silbiger2019,shallow,hard,9.14,franksi,1.5320780060606058e-10,38.79163670917708,26,hermatypic coral,npp,silbiger2019
8_silbiger2019,shallow,hard,9.14,franksi,1.435476375e-10,38.53401335397749,28,hermatypic coral,npp,silbiger2019
8_silbiger2019,shallow,hard,9.14,franksi,1.6806608598484845e-10,38.40648062733848,29,hermatypic coral,npp,silbiger2019
8_silbiger2019,shallow,hard,9.14,franksi,1.51126675530303e-10,38.27978928434875,30,hermatypic coral,npp,silbiger2019
8_silbiger2019,shallow,hard,9.14,franksi,1.626383184090909e-10,38.028897661970575,32,hermatypic coral,npp,silbiger2019
8_silbiger2019,shallow,hard,9.14,franksi,1.2753990325757575e-10,38.028897661970575,32,hermatypic coral,npp,silbiger2019
8_silbiger2019,shallow,hard,9.14,franksi,1.6799600068181818e-10,37.9046811090979,33,hermatypic coral,npp,silbiger2019
8_silbiger2019,shallow,hard,9.14,franksi,9.095237272727274e-11,37.781273389387344,34,hermatypic coral,npp,silbiger2019
1_silbiger2019,shallow,hard,32.27,franksi,8.590819484848484e-11,39.052727987717724,24,hermatypic coral,npp,silbiger2019
1_silbiger2019,shallow,hard,32.27,franksi,5.876662734848485e-11,38.79163670917708,26,hermatypic coral,npp,silbiger2019
1_silbiger2019,shallow,hard,32.27,franksi,3.84322384090909e-11,38.66239587389746,27,hermatypic coral,npp,silbiger2019
1_silbiger2019,shallow,hard,32.27,franksi,9.873639393939394e-11,38.40648062733848,29,hermatypic coral,npp,silbiger2019
1_silbiger2019,shallow,hard,32.27,franksi,8.092022901515152e-11,38.15393102597508,31,hermatypic coral,npp,silbiger2019
1_silbiger2019,shallow,hard,32.27,franksi,8.372436393939395e-11,38.028897661970575,32,hermatypic coral,npp,silbiger2019
1_silbiger2019,shallow,hard,32.27,franksi,3.193752568181818e-11,37.781273389387344,34,hermatypic coral,npp,silbiger2019
1_silbiger2019,shallow,hard,32.27,franksi,-4.3250180757575755e-11,37.53685305369666,36,hermatypic coral,npp,silbiger2019
2_silbiger2019,shallow,hard,32.27,franksi,4.6839146212121215e-11,39.052727987717724,24,hermatypic coral,npp,silbiger2019
2_silbiger2019,shallow,hard,32.27,franksi,5.113654916666666e-11,38.79163670917708,26,hermatypic coral,npp,silbiger2019
2_silbiger2019,shallow,hard,32.27,franksi,5.247376840909091e-11,38.66239587389746,27,hermatypic coral,npp,silbiger2019
2_silbiger2019,shallow,hard,32.27,franksi,1.2558718606060607e-10,38.40648062733848,29,hermatypic coral,npp,silbiger2019
2_silbiger2019,shallow,hard,32.27,franksi,6.295206257575757e-11,38.15393102597508,31,hermatypic coral,npp,silbiger2019
2_silbiger2019,shallow,hard,32.27,franksi,6.025713863636364e-11,38.028897661970575,32,hermatypic coral,npp,silbiger2019
2_silbiger2019,shallow,hard,32.27,franksi,7.025355606060607e-12,37.781273389387344,34,hermatypic coral,npp,silbiger2019
2_silbiger2019,shallow,hard,32.27,franksi,-4.760160128787879e-11,37.53685305369666,36,hermatypic coral,npp,silbiger2019
3_silbiger2019,shallow,hard,32.27,franksi,6.946124931818182e-11,39.052727987717724,24,hermatypic coral,npp,silbiger2019
3_silbiger2019,shallow,hard,32.27,franksi,8.080706212121213e-11,38.79163670917708,26,hermatypic coral,npp,silbiger2019
3_silbiger2019,shallow,hard,32.27,franksi,6.795261257575757e-11,38.66239587389746,27,hermatypic coral,npp,silbiger2019
3_silbiger2019,shallow,hard,32.27,franksi,9.931801462121211e-11,38.40648062733848,29,hermatypic coral,npp,silbiger2019
3_silbiger2019,shallow,hard,32.27,franksi,9.549656719696969e-11,38.15393102597508,31,hermatypic coral,npp,silbiger2019
3_silbiger2019,shallow,hard,32.27,franksi,7.795175598484849e-11,38.028897661970575,32,hermatypic coral,npp,silbiger2019
3_silbiger2019,shallow,hard,32.27,franksi,4.826660969696969e-11,37.781273389387344,34,hermatypic coral,npp,silbiger2019
3_silbiger2019,shallow,hard,32.27,franksi,-3.904557606060606e-11,37.53685305369666,36,hermatypic coral,npp,silbiger2019
4_silbiger2019,shallow,hard,32.27,franksi,6.683083886363636e-11,39.052727987717724,24,hermatypic coral,npp,silbiger2019
4_silbiger2019,shallow,hard,32.27,franksi,9.07620146969697e-11,38.79163670917708,26,hermatypic coral,npp,silbiger2019
4_silbiger2019,shallow,hard,32.27,franksi,5.7536107575757577e-11,38.66239587389746,27,hermatypic coral,npp,silbiger2019
4_silbiger2019,shallow,hard,32.27,franksi,1.0055756568181818e-10,38.40648062733848,29,hermatypic coral,npp,silbiger2019
4_silbiger2019,shallow,hard,32.27,franksi,9.731296954545455e-11,38.15393102597508,31,hermatypic coral,npp,silbiger2019
4_silbiger2019,shallow,hard,32.27,franksi,5.73764409090909e-11,38.028897661970575,32,hermatypic coral,npp,silbiger2019
4_silbiger2019,shallow,hard,32.27,franksi,8.593811969696969e-11,37.781273389387344,34,hermatypic coral,npp,silbiger2019
4_silbiger2019,shallow,hard,32.27,franksi,-2.9837056666666664e-11,37.53685305369666,36,hermatypic coral,npp,silbiger2019
3_hadjioannou2019,shallow,hard,34.58,caespitosa,3.608502636363636e-11,39.99489271601007,17,hermatypic coral,npp,hadjioannou2019
3_hadjioannou2019,shallow,hard,34.58,caespitosa,-5.246315303030302e-12,39.052727987717724,24,hermatypic coral,npp,hadjioannou2019
3_hadjioannou2019,shallow,hard,34.58,caespitosa,-1.9432765757575753e-11,38.40648062733848,29,hermatypic coral,npp,hadjioannou2019
4_hadjioannou2019,shallow,hard,34.58,caespitosa,3.50234553030303e-11,39.99489271601007,17,hermatypic coral,npp,hadjioannou2019
4_hadjioannou2019,shallow,hard,34.58,caespitosa,6.028157507575758e-11,39.052727987717724,24,hermatypic coral,npp,hadjioannou2019
4_hadjioannou2019,shallow,hard,34.58,caespitosa,1.630120090909091e-11,38.40648062733848,29,hermatypic coral,npp,hadjioannou2019
1_juillet-leclerc2014,shallow,hard,43.7328,sp.,8.1535563e-8,39.31735768778696,22,hermatypic coral,npp,juillet-leclerc2014
1_juillet-leclerc2014,shallow,hard,43.7328,sp.,1.25058879e-7,38.92174449622782,25,hermatypic coral,npp,juillet-leclerc2014
1_juillet-leclerc2014,shallow,hard,43.7328,sp.,1.9189825718181816e-7,38.53401335397749,28,hermatypic coral,npp,juillet-leclerc2014
2_rodolfo-metalpa2006,shallow,hard,44.03,caespitosa,2.2217365968276514e-5,39.58559823145258,20,hermatypic coral,npp,rodolfo-metalpa2006
2_rodolfo-metalpa2006,shallow,hard,44.03,caespitosa,1.9303613056344694e-5,39.052727987717724,24,hermatypic coral,npp,rodolfo-metalpa2006
2_rodolfo-metalpa2006,shallow,hard,44.03,caespitosa,2.2581585085227272e-5,38.79163670917708,26,hermatypic coral,npp,rodolfo-metalpa2006
2_rodolfo-metalpa2006,shallow,hard,44.03,caespitosa,1.9303613056344694e-5,38.53401335397749,28,hermatypic coral,npp,rodolfo-metalpa2006
3_godefroid2023,deep,hard,-17.28,speciosa,1.9342359772727273e-11,39.18459605453426,23,hermatypic coral,npp,godefroid2023
3_godefroid2023,deep,hard,-17.28,speciosa,1.7730496439393936e-11,39.052727987717724,24,hermatypic coral,npp,godefroid2023
3_godefroid2023,deep,hard,-17.28,speciosa,1.660219212121212e-11,38.92174449622782,25,hermatypic coral,npp,godefroid2023
3_godefroid2023,deep,hard,-17.28,speciosa,1.5232108333333334e-11,38.79163670917708,26,hermatypic coral,npp,godefroid2023
3_godefroid2023,deep,hard,-17.28,speciosa,1.3217279166666665e-11,38.66239587389746,27,hermatypic coral,npp,godefroid2023
3_godefroid2023,deep,hard,-17.28,speciosa,1.3056092878787877e-11,38.53401335397749,28,hermatypic coral,npp,godefroid2023
3_godefroid2023,deep,hard,-17.28,speciosa,1.2814313333333333e-11,38.40648062733848,29,hermatypic coral,npp,godefroid2023
3_godefroid2023,deep,hard,-17.28,speciosa,1.2088974848484849e-11,38.27978928434875,30,hermatypic coral,npp,godefroid2023
3_godefroid2023,deep,hard,-17.28,speciosa,1.24113475e-11,38.15393102597508,31,hermatypic coral,npp,godefroid2023
3_godefroid2023,deep,hard,-17.28,speciosa,9.268214090909092e-12,38.028897661970575,32,hermatypic coral,npp,godefroid2023
4_godefroid2023,deep,hard,-17.28,speciosa,-1.779359393939394e-12,39.18459605453426,23,hermatypic coral,npp,godefroid2023
4_godefroid2023,deep,hard,-17.28,speciosa,-2.021999318181818e-12,39.052727987717724,24,hermatypic coral,npp,godefroid2023
4_godefroid2023,deep,hard,-17.28,speciosa,-2.021999318181818e-12,38.92174449622782,25,hermatypic coral,npp,godefroid2023
4_godefroid2023,deep,hard,-17.28,speciosa,-2.6690391666666667e-12,38.79163670917708,26,hermatypic coral,npp,godefroid2023
4_godefroid2023,deep,hard,-17.28,speciosa,-2.6690391666666667e-12,38.66239587389746,27,hermatypic coral,npp,godefroid2023
4_godefroid2023,deep,hard,-17.28,speciosa,-2.2646392424242424e-12,38.53401335397749,28,hermatypic coral,npp,godefroid2023
4_godefroid2023,deep,hard,-17.28,speciosa,-2.102879318181818e-12,38.40648062733848,29,hermatypic coral,npp,godefroid2023
4_godefroid2023,deep,hard,-17.28,speciosa,-2.5881591666666663e-12,38.27978928434875,30,hermatypic coral,npp,godefroid2023
4_godefroid2023,deep,hard,-17.28,speciosa,-2.992559015151515e-12,38.15393102597508,31,hermatypic coral,npp,godefroid2023
4_godefroid2023,deep,hard,-17.28,speciosa,-3.720478787878787e-12,38.028897661970575,32,hermatypic coral,npp,godefroid2023
1_graham2016,shallow,hard,25.0115,sp.,5.353737128219631e-9,38.66239587389746,27,hermatypic coral,npp,graham2016
1_graham2016,shallow,hard,25.0115,sp.,8.864269231294899e-10,38.15393102597508,31,hermatypic coral,npp,graham2016
1_graham2016,shallow,hard,25.0115,sp.,4.4321346156474496e-10,37.9046811090979,33,hermatypic coral,npp,graham2016
2_graham2016,shallow,hard,24.771,sp.,4.533246057765846e-9,38.66239587389746,27,hermatypic coral,npp,graham2016
2_graham2016,shallow,hard,24.771,sp.,3.6090542647511695e-9,38.15393102597508,31,hermatypic coral,npp,graham2016
2_graham2016,shallow,hard,24.771,sp.,4.5192266800995955e-9,37.9046811090979,33,hermatypic coral,npp,graham2016
1_hill2014,shallow,hard,-23.27,damicornis,4.9032600075757575e-11,38.79163670917708,26,hermatypic coral,npp,hill2014
1_hill2014,shallow,hard,-23.27,damicornis,4.249492007575757e-11,38.27978928434875,30,hermatypic coral,npp,hill2014
1_hill2014,shallow,hard,-23.27,damicornis,4.161144977272727e-11,38.15393102597508,31,hermatypic coral,npp,hill2014
1_jurriaans2019,shallow,hard,-23.26,spp,5.812672174242424e-11,39.31735768778696,22,hermatypic coral,npp,jurriaans2019
1_jurriaans2019,shallow,hard,-23.26,spp,5.764462810606061e-11,39.18459605453426,23,hermatypic coral,npp,jurriaans2019
1_jurriaans2019,shallow,hard,-23.26,spp,4.944903583333333e-11,39.05272798771773,24,hermatypic coral,npp,jurriaans2019
1_jurriaans2019,shallow,hard,-23.26,spp,5.4269972424242415e-11,38.92174449622782,25,hermatypic coral,npp,jurriaans2019
1_jurriaans2019,shallow,hard,-23.26,spp,4.655647386363637e-11,38.79163670917708,26,hermatypic coral,npp,jurriaans2019
1_jurriaans2019,shallow,hard,-23.26,spp,4.7520661136363633e-11,38.66239587389746,27,hermatypic coral,npp,jurriaans2019
1_jurriaans2019,shallow,hard,-23.26,spp,3.9807162499999996e-11,38.53401335397749,28,hermatypic coral,npp,jurriaans2019
1_jurriaans2019,shallow,hard,-23.26,spp,4.5592286515151505e-11,38.53401335397749,28,hermatypic coral,npp,jurriaans2019
1_jurriaans2019,shallow,hard,-23.26,spp,3.7396694242424245e-11,38.40648062733848,29,hermatypic coral,npp,jurriaans2019
1_jurriaans2019,shallow,hard,-23.26,spp,4.366391181818181e-11,38.27978928434875,30,hermatypic coral,npp,jurriaans2019
1_jurriaans2019,shallow,hard,-23.26,spp,4.0771349848484845e-11,38.15393102597508,31,hermatypic coral,npp,jurriaans2019
1_jurriaans2019,shallow,hard,-23.26,spp,4.462809916666667e-11,38.028897661970575,32,hermatypic coral,npp,jurriaans2019
2_jurriaans2019,shallow,hard,-18.37,spp,3.168044090909091e-12,37.9046811090979,33,hermatypic coral,npp,jurriaans2019
2_jurriaans2019,shallow,hard,-18.37,spp,1.6385575227272726e-11,39.18459605453426,23,hermatypic coral,npp,jurriaans2019
2_jurriaans2019,shallow,hard,-18.37,spp,1.857945977272727e-11,39.05272798771773,24,hermatypic coral,npp,jurriaans2019
2_jurriaans2019,shallow,hard,-18.37,spp,2.022487318181818e-11,38.92174449622782,25,hermatypic coral,npp,jurriaans2019
2_jurriaans2019,shallow,hard,-18.37,spp,1.912793090909091e-11,38.79163670917708,26,hermatypic coral,npp,jurriaans2019
2_jurriaans2019,shallow,hard,-18.37,spp,1.8030988636363635e-11,38.66239587389746,27,hermatypic coral,npp,jurriaans2019
2_jurriaans2019,shallow,hard,-18.37,spp,1.4740161818181816e-11,38.53401335397749,28,hermatypic coral,npp,jurriaans2019
2_jurriaans2019,shallow,hard,-18.37,spp,2.241875772727273e-11,38.40648062733848,29,hermatypic coral,npp,jurriaans2019
2_jurriaans2019,shallow,hard,-18.37,spp,1.8030988636363635e-11,38.40648062733848,29,hermatypic coral,npp,jurriaans2019
2_jurriaans2019,shallow,hard,-18.37,spp,2.5161113409090912e-11,38.27978928434875,30,hermatypic coral,npp,jurriaans2019
2_jurriaans2019,shallow,hard,-18.37,spp,2.35157e-11,38.15393102597508,31,hermatypic coral,npp,jurriaans2019
2_jurriaans2019,shallow,hard,-18.37,spp,1.8853695303030304e-11,38.028897661970575,32,hermatypic coral,npp,jurriaans2019
2_jurriaans2019,shallow,hard,-18.37,spp,1.4740161818181816e-11,37.9046811090979,33,hermatypic coral,npp,jurriaans2019
2_jurriaans2019,shallow,hard,-18.37,spp,1.5768545454545453e-12,37.781273389387344,34,hermatypic coral,npp,jurriaans2019
3_jurriaans2019,shallow,hard,-14.4,spp,2.2865013787878784e-11,39.31735768778696,22,hermatypic coral,npp,jurriaans2019
3_jurriaans2019,shallow,hard,-14.4,spp,2.2865013787878784e-11,39.18459605453426,23,hermatypic coral,npp,jurriaans2019
3_jurriaans2019,shallow,hard,-14.4,spp,2.1212121212121217e-11,39.05272798771773,24,hermatypic coral,npp,jurriaans2019
3_jurriaans2019,shallow,hard,-14.4,spp,2.01101928030303e-11,38.92174449622782,25,hermatypic coral,npp,jurriaans2019
3_jurriaans2019,shallow,hard,-14.4,spp,1.3498622575757574e-11,38.79163670917708,26,hermatypic coral,npp,jurriaans2019
3_jurriaans2019,shallow,hard,-14.4,spp,1.597796143939394e-11,38.66239587389746,27,hermatypic coral,npp,jurriaans2019
3_jurriaans2019,shallow,hard,-14.4,spp,1.625344356060606e-11,38.53401335397749,28,hermatypic coral,npp,jurriaans2019
3_jurriaans2019,shallow,hard,-14.4,spp,1.4049586742424239e-11,38.40648062733848,29,hermatypic coral,npp,jurriaans2019
3_jurriaans2019,shallow,hard,-14.4,spp,1.515151515151515e-11,38.27978928434875,30,hermatypic coral,npp,jurriaans2019
3_jurriaans2019,shallow,hard,-14.4,spp,8.539944924242424e-12,38.27978928434875,30,hermatypic coral,npp,jurriaans2019
3_jurriaans2019,shallow,hard,-14.4,spp,1.515151515151515e-11,38.15393102597508,31,hermatypic coral,npp,jurriaans2019
3_jurriaans2019,shallow,hard,-14.4,spp,1.184573e-11,38.028897661970575,32,hermatypic coral,npp,jurriaans2019
3_jurriaans2019,shallow,hard,-14.4,spp,-3.0303030303030305e-12,37.9046811090979,33,hermatypic coral,npp,jurriaans2019
3_jurriaans2019,shallow,hard,-14.4,spp,-1.4049586742424239e-11,37.781273389387344,34,hermatypic coral,npp,jurriaans2019
7_jurriaans2019,shallow,hard,-23.26,cylindrica,6.87711918939394e-11,39.31735768778696,22,hermatypic coral,npp,jurriaans2019
7_jurriaans2019,shallow,hard,-23.26,cylindrica,7.235944409090909e-11,39.18459605453426,23,hermatypic coral,npp,jurriaans2019
7_jurriaans2019,shallow,hard,-23.26,cylindrica,6.815930962121212e-11,39.05272798771773,24,hermatypic coral,npp,jurriaans2019
7_jurriaans2019,shallow,hard,-23.26,cylindrica,6.820520083333332e-11,38.92174449622782,25,hermatypic coral,npp,jurriaans2019
7_jurriaans2019,shallow,hard,-23.26,cylindrica,6.258681075757576e-11,38.79163670917708,26,hermatypic coral,npp,jurriaans2019
7_jurriaans2019,shallow,hard,-23.26,cylindrica,7.39634496212121e-11,38.66239587389746,27,hermatypic coral,npp,jurriaans2019
7_jurriaans2019,shallow,hard,-23.26,cylindrica,8.534008848484849e-11,38.53401335397749,28,hermatypic coral,npp,jurriaans2019
7_jurriaans2019,shallow,hard,-23.26,cylindrica,7.684366674242424e-11,38.53401335397749,28,hermatypic coral,npp,jurriaans2019
7_jurriaans2019,shallow,hard,-23.26,cylindrica,1.0946136007575756e-10,38.40648062733848,29,hermatypic coral,npp,jurriaans2019
7_jurriaans2019,shallow,hard,-23.26,cylindrica,9.534436295454544e-11,38.27978928434875,30,hermatypic coral,npp,jurriaans2019
7_jurriaans2019,shallow,hard,-23.26,cylindrica,8.406387704545453e-11,38.15393102597508,31,hermatypic coral,npp,jurriaans2019
7_jurriaans2019,shallow,hard,-23.26,cylindrica,8.55280237878788e-11,38.028897661970575,32,hermatypic coral,npp,jurriaans2019
7_jurriaans2019,shallow,hard,-18.37,cylindrica,3.6013639696969686e-11,37.9046811090979,33,hermatypic coral,npp,jurriaans2019
8_jurriaans2019,shallow,hard,-18.37,cylindrica,1.6913319242424242e-11,39.18459605453426,23,hermatypic coral,npp,jurriaans2019
8_jurriaans2019,shallow,hard,-18.37,cylindrica,1.7970401666666666e-11,39.05272798771773,24,hermatypic coral,npp,jurriaans2019
8_jurriaans2019,shallow,hard,-18.37,cylindrica,1.8675123333333333e-11,38.92174449622782,25,hermatypic coral,npp,jurriaans2019
8_jurriaans2019,shallow,hard,-18.37,cylindrica,1.7265680075757575e-11,38.79163670917708,26,hermatypic coral,npp,jurriaans2019
8_jurriaans2019,shallow,hard,-18.37,cylindrica,1.708949962121212e-11,38.66239587389746,27,hermatypic coral,npp,jurriaans2019
8_jurriaans2019,shallow,hard,-18.37,cylindrica,1.4799154318181817e-11,38.53401335397749,28,hermatypic coral,npp,jurriaans2019
8_jurriaans2019,shallow,hard,-18.37,cylindrica,1.4446793484848486e-11,38.40648062733848,29,hermatypic coral,npp,jurriaans2019
8_jurriaans2019,shallow,hard,-18.37,cylindrica,1.338971106060606e-11,38.40648062733848,29,hermatypic coral,npp,jurriaans2019
8_jurriaans2019,shallow,hard,-18.37,cylindrica,1.0570824545454544e-11,38.27978928434875,30,hermatypic coral,npp,jurriaans2019
8_jurriaans2019,shallow,hard,-18.37,cylindrica,1.1275546136363637e-11,38.15393102597508,31,hermatypic coral,npp,jurriaans2019
8_jurriaans2019,shallow,hard,-18.37,cylindrica,1.092318537878788e-11,38.028897661970575,32,hermatypic coral,npp,jurriaans2019
8_jurriaans2019,shallow,hard,-18.37,cylindrica,1.092318537878788e-11,37.9046811090979,33,hermatypic coral,npp,jurriaans2019
8_jurriaans2019,shallow,hard,-18.37,cylindrica,7.399577196969696e-12,37.781273389387344,34,hermatypic coral,npp,jurriaans2019
9_jurriaans2019,shallow,hard,-14.4,cylindrica,4.359066856060606e-11,39.31735768778696,22,hermatypic coral,npp,jurriaans2019
9_jurriaans2019,shallow,hard,-14.4,cylindrica,4.845670393939394e-11,39.18459605453426,23,hermatypic coral,npp,jurriaans2019
9_jurriaans2019,shallow,hard,-14.4,cylindrica,4.2151115151515146e-11,39.05272798771773,24,hermatypic coral,npp,jurriaans2019
9_jurriaans2019,shallow,hard,-14.4,cylindrica,4.282563643939393e-11,38.92174449622782,25,hermatypic coral,npp,jurriaans2019
9_jurriaans2019,shallow,hard,-14.4,cylindrica,3.5121439696969686e-11,38.79163670917708,26,hermatypic coral,npp,jurriaans2019
9_jurriaans2019,shallow,hard,-14.4,cylindrica,4.207999954545454e-11,38.66239587389746,27,hermatypic coral,npp,jurriaans2019
9_jurriaans2019,shallow,hard,-14.4,cylindrica,4.764210636363635e-11,38.53401335397749,28,hermatypic coral,npp,jurriaans2019
9_jurriaans2019,shallow,hard,-14.4,cylindrica,4.761947863636364e-11,38.40648062733848,29,hermatypic coral,npp,jurriaans2019
9_jurriaans2019,shallow,hard,-14.4,cylindrica,4.620039787878787e-11,38.27978928434875,30,hermatypic coral,npp,jurriaans2019
9_jurriaans2019,shallow,hard,-14.4,cylindrica,3.9215977803030305e-11,38.27978928434875,30,hermatypic coral,npp,jurriaans2019
9_jurriaans2019,shallow,hard,-14.4,cylindrica,5.0366051742424234e-11,38.15393102597508,31,hermatypic coral,npp,jurriaans2019
9_jurriaans2019,shallow,hard,-14.4,cylindrica,3.8472495909090896e-11,38.028897661970575,32,hermatypic coral,npp,jurriaans2019
9_jurriaans2019,shallow,hard,-14.4,cylindrica,2.972095939393939e-11,37.9046811090979,33,hermatypic coral,npp,jurriaans2019
9_jurriaans2019,shallow,hard,-14.4,cylindrica,6.306666287878788e-12,37.781273389387344,34,hermatypic coral,npp,jurriaans2019
1_jurriaans2021,shallow,hard,42.5,caespitosa,5.5054134621212105e-11,40.696188397511214,12,hermatypic coral,npp,jurriaans2021
1_jurriaans2021,shallow,hard,42.5,caespitosa,5.870440484848485e-11,40.55396862327563,13,hermatypic coral,npp,jurriaans2021
1_jurriaans2021,shallow,hard,42.5,caespitosa,5.6310187651515144e-11,40.41273940989142,14,hermatypic coral,npp,jurriaans2021
1_jurriaans2021,shallow,hard,42.5,caespitosa,5.391811393939394e-11,40.27249044438772,15,hermatypic coral,npp,jurriaans2021
1_jurriaans2021,shallow,hard,42.5,caespitosa,5.212620204545455e-11,40.1332115564597,16,hermatypic coral,npp,jurriaans2021
1_jurriaans2021,shallow,hard,42.5,caespitosa,5.456971825757575e-11,39.99489271601007,17,hermatypic coral,npp,jurriaans2021
1_jurriaans2021,shallow,hard,42.5,caespitosa,5.4595439469696973e-11,39.857524030741274,18,hermatypic coral,npp,jurriaans2021
1_jurriaans2021,shallow,hard,42.5,caespitosa,6.547551681818182e-11,39.857524030741274,18,hermatypic coral,npp,jurriaans2021
1_jurriaans2021,shallow,hard,42.5,caespitosa,5.885015840909089e-11,39.7210957437971,19,hermatypic coral,npp,jurriaans2021
1_jurriaans2021,shallow,hard,42.5,caespitosa,4.013582522727272e-11,39.58559823145258,20,hermatypic coral,npp,jurriaans2021
1_jurriaans2021,shallow,hard,42.5,caespitosa,5.225052128787879e-11,39.451022000851,21,hermatypic coral,npp,jurriaans2021
1_jurriaans2021,shallow,hard,42.5,caespitosa,5.348085310606061e-11,39.31735768778696,22,hermatypic coral,npp,jurriaans2021
1_jurriaans2021,shallow,hard,42.5,caespitosa,2.9933073409090906e-11,39.18459605453426,23,hermatypic coral,npp,jurriaans2021
2_jurriaans2021,shallow,hard,42.5,singularis,2.28066e-11,40.696188397511214,12,hermatypic coral,npp,jurriaans2021
2_jurriaans2021,shallow,hard,42.5,singularis,2.359987310606061e-11,40.55396862327563,13,hermatypic coral,npp,jurriaans2021
2_jurriaans2021,shallow,hard,42.5,singularis,2.0625099166666662e-11,40.41273940989142,14,hermatypic coral,npp,jurriaans2021
2_jurriaans2021,shallow,hard,42.5,singularis,2.3004918257575755e-11,40.27249044438772,15,hermatypic coral,npp,jurriaans2021
2_jurriaans2021,shallow,hard,42.5,singularis,2.399650962121212e-11,40.1332115564597,16,hermatypic coral,npp,jurriaans2021
2_jurriaans2021,shallow,hard,42.5,singularis,2.3004918257575755e-11,39.99489271601007,17,hermatypic coral,npp,jurriaans2021
2_jurriaans2021,shallow,hard,42.5,singularis,2.2608281742424242e-11,39.857524030741274,18,hermatypic coral,npp,jurriaans2021
2_jurriaans2021,shallow,hard,42.5,singularis,2.5186419166666667e-11,39.857524030741274,18,hermatypic coral,npp,jurriaans2021
2_jurriaans2021,shallow,hard,42.5,singularis,2.0030144393939393e-11,39.7210957437971,19,hermatypic coral,npp,jurriaans2021
2_jurriaans2021,shallow,hard,42.5,singularis,2.0823417424242425e-11,39.58559823145258,20,hermatypic coral,npp,jurriaans2021
2_jurriaans2021,shallow,hard,42.5,singularis,8.924321742424242e-12,39.451022000851,21,hermatypic coral,npp,jurriaans2021
2_jurriaans2021,shallow,hard,42.5,singularis,1.1899095681818184e-11,39.31735768778696,22,hermatypic coral,npp,jurriaans2021
2_jurriaans2021,shallow,hard,42.5,singularis,6.3461843939393935e-12,39.18459605453426,23,hermatypic coral,npp,jurriaans2021
3_jurriaans2021,shallow,hard,-25,intermedia,5.890052356060606e-11,39.31735768778696,22,hermatypic coral,npp,jurriaans2021
3_jurriaans2021,shallow,hard,-25,intermedia,5.7710614015151505e-11,39.18459605453426,23,hermatypic coral,npp,jurriaans2021
3_jurriaans2021,shallow,hard,-25,intermedia,4.9381247045454535e-11,39.05272798771773,24,hermatypic coral,npp,jurriaans2021
3_jurriaans2021,shallow,hard,-25,intermedia,5.4140885303030296e-11,38.92174449622782,25,hermatypic coral,npp,jurriaans2021
3_jurriaans2021,shallow,hard,-25,intermedia,4.700142787878788e-11,38.79163670917708,26,hermatypic coral,npp,jurriaans2021
3_jurriaans2021,shallow,hard,-25,intermedia,4.8191337424242415e-11,38.66239587389746,27,hermatypic coral,npp,jurriaans2021
3_jurriaans2021,shallow,hard,-25,intermedia,3.867206090909091e-11,38.53401335397749,28,hermatypic coral,npp,jurriaans2021
3_jurriaans2021,shallow,hard,-25,intermedia,4.4621608787878775e-11,38.53401335397749,28,hermatypic coral,npp,jurriaans2021
3_jurriaans2021,shallow,hard,-25,intermedia,3.748215136363635e-11,38.40648062733848,29,hermatypic coral,npp,jurriaans2021
3_jurriaans2021,shallow,hard,-25,intermedia,4.4026653939393933e-11,38.27978928434875,30,hermatypic coral,npp,jurriaans2021
3_jurriaans2021,shallow,hard,-25,intermedia,4.105188007575758e-11,38.15393102597508,31,hermatypic coral,npp,jurriaans2021
3_jurriaans2021,shallow,hard,-25,intermedia,4.4621608787878775e-11,38.028897661970575,32,hermatypic coral,npp,jurriaans2021
4_jurriaans2021,shallow,hard,-25,cylindrica,6.863476045454545e-11,39.31735768778696,22,hermatypic coral,npp,jurriaans2021
4_jurriaans2021,shallow,hard,-25,cylindrica,7.336111454545456e-11,39.18459605453426,23,hermatypic coral,npp,jurriaans2021
4_jurriaans2021,shallow,hard,-25,cylindrica,6.698164598484847e-11,39.05272798771773,24,hermatypic coral,npp,jurriaans2021
4_jurriaans2021,shallow,hard,-25,cylindrica,6.853768159090909e-11,38.92174449622782,25,hermatypic coral,npp,jurriaans2021
4_jurriaans2021,shallow,hard,-25,cylindrica,6.216098674242423e-11,38.79163670917708,26,hermatypic coral,npp,jurriaans2021
4_jurriaans2021,shallow,hard,-25,cylindrica,7.323352515151515e-11,38.66239587389746,27,hermatypic coral,npp,jurriaans2021
4_jurriaans2021,shallow,hard,-25,cylindrica,7.558283378787879e-11,38.53401335397749,28,hermatypic coral,npp,jurriaans2021
4_jurriaans2021,shallow,hard,-25,cylindrica,8.431161098484848e-11,38.53401335397749,28,hermatypic coral,npp,jurriaans2021
4_jurriaans2021,shallow,hard,-25,cylindrica,1.0807651810606059e-10,38.40648062733848,29,hermatypic coral,npp,jurriaans2021
4_jurriaans2021,shallow,hard,-25,cylindrica,9.376431916666666e-11,38.27978928434875,30,hermatypic coral,npp,jurriaans2021
4_jurriaans2021,shallow,hard,-25,cylindrica,8.262521234848485e-11,38.15393102597508,31,hermatypic coral,npp,jurriaans2021
4_jurriaans2021,shallow,hard,-25,cylindrica,8.418402159090909e-11,38.028897661970575,32,hermatypic coral,npp,jurriaans2021
4_jurriaans2021,shallow,hard,-25,cylindrica,3.4967808636363633e-11,37.9046811090979,33,hermatypic coral,npp,jurriaans2021
1_jurriaans2020,shallow,hard,-18,valenciennesi,1.1623080151515151e-11,39.7210957437971,19,hermatypic coral,npp,jurriaans2020
1_jurriaans2020,shallow,hard,-18,valenciennesi,1.4667220151515148e-11,39.58559823145258,20,hermatypic coral,npp,jurriaans2020
1_jurriaans2020,shallow,hard,-18,valenciennesi,2.546008022727273e-11,39.451022000851,21,hermatypic coral,npp,jurriaans2020
1_jurriaans2020,shallow,hard,-18,valenciennesi,3.4869240378787876e-11,39.31735768778696,22,hermatypic coral,npp,jurriaans2020
1_jurriaans2020,shallow,hard,-18,valenciennesi,3.4315760378787877e-11,39.18459605453426,23,hermatypic coral,npp,jurriaans2020
1_jurriaans2020,shallow,hard,-18,valenciennesi,3.5422720378787876e-11,39.05272798771773,24,hermatypic coral,npp,jurriaans2020
1_jurriaans2020,shallow,hard,-18,valenciennesi,3.985056037878788e-11,39.05272798771773,24,hermatypic coral,npp,jurriaans2020
1_jurriaans2020,shallow,hard,-18,valenciennesi,4.0404040378787874e-11,38.92174449622782,25,hermatypic coral,npp,jurriaans2020
1_jurriaans2020,shallow,hard,-18,valenciennesi,3.2932060303030305e-11,38.79163670917708,26,hermatypic coral,npp,jurriaans2020
1_jurriaans2020,shallow,hard,-18,valenciennesi,2.8780960303030297e-11,38.66239587389746,27,hermatypic coral,npp,jurriaans2020
1_jurriaans2020,shallow,hard,-18,valenciennesi,1.826484015151515e-11,38.53401335397749,28,hermatypic coral,npp,jurriaans2020
1_jurriaans2020,shallow,hard,-18,valenciennesi,1.3560260151515152e-11,38.40648062733848,29,hermatypic coral,npp,jurriaans2020
1_jurriaans2020,shallow,hard,-18,valenciennesi,1.771136015151515e-11,38.27978928434875,30,hermatypic coral,npp,jurriaans2020
1_jurriaans2020,shallow,hard,-18,valenciennesi,1.1069600075757576e-11,38.15393102597508,31,hermatypic coral,npp,jurriaans2020
2_jurriaans2020,shallow,hard,-18,valenciennesi,1.881832015151515e-11,39.18459605453426,23,hermatypic coral,npp,jurriaans2020
2_jurriaans2020,shallow,hard,-18,valenciennesi,1.881832015151515e-11,39.05272798771773,24,hermatypic coral,npp,jurriaans2020
2_jurriaans2020,shallow,hard,-18,valenciennesi,1.9925280227272728e-11,38.92174449622782,25,hermatypic coral,npp,jurriaans2020
2_jurriaans2020,shallow,hard,-18,valenciennesi,1.881832015151515e-11,38.79163670917708,26,hermatypic coral,npp,jurriaans2020
2_jurriaans2020,shallow,hard,-18,valenciennesi,1.798810015151515e-11,38.66239587389746,27,hermatypic coral,npp,jurriaans2020
2_jurriaans2020,shallow,hard,-18,valenciennesi,1.439048015151515e-11,38.53401335397749,28,hermatypic coral,npp,jurriaans2020
2_jurriaans2020,shallow,hard,-18,valenciennesi,1.881832015151515e-11,38.40648062733848,29,hermatypic coral,npp,jurriaans2020
2_jurriaans2020,shallow,hard,-18,valenciennesi,2.2692680227272724e-11,38.40648062733848,29,hermatypic coral,npp,jurriaans2020
2_jurriaans2020,shallow,hard,-18,valenciennesi,2.546008022727273e-11,38.27978928434875,30,hermatypic coral,npp,jurriaans2020
2_jurriaans2020,shallow,hard,-18,valenciennesi,2.3522900227272724e-11,38.15393102597508,31,hermatypic coral,npp,jurriaans2020
2_jurriaans2020,shallow,hard,-18,valenciennesi,1.9648540227272728e-11,38.028897661970575,32,hermatypic coral,npp,jurriaans2020
2_jurriaans2020,shallow,hard,-18,valenciennesi,1.6050920151515148e-11,37.9046811090979,33,hermatypic coral,npp,jurriaans2020
2_jurriaans2020,shallow,hard,-18,valenciennesi,1.93718e-12,37.781273389387344,34,hermatypic coral,npp,jurriaans2020
3_jurriaans2020,shallow,hard,-18,cylindrica,2.769779242424242e-11,39.7210957437971,19,hermatypic coral,npp,jurriaans2020
3_jurriaans2020,shallow,hard,-18,cylindrica,2.8520499090909087e-11,39.58559823145258,20,hermatypic coral,npp,jurriaans2020
3_jurriaans2020,shallow,hard,-18,cylindrica,2.7423556818181816e-11,39.451022000851,21,hermatypic coral,npp,jurriaans2020
3_jurriaans2020,shallow,hard,-18,cylindrica,2.7423556818181816e-11,39.31735768778696,22,hermatypic coral,npp,jurriaans2020
3_jurriaans2020,shallow,hard,-18,cylindrica,3.373097492424242e-11,39.18459605453426,23,hermatypic coral,npp,jurriaans2020
3_jurriaans2020,shallow,hard,-18,cylindrica,3.3182503787878786e-11,39.05272798771773,24,hermatypic coral,npp,jurriaans2020
3_jurriaans2020,shallow,hard,-18,cylindrica,2.8794734696969693e-11,39.05272798771773,24,hermatypic coral,npp,jurriaans2020
3_jurriaans2020,shallow,hard,-18,cylindrica,2.5229672272727268e-11,38.92174449622782,25,hermatypic coral,npp,jurriaans2020
3_jurriaans2020,shallow,hard,-18,cylindrica,1.5082956287878788e-11,38.79163670917708,26,hermatypic coral,npp,jurriaans2020
3_jurriaans2020,shallow,hard,-18,cylindrica,2.2761552196969697e-11,38.66239587389746,27,hermatypic coral,npp,jurriaans2020
3_jurriaans2020,shallow,hard,-18,cylindrica,1.892225424242424e-11,38.53401335397749,28,hermatypic coral,npp,jurriaans2020
3_jurriaans2020,shallow,hard,-18,cylindrica,1.5905662954545453e-11,38.40648062733848,29,hermatypic coral,npp,jurriaans2020
3_jurriaans2020,shallow,hard,-18,cylindrica,1.2340600606060604e-11,38.27978928434875,30,hermatypic coral,npp,jurriaans2020
3_jurriaans2020,shallow,hard,-18,cylindrica,7.678595909090909e-12,38.15393102597508,31,hermatypic coral,npp,jurriaans2020
4_jurriaans2020,shallow,hard,-18,cylindrica,1.7825311969696968e-11,39.18459605453426,23,hermatypic coral,npp,jurriaans2020
4_jurriaans2020,shallow,hard,-18,cylindrica,1.8373783106060604e-11,39.05272798771773,24,hermatypic coral,npp,jurriaans2020
4_jurriaans2020,shallow,hard,-18,cylindrica,1.8648018636363637e-11,38.92174449622782,25,hermatypic coral,npp,jurriaans2020
4_jurriaans2020,shallow,hard,-18,cylindrica,1.7276840833333333e-11,38.79163670917708,26,hermatypic coral,npp,jurriaans2020
4_jurriaans2020,shallow,hard,-18,cylindrica,1.7002605227272727e-11,38.66239587389746,27,hermatypic coral,npp,jurriaans2020
4_jurriaans2020,shallow,hard,-18,cylindrica,1.4534485151515149e-11,38.53401335397749,28,hermatypic coral,npp,jurriaans2020
4_jurriaans2020,shallow,hard,-18,cylindrica,1.3437542878787878e-11,38.40648062733848,29,hermatypic coral,npp,jurriaans2020
4_jurriaans2020,shallow,hard,-18,cylindrica,1.6728369696969697e-11,38.40648062733848,29,hermatypic coral,npp,jurriaans2020
4_jurriaans2020,shallow,hard,-18,cylindrica,9.598244924242424e-12,38.27978928434875,30,hermatypic coral,npp,jurriaans2020
4_jurriaans2020,shallow,hard,-18,cylindrica,1.1517893863636363e-11,38.15393102597508,31,hermatypic coral,npp,jurriaans2020
4_jurriaans2020,shallow,hard,-18,cylindrica,1.1243658333333332e-11,38.028897661970575,32,hermatypic coral,npp,jurriaans2020
4_jurriaans2020,shallow,hard,-18,cylindrica,1.1243658333333332e-11,37.9046811090979,33,hermatypic coral,npp,jurriaans2020
4_jurriaans2020,shallow,hard,-18,cylindrica,7.678595909090909e-12,37.781273389387344,34,hermatypic coral,npp,jurriaans2020
2_zelli2023,shallow,soft,0,flava,8.025035628787879e-11,38.79163670917708,26,soft coral,npp,zelli2023
2_zelli2023,shallow,soft,0,flava,7.033525439393939e-11,38.53401335397749,28,soft coral,npp,zelli2023
2_zelli2023,shallow,soft,0,flava,3.4393009848484845e-11,38.27978928434875,30,soft coral,npp,zelli2023
2_zelli2023,shallow,soft,0,flava,5.887091742424242e-12,38.028897661970575,32,soft coral,npp,zelli2023
6_simancas-giraldo2021,shallow,soft,29.53,umbellata,1.4264156853693182e-5,38.79163670917708,26,soft coral,npp,simancas-giraldo2021
6_simancas-giraldo2021,shallow,soft,29.53,umbellata,3.1508883806818183e-6,38.53401335397749,28,soft coral,npp,simancas-giraldo2021
6_simancas-giraldo2021,shallow,soft,29.53,umbellata,2.576064148910985e-6,38.27978928434875,30,soft coral,npp,simancas-giraldo2021
6_simancas-giraldo2021,shallow,soft,29.53,umbellata,5.961140175189394e-7,38.028897661970575,32,soft coral,npp,simancas-giraldo2021
1_puntin2023,shallow,hard,22.3054,fascicularis,2.4809152462121217e-11,39.42287716248921,21.21,hermatypic coral,npp,puntin2023
1_puntin2023,shallow,hard,22.3054,fascicularis,3.089282433712121e-11,39.17269147161195,23.09,hermatypic coral,npp,puntin2023
1_puntin2023,shallow,hard,22.3054,fascicularis,2.247419981060606e-11,39.05667111453393,23.97,hermatypic coral,npp,puntin2023
1_puntin2023,shallow,hard,22.3054,fascicularis,2.293956912878788e-11,38.994986799120674,24.44,hermatypic coral,npp,puntin2023
1_puntin2023,shallow,hard,22.3054,fascicularis,2.3050572916666667e-11,38.90869445616202,25.1,hermatypic coral,npp,puntin2023
1_puntin2023,shallow,hard,22.3054,fascicularis,2.007644176136364e-11,38.76054017018044,26.24,hermatypic coral,npp,puntin2023
1_puntin2023,shallow,hard,22.3054,fascicularis,2.0777485795454547e-11,38.643083987846566,27.15,hermatypic coral,npp,puntin2023
1_puntin2023,shallow,hard,22.3054,fascicularis,2.365453598484849e-11,38.52377957557456,28.08,hermatypic coral,npp,puntin2023
1_puntin2023,shallow,hard,22.3054,fascicularis,1.4483667140151515e-11,38.26969007535641,30.08,hermatypic coral,npp,puntin2023
1_puntin2023,shallow,hard,22.3054,fascicularis,7.707445549242424e-12,38.01643938263824,32.1,hermatypic coral,npp,puntin2023
1_rodolfo-metalpa2014,shallow,hard,44.19,patagonica,8.936770303030303e-5,39.58559823145258,20,hermatypic coral,npp,rodolfo-metalpa2014
1_rodolfo-metalpa2014,shallow,hard,44.19,patagonica,8.034894401515153e-5,39.31735768778696,22,hermatypic coral,npp,rodolfo-metalpa2014
1_rodolfo-metalpa2014,shallow,hard,44.19,patagonica,1.2544273909090908e-4,39.05272798771773,24,hermatypic coral,npp,rodolfo-metalpa2014
1_rodolfo-metalpa2014,shallow,hard,44.19,patagonica,5.1652892575757574e-5,38.79163670917708,26,hermatypic coral,npp,rodolfo-metalpa2014
1_rodolfo-metalpa2014,shallow,hard,44.19,patagonica,5.1652892575757574e-5,38.53401335397749,28,hermatypic coral,npp,rodolfo-metalpa2014
1_rodolfo-metalpa2014,shallow,hard,44.19,patagonica,4.591368227272727e-5,38.27978928434875,30,hermatypic coral,npp,rodolfo-metalpa2014
1_rodolfo-metalpa2014,shallow,hard,44.19,patagonica,2.4596615151515153e-6,38.028897661970575,32,hermatypic coral,npp,rodolfo-metalpa2014
3_rodolfo-metalpa2014,shallow,hard,38.2,patagonica,5.2742616060606064e-5,39.58559823145258,20,hermatypic coral,npp,rodolfo-metalpa2014
3_rodolfo-metalpa2014,shallow,hard,38.2,patagonica,5.913566037878788e-5,39.31735768778696,22,hermatypic coral,npp,rodolfo-metalpa2014
3_rodolfo-metalpa2014,shallow,hard,38.2,patagonica,7.112261856060607e-5,39.05272798771773,24,hermatypic coral,npp,rodolfo-metalpa2014
3_rodolfo-metalpa2014,shallow,hard,38.2,patagonica,8.151131568181818e-5,38.79163670917708,26,hermatypic coral,npp,rodolfo-metalpa2014
3_rodolfo-metalpa2014,shallow,hard,38.2,patagonica,3.8358266212121216e-5,38.53401335397749,28,hermatypic coral,npp,rodolfo-metalpa2014
3_rodolfo-metalpa2014,shallow,hard,38.2,patagonica,5.5939138181818175e-5,38.27978928434875,30,hermatypic coral,npp,rodolfo-metalpa2014
5_rodolfo-metalpa2014,shallow,hard,37.34,patagonica,3.978864272727273e-5,39.58559823145258,20,hermatypic coral,npp,rodolfo-metalpa2014
5_rodolfo-metalpa2014,shallow,hard,37.34,patagonica,4.695059840909091e-5,39.31735768778696,22,hermatypic coral,npp,rodolfo-metalpa2014
5_rodolfo-metalpa2014,shallow,hard,37.34,patagonica,5.570409984848485e-5,39.05272798771773,24,hermatypic coral,npp,rodolfo-metalpa2014
5_rodolfo-metalpa2014,shallow,hard,37.34,patagonica,5.490832696969697e-5,38.79163670917708,26,hermatypic coral,npp,rodolfo-metalpa2014
5_rodolfo-metalpa2014,shallow,hard,37.34,patagonica,4.3767506969696966e-5,38.53401335397749,28,hermatypic coral,npp,rodolfo-metalpa2014
5_rodolfo-metalpa2014,shallow,hard,37.34,patagonica,4.217596128787879e-5,38.27978928434875,30,hermatypic coral,npp,rodolfo-metalpa2014
5_rodolfo-metalpa2014,shallow,hard,37.34,patagonica,1.034504712121212e-5,38.028897661970575,32,hermatypic coral,npp,rodolfo-metalpa2014
7_rodolfo-metalpa2014,shallow,hard,32.3,patagonica,7.347178681818182e-5,39.58559823145258,20,hermatypic coral,npp,rodolfo-metalpa2014
7_rodolfo-metalpa2014,shallow,hard,32.3,patagonica,5.877742946969697e-5,39.31735768778696,22,hermatypic coral,npp,rodolfo-metalpa2014
7_rodolfo-metalpa2014,shallow,hard,32.3,patagonica,1.1102403340909092e-4,39.05272798771773,24,hermatypic coral,npp,rodolfo-metalpa2014
7_rodolfo-metalpa2014,shallow,hard,32.3,patagonica,7.673719954545454e-5,38.79163670917708,26,hermatypic coral,npp,rodolfo-metalpa2014
7_rodolfo-metalpa2014,shallow,hard,32.3,patagonica,4.734848484848485e-5,38.53401335397749,28,hermatypic coral,npp,rodolfo-metalpa2014
7_rodolfo-metalpa2014,shallow,hard,32.3,patagonica,4.734848484848485e-5,38.27978928434875,30,hermatypic coral,npp,rodolfo-metalpa2014
7_rodolfo-metalpa2014,shallow,hard,32.3,patagonica,2.285788924242424e-5,38.028897661970575,32,hermatypic coral,npp,rodolfo-metalpa2014
3_ezzat2013,shallow,soft,43.19,singularis,3.3878724393939394e-11,39.857524030741274,18,soft coral,npp,ezzat2013
3_ezzat2013,shallow,soft,43.19,singularis,-4.5287240151515145e-12,39.05272798771773,24,soft coral,npp,ezzat2013
3_ezzat2013,shallow,soft,43.19,singularis,2.7823980303030307e-12,38.79163670917708,26,soft coral,npp,ezzat2013
1_aichelman2019,shallow,hard,41.4774,poculata,-1.0364057272727272e-11,41.570904967043965,6,hermatypic coral,npp,aichelman2019
1_aichelman2019,shallow,hard,41.4774,poculata,-3.1565659090909185e-13,41.12889640811739,9,hermatypic coral,npp,aichelman2019
1_aichelman2019,shallow,hard,41.4774,poculata,-6.026170833333333e-12,40.696188397511214,12,hermatypic coral,npp,aichelman2019
1_aichelman2019,shallow,hard,41.4774,poculata,8.207070681818181e-12,40.27249044438772,15,hermatypic coral,npp,aichelman2019
1_aichelman2019,shallow,hard,41.4774,poculata,-1.2521043787878784e-11,39.857524030741274,18,hermatypic coral,npp,aichelman2019
1_aichelman2019,shallow,hard,41.4774,poculata,-1.5017600000000017e-12,39.31735768778696,22,hermatypic coral,npp,aichelman2019
1_aichelman2019,shallow,hard,41.4774,poculata,6.236608484848486e-12,38.79163670917708,26,hermatypic coral,npp,aichelman2019
1_aichelman2019,shallow,hard,41.4774,poculata,-1.1473637878787872e-11,38.40648062733848,29,hermatypic coral,npp,aichelman2019
1_aichelman2019,shallow,hard,41.4774,poculata,-1.9795492803030297e-11,38.028897661970575,32,hermatypic coral,npp,aichelman2019
2_aichelman2019,deep,hard,37.8992,poculata,-6.88705227272727e-13,41.570904967043965,6,hermatypic coral,npp,aichelman2019
2_aichelman2019,deep,hard,37.8992,poculata,-6.734006742424241e-12,41.12889640811739,9,hermatypic coral,npp,aichelman2019
2_aichelman2019,deep,hard,37.8992,poculata,-1.1574074090909093e-11,40.696188397511214,12,hermatypic coral,npp,aichelman2019
2_aichelman2019,deep,hard,37.8992,poculata,8.36968106060607e-13,40.27249044438772,15,hermatypic coral,npp,aichelman2019
2_aichelman2019,deep,hard,37.8992,poculata,-8.369681818181808e-13,39.857524030741274,18,hermatypic coral,npp,aichelman2019
2_aichelman2019,deep,hard,37.8992,poculata,-9.871441742424238e-12,39.31735768778696,22,hermatypic coral,npp,aichelman2019
2_aichelman2019,deep,hard,37.8992,poculata,-3.338307348484847e-12,38.79163670917708,26,hermatypic coral,npp,aichelman2019
2_aichelman2019,deep,hard,37.8992,poculata,-1.0713192500000002e-11,38.40648062733848,29,hermatypic coral,npp,aichelman2019
2_aichelman2019,deep,hard,37.8992,poculata,-2.101985765151515e-11,38.028897661970575,32,hermatypic coral,npp,aichelman2019
1_kemp2011,shallow,hard,24.84,siderea,7.879099005681815e-7,39.58559823145258,20,hermatypic coral,npp,kemp2011
1_kemp2011,shallow,hard,24.84,siderea,1.2780201988636362e-6,40.1332115564597,16,hermatypic coral,npp,kemp2011
1_kemp2011,shallow,hard,24.84,siderea,-3.768433806818182e-7,40.696188397511214,12,hermatypic coral,npp,kemp2011
2_kemp2011,shallow,hard,24.84,siderea,1.8580634375000002e-6,39.58559823145258,20,hermatypic coral,npp,kemp2011
2_kemp2011,shallow,hard,24.84,siderea,1.5730002840909086e-6,40.1332115564597,16,hermatypic coral,npp,kemp2011
2_kemp2011,shallow,hard,24.84,siderea,2.832158806818182e-7,40.696188397511214,12,hermatypic coral,npp,kemp2011
3_kemp2011,shallow,hard,24.84,astreoides,2.6581750568181817e-6,39.58559823145258,20,hermatypic coral,npp,kemp2011
3_kemp2011,shallow,hard,24.84,astreoides,3.1484797869318173e-6,40.1332115564597,16,hermatypic coral,npp,kemp2011
3_kemp2011,shallow,hard,24.84,astreoides,2.991607670454545e-7,40.696188397511214,12,hermatypic coral,npp,kemp2011
4_kemp2011,shallow,hard,24.84,faveolata,3.6958068892045455e-6,39.58559823145258,20,hermatypic coral,npp,kemp2011
4_kemp2011,shallow,hard,24.84,faveolata,3.3524088494318175e-6,40.1332115564597,16,hermatypic coral,npp,kemp2011
4_kemp2011,shallow,hard,24.84,faveolata,1.1676700284090913e-7,40.696188397511214,12,hermatypic coral,npp,kemp2011
1_higuchi2015,shallow,hard,33.9481,pruinosa,1.6666666666666674e-8,39.18459605453426,23,hermatypic coral,npp,higuchi2015
1_higuchi2015,shallow,hard,33.9481,pruinosa,3.4848484848484845e-8,39.857524030741274,18,hermatypic coral,npp,higuchi2015
1_higuchi2015,shallow,hard,33.9481,pruinosa,1.8939393939393937e-8,40.55396862327563,13,hermatypic coral,npp,higuchi2015
