tpc_grp,depth_broad,broad_coral,latitude,species,mol_gCmin,sd_molgCmin,temp,cnidarian_type,metabolic_category,study_id
5_nakamura2003,shallow,hard,34.36,pruinosa,1.3071548130081299e-9,4.988079956097561e-10,12,hermatypic coral,gpp,nakamura2003
5_nakamura2003,shallow,hard,34.36,pruinosa,2.4383115853658533e-9,4.987561552032519e-10,14,hermatypic coral,gpp,nakamura2003
5_nakamura2003,shallow,hard,34.36,pruinosa,3.422708282926829e-9,6.894768594308944e-10,16,hermatypic coral,gpp,nakamura2003
5_nakamura2003,shallow,hard,34.36,pruinosa,4.289738394308943e-9,7.922244635772358e-10,18,hermatypic coral,gpp,nakamura2003
5_nakamura2003,shallow,hard,34.36,pruinosa,4.8046687430894305e-9,8.06947127398374e-10,20,hermatypic coral,gpp,nakamura2003
5_nakamura2003,shallow,hard,34.36,pruinosa,5.142097681300813e-9,9.976159910569106e-10,20,hermatypic coral,gpp,nakamura2003
5_nakamura2003,shallow,hard,34.36,pruinosa,5.818407087804877e-9,4.401247020325203e-10,22,hermatypic coral,gpp,nakamura2003
5_nakamura2003,shallow,hard,34.36,pruinosa,6.494820175609756e-9,6.455162295934959e-10,24,hermatypic coral,gpp,nakamura2003
5_nakamura2003,shallow,hard,34.36,pruinosa,6.7603465268292684e-9,7.335411700000001e-10,26,hermatypic coral,gpp,nakamura2003
5_nakamura2003,shallow,hard,34.36,pruinosa,7.3192893463414625e-9,7.482119934146342e-10,28,hermatypic coral,gpp,nakamura2003
5_nakamura2003,shallow,hard,34.36,pruinosa,7.379476010569106e-9,1.1003117552845528e-9,30,hermatypic coral,gpp,nakamura2003
6_nakamura2003,shallow,hard,34.36,pruinosa,2.7742371528455282e-9,5.428723061788619e-10,12,hermatypic coral,gpp,nakamura2003
6_nakamura2003,shallow,hard,34.36,pruinosa,4.154746082926829e-9,4.1078305520325204e-10,14,hermatypic coral,gpp,nakamura2003
6_nakamura2003,shallow,hard,34.36,pruinosa,4.816436506504065e-9,3.8144140837398367e-10,16,hermatypic coral,gpp,nakamura2003
6_nakamura2003,shallow,hard,34.36,pruinosa,5.214000268292682e-9,2.3473317439024387e-10,18,hermatypic coral,gpp,nakamura2003
6_nakamura2003,shallow,hard,34.36,pruinosa,5.699640811382113e-9,1.1736658723577236e-9,20,hermatypic coral,gpp,nakamura2003
6_nakamura2003,shallow,hard,34.36,pruinosa,5.846297204878049e-9,1.0269576382113822e-9,20,hermatypic coral,gpp,nakamura2003
6_nakamura2003,shallow,hard,34.36,pruinosa,6.816074919512195e-9,1.3937282227642275e-9,22,hermatypic coral,gpp,nakamura2003
6_nakamura2003,shallow,hard,34.36,pruinosa,7.521777813821137e-9,1.2176783422764227e-9,24,hermatypic coral,gpp,nakamura2003
6_nakamura2003,shallow,hard,34.36,pruinosa,7.75796251788618e-9,1.3497157528455283e-9,26,hermatypic coral,gpp,nakamura2003
6_nakamura2003,shallow,hard,34.36,pruinosa,8.434271926829268e-9,1.1883885357723576e-9,28,hermatypic coral,gpp,nakamura2003
6_nakamura2003,shallow,hard,34.36,pruinosa,7.2620575829268285e-9,7.628828168292682e-10,30,hermatypic coral,gpp,nakamura2003
1_becker2021,shallow,hard,-17.5388,spp.,5.419498536585365e-11,NA,20,hermatypic coral,gpp,becker2021
1_becker2021,shallow,hard,-17.5388,spp.,6.644367552845528e-11,NA,22,hermatypic coral,gpp,becker2021
1_becker2021,shallow,hard,-17.5388,spp.,8.179578073170731e-11,NA,24,hermatypic coral,gpp,becker2021
1_becker2021,shallow,hard,-17.5388,spp.,9.530748048780487e-11,NA,28,hermatypic coral,gpp,becker2021
1_becker2021,shallow,hard,-17.5388,spp.,9.226156943089431e-11,NA,30,hermatypic coral,gpp,becker2021
1_becker2021,shallow,hard,-17.5388,spp.,8.565603926829268e-11,NA,32,hermatypic coral,gpp,becker2021
1_becker2021,shallow,hard,-17.5388,spp.,7.980036260162601e-11,NA,34,hermatypic coral,gpp,becker2021
1_becker2021,shallow,hard,-17.5388,spp.,5.978560772357723e-11,NA,36,hermatypic coral,gpp,becker2021
1_becker2021,shallow,hard,-17.5388,spp.,3.034014227642276e-11,NA,37,hermatypic coral,gpp,becker2021
2_becker2021,shallow,hard,-17.5388,spp.,4.140776674796748e-11,NA,20,hermatypic coral,gpp,becker2021
2_becker2021,shallow,hard,-17.5388,spp.,5.3372459024390244e-11,NA,22,hermatypic coral,gpp,becker2021
2_becker2021,shallow,hard,-17.5388,spp.,5.90456656910569e-11,NA,24,hermatypic coral,gpp,becker2021
2_becker2021,shallow,hard,-17.5388,spp.,7.478244617886178e-11,NA,28,hermatypic coral,gpp,becker2021
2_becker2021,shallow,hard,-17.5388,spp.,7.601511471544715e-11,NA,30,hermatypic coral,gpp,becker2021
2_becker2021,shallow,hard,-17.5388,spp.,7.825684544715447e-11,NA,32,hermatypic coral,gpp,becker2021
2_becker2021,shallow,hard,-17.5388,spp.,7.219903081300813e-11,NA,34,hermatypic coral,gpp,becker2021
2_becker2021,shallow,hard,-17.5388,spp.,4.03888481300813e-11,NA,36,hermatypic coral,gpp,becker2021
2_becker2021,shallow,hard,-17.5388,spp.,1.5767064146341462e-11,NA,37,hermatypic coral,gpp,becker2021
3_becker2021,shallow,hard,-17.5388,spp.,4.692468463414634e-11,NA,20,hermatypic coral,gpp,becker2021
3_becker2021,shallow,hard,-17.5388,spp.,5.6289713658536576e-11,NA,22,hermatypic coral,gpp,becker2021
3_becker2021,shallow,hard,-17.5388,spp.,6.984879528455284e-11,NA,24,hermatypic coral,gpp,becker2021
3_becker2021,shallow,hard,-17.5388,spp.,8.949527780487805e-11,NA,28,hermatypic coral,gpp,becker2021
3_becker2021,shallow,hard,-17.5388,spp.,8.562480211382114e-11,NA,30,hermatypic coral,gpp,becker2021
3_becker2021,shallow,hard,-17.5388,spp.,8.076707999999999e-11,NA,32,hermatypic coral,gpp,becker2021
3_becker2021,shallow,hard,-17.5388,spp.,7.36861330894309e-11,NA,34,hermatypic coral,gpp,becker2021
3_becker2021,shallow,hard,-17.5388,spp.,3.748866593495935e-11,NA,36,hermatypic coral,gpp,becker2021
3_becker2021,shallow,hard,-17.5388,spp.,9.686964552845527e-12,NA,37,hermatypic coral,gpp,becker2021
4_becker2021,shallow,hard,-17.5388,spp.,6.10510812195122e-11,NA,20,hermatypic coral,gpp,becker2021
4_becker2021,shallow,hard,-17.5388,spp.,7.372822430894309e-11,NA,22,hermatypic coral,gpp,becker2021
4_becker2021,shallow,hard,-17.5388,spp.,8.769049756097561e-11,NA,24,hermatypic coral,gpp,becker2021
4_becker2021,shallow,hard,-17.5388,spp.,1.087085762601626e-10,NA,28,hermatypic coral,gpp,becker2021
4_becker2021,shallow,hard,-17.5388,spp.,9.558077113821138e-11,NA,30,hermatypic coral,gpp,becker2021
4_becker2021,shallow,hard,-17.5388,spp.,1.0644125715447154e-10,NA,32,hermatypic coral,gpp,becker2021
4_becker2021,shallow,hard,-17.5388,spp.,1.0507721471544716e-10,NA,34,hermatypic coral,gpp,becker2021
4_becker2021,shallow,hard,-17.5388,spp.,8.145583601626014e-11,NA,36,hermatypic coral,gpp,becker2021
4_becker2021,shallow,hard,-17.5388,spp.,2.674300756097561e-11,NA,37,hermatypic coral,gpp,becker2021
5_becker2021,shallow,hard,-17.5388,spp.,4.480607731707317e-11,NA,20,hermatypic coral,gpp,becker2021
5_becker2021,shallow,hard,-17.5388,spp.,4.8177349593495934e-11,NA,22,hermatypic coral,gpp,becker2021
5_becker2021,shallow,hard,-17.5388,spp.,6.361353959349593e-11,NA,24,hermatypic coral,gpp,becker2021
5_becker2021,shallow,hard,-17.5388,spp.,7.92138406504065e-11,NA,28,hermatypic coral,gpp,becker2021
5_becker2021,shallow,hard,-17.5388,spp.,7.728220447154471e-11,NA,30,hermatypic coral,gpp,becker2021
5_becker2021,shallow,hard,-17.5388,spp.,7.610437739837398e-11,NA,32,hermatypic coral,gpp,becker2021
5_becker2021,shallow,hard,-17.5388,spp.,6.441740585365854e-11,NA,34,hermatypic coral,gpp,becker2021
5_becker2021,shallow,hard,-17.5388,spp.,3.454281943089431e-11,NA,36,hermatypic coral,gpp,becker2021
5_becker2021,shallow,hard,-17.5388,spp.,1.0368471951219513e-11,NA,37,hermatypic coral,gpp,becker2021
6_becker2021,shallow,hard,-17.5388,spp.,5.7562672032520325e-11,NA,20,hermatypic coral,gpp,becker2021
6_becker2021,shallow,hard,-17.5388,spp.,7.05723437398374e-11,NA,22,hermatypic coral,gpp,becker2021
6_becker2021,shallow,hard,-17.5388,spp.,7.913146487804878e-11,NA,24,hermatypic coral,gpp,becker2021
6_becker2021,shallow,hard,-17.5388,spp.,9.787888764227642e-11,NA,28,hermatypic coral,gpp,becker2021
6_becker2021,shallow,hard,-17.5388,spp.,9.10047974796748e-11,NA,30,hermatypic coral,gpp,becker2021
6_becker2021,shallow,hard,-17.5388,spp.,9.460052780487805e-11,NA,32,hermatypic coral,gpp,becker2021
6_becker2021,shallow,hard,-17.5388,spp.,8.094695040650406e-11,NA,34,hermatypic coral,gpp,becker2021
6_becker2021,shallow,hard,-17.5388,spp.,5.3428163495934956e-11,NA,36,hermatypic coral,gpp,becker2021
6_becker2021,shallow,hard,-17.5388,spp.,2.7800354227642274e-11,NA,37,hermatypic coral,gpp,becker2021
7_becker2021,shallow,hard,-17.5388,spp.,3.3506899999999996e-11,NA,20,hermatypic coral,gpp,becker2021
7_becker2021,shallow,hard,-17.5388,spp.,4.987276032520325e-11,NA,22,hermatypic coral,gpp,becker2021
7_becker2021,shallow,hard,-17.5388,spp.,5.764196585365853e-11,NA,24,hermatypic coral,gpp,becker2021
7_becker2021,shallow,hard,-17.5388,spp.,7.385387943089431e-11,NA,28,hermatypic coral,gpp,becker2021
7_becker2021,shallow,hard,-17.5388,spp.,7.110956821138211e-11,NA,30,hermatypic coral,gpp,becker2021
7_becker2021,shallow,hard,-17.5388,spp.,6.704241544715447e-11,NA,32,hermatypic coral,gpp,becker2021
7_becker2021,shallow,hard,-17.5388,spp.,5.1403112764227636e-11,NA,34,hermatypic coral,gpp,becker2021
7_becker2021,shallow,hard,-17.5388,spp.,3.5235271463414635e-11,NA,36,hermatypic coral,gpp,becker2021
7_becker2021,shallow,hard,-17.5388,spp.,8.177008780487804e-12,NA,37,hermatypic coral,gpp,becker2021
8_becker2021,shallow,hard,-17.5388,spp.,6.268308260162602e-11,NA,20,hermatypic coral,gpp,becker2021
8_becker2021,shallow,hard,-17.5388,spp.,7.232633788617887e-11,NA,22,hermatypic coral,gpp,becker2021
8_becker2021,shallow,hard,-17.5388,spp.,8.026352650406504e-11,NA,24,hermatypic coral,gpp,becker2021
8_becker2021,shallow,hard,-17.5388,spp.,9.55811581300813e-11,NA,28,hermatypic coral,gpp,becker2021
8_becker2021,shallow,hard,-17.5388,spp.,1.0364574024390243e-10,NA,30,hermatypic coral,gpp,becker2021
8_becker2021,shallow,hard,-17.5388,spp.,9.931240121951219e-11,NA,32,hermatypic coral,gpp,becker2021
8_becker2021,shallow,hard,-17.5388,spp.,1.0465970869918698e-10,NA,34,hermatypic coral,gpp,becker2021
8_becker2021,shallow,hard,-17.5388,spp.,7.523905105691056e-11,NA,36,hermatypic coral,gpp,becker2021
8_becker2021,shallow,hard,-17.5388,spp.,3.837587788617886e-11,NA,37,hermatypic coral,gpp,becker2021
9_becker2021,shallow,hard,-17.5388,spp.,6.29098238211382e-11,NA,20,hermatypic coral,gpp,becker2021
9_becker2021,shallow,hard,-17.5388,spp.,8.139645869918698e-11,NA,22,hermatypic coral,gpp,becker2021
9_becker2021,shallow,hard,-17.5388,spp.,9.03159043902439e-11,NA,24,hermatypic coral,gpp,becker2021
9_becker2021,shallow,hard,-17.5388,spp.,1.0863043869918699e-10,NA,28,hermatypic coral,gpp,becker2021
9_becker2021,shallow,hard,-17.5388,spp.,1.0674922723577236e-10,NA,30,hermatypic coral,gpp,becker2021
9_becker2021,shallow,hard,-17.5388,spp.,1.0877824276422764e-10,NA,32,hermatypic coral,gpp,becker2021
9_becker2021,shallow,hard,-17.5388,spp.,1.0766126032520325e-10,NA,34,hermatypic coral,gpp,becker2021
9_becker2021,shallow,hard,-17.5388,spp.,8.362988300813009e-11,NA,36,hermatypic coral,gpp,becker2021
9_becker2021,shallow,hard,-17.5388,spp.,5.17268587804878e-11,NA,37,hermatypic coral,gpp,becker2021
10_becker2021,shallow,hard,-17.5388,spp.,4.157544869918699e-11,NA,20,hermatypic coral,gpp,becker2021
10_becker2021,shallow,hard,-17.5388,spp.,5.679943121951219e-11,NA,22,hermatypic coral,gpp,becker2021
10_becker2021,shallow,hard,-17.5388,spp.,8.05723325203252e-11,NA,24,hermatypic coral,gpp,becker2021
10_becker2021,shallow,hard,-17.5388,spp.,8.846470943089431e-11,NA,28,hermatypic coral,gpp,becker2021
10_becker2021,shallow,hard,-17.5388,spp.,8.438632821138211e-11,NA,30,hermatypic coral,gpp,becker2021
10_becker2021,shallow,hard,-17.5388,spp.,8.323528195121951e-11,NA,32,hermatypic coral,gpp,becker2021
10_becker2021,shallow,hard,-17.5388,spp.,7.389866024390244e-11,NA,34,hermatypic coral,gpp,becker2021
10_becker2021,shallow,hard,-17.5388,spp.,4.7273893821138214e-11,NA,36,hermatypic coral,gpp,becker2021
10_becker2021,shallow,hard,-17.5388,spp.,1.93310437398374e-11,NA,37,hermatypic coral,gpp,becker2021
11_becker2021,shallow,hard,-17.5388,spp.,4.649525788617886e-11,NA,20,hermatypic coral,gpp,becker2021
11_becker2021,shallow,hard,-17.5388,spp.,5.540075040650407e-11,NA,22,hermatypic coral,gpp,becker2021
11_becker2021,shallow,hard,-17.5388,spp.,6.515914008130081e-11,NA,24,hermatypic coral,gpp,becker2021
11_becker2021,shallow,hard,-17.5388,spp.,8.06781669105691e-11,NA,28,hermatypic coral,gpp,becker2021
11_becker2021,shallow,hard,-17.5388,spp.,7.658596e-11,NA,30,hermatypic coral,gpp,becker2021
11_becker2021,shallow,hard,-17.5388,spp.,7.728215365853659e-11,NA,32,hermatypic coral,gpp,becker2021
11_becker2021,shallow,hard,-17.5388,spp.,6.623955357723577e-11,NA,34,hermatypic coral,gpp,becker2021
11_becker2021,shallow,hard,-17.5388,spp.,4.290097260162602e-11,NA,36,hermatypic coral,gpp,becker2021
11_becker2021,shallow,hard,-17.5388,spp.,2.0127805447154473e-11,NA,37,hermatypic coral,gpp,becker2021
12_becker2021,shallow,hard,-17.5388,spp.,3.341477764227642e-11,NA,20,hermatypic coral,gpp,becker2021
12_becker2021,shallow,hard,-17.5388,spp.,3.5352087479674795e-11,NA,22,hermatypic coral,gpp,becker2021
12_becker2021,shallow,hard,-17.5388,spp.,4.1929731951219516e-11,NA,24,hermatypic coral,gpp,becker2021
12_becker2021,shallow,hard,-17.5388,spp.,6.058237390243902e-11,NA,28,hermatypic coral,gpp,becker2021
12_becker2021,shallow,hard,-17.5388,spp.,5.732178341463414e-11,NA,30,hermatypic coral,gpp,becker2021
12_becker2021,shallow,hard,-17.5388,spp.,6.244956227642277e-11,NA,32,hermatypic coral,gpp,becker2021
12_becker2021,shallow,hard,-17.5388,spp.,5.298302723577236e-11,NA,34,hermatypic coral,gpp,becker2021
12_becker2021,shallow,hard,-17.5388,spp.,4.272226195121951e-11,NA,36,hermatypic coral,gpp,becker2021
12_becker2021,shallow,hard,-17.5388,spp.,2.2453525040650408e-11,NA,37,hermatypic coral,gpp,becker2021
13_becker2021,shallow,hard,-17.5388,spp.,3.5595410162601625e-11,NA,20,hermatypic coral,gpp,becker2021
13_becker2021,shallow,hard,-17.5388,spp.,3.563127243902439e-11,NA,22,hermatypic coral,gpp,becker2021
13_becker2021,shallow,hard,-17.5388,spp.,4.0315680813008123e-11,NA,24,hermatypic coral,gpp,becker2021
13_becker2021,shallow,hard,-17.5388,spp.,3.627685016260163e-11,NA,28,hermatypic coral,gpp,becker2021
13_becker2021,shallow,hard,-17.5388,spp.,4.330937024390244e-11,NA,30,hermatypic coral,gpp,becker2021
13_becker2021,shallow,hard,-17.5388,spp.,4.135930715447154e-11,NA,32,hermatypic coral,gpp,becker2021
13_becker2021,shallow,hard,-17.5388,spp.,3.5256993170731706e-11,NA,34,hermatypic coral,gpp,becker2021
13_becker2021,shallow,hard,-17.5388,spp.,2.3170992439024388e-11,NA,36,hermatypic coral,gpp,becker2021
13_becker2021,shallow,hard,-17.5388,spp.,3.5518113008130082e-12,NA,37,hermatypic coral,gpp,becker2021
14_becker2021,shallow,hard,-17.5388,spp.,4.326403642276423e-11,NA,20,hermatypic coral,gpp,becker2021
14_becker2021,shallow,hard,-17.5388,spp.,4.6068166016260164e-11,NA,22,hermatypic coral,gpp,becker2021
14_becker2021,shallow,hard,-17.5388,spp.,5.911715552845529e-11,NA,24,hermatypic coral,gpp,becker2021
14_becker2021,shallow,hard,-17.5388,spp.,7.5933811300813e-11,NA,28,hermatypic coral,gpp,becker2021
14_becker2021,shallow,hard,-17.5388,spp.,7.453965926829268e-11,NA,30,hermatypic coral,gpp,becker2021
14_becker2021,shallow,hard,-17.5388,spp.,7.112693089430895e-11,NA,32,hermatypic coral,gpp,becker2021
14_becker2021,shallow,hard,-17.5388,spp.,5.6715234552845523e-11,NA,34,hermatypic coral,gpp,becker2021
14_becker2021,shallow,hard,-17.5388,spp.,3.4549920081300815e-11,NA,36,hermatypic coral,gpp,becker2021
14_becker2021,shallow,hard,-17.5388,spp.,1.185036650406504e-11,NA,37,hermatypic coral,gpp,becker2021
15_becker2021,shallow,hard,-17.5388,spp.,5.448452016260163e-11,NA,20,hermatypic coral,gpp,becker2021
15_becker2021,shallow,hard,-17.5388,spp.,6.438117073170733e-11,NA,22,hermatypic coral,gpp,becker2021
15_becker2021,shallow,hard,-17.5388,spp.,7.453009682926829e-11,NA,24,hermatypic coral,gpp,becker2021
15_becker2021,shallow,hard,-17.5388,spp.,9.14399682113821e-11,NA,28,hermatypic coral,gpp,becker2021
15_becker2021,shallow,hard,-17.5388,spp.,9.026303707317073e-11,NA,30,hermatypic coral,gpp,becker2021
15_becker2021,shallow,hard,-17.5388,spp.,9.189196097560975e-11,NA,32,hermatypic coral,gpp,becker2021
15_becker2021,shallow,hard,-17.5388,spp.,8.698846178861788e-11,NA,34,hermatypic coral,gpp,becker2021
15_becker2021,shallow,hard,-17.5388,spp.,6.634876577235772e-11,NA,36,hermatypic coral,gpp,becker2021
15_becker2021,shallow,hard,-17.5388,spp.,3.6534597804878046e-11,NA,37,hermatypic coral,gpp,becker2021
16_becker2021,shallow,hard,-17.5388,spp.,4.0192066829268296e-11,NA,20,hermatypic coral,gpp,becker2021
16_becker2021,shallow,hard,-17.5388,spp.,4.31453631707317e-11,NA,22,hermatypic coral,gpp,becker2021
16_becker2021,shallow,hard,-17.5388,spp.,5.233977804878049e-11,NA,24,hermatypic coral,gpp,becker2021
16_becker2021,shallow,hard,-17.5388,spp.,6.176302390243903e-11,NA,28,hermatypic coral,gpp,becker2021
16_becker2021,shallow,hard,-17.5388,spp.,5.870693000000001e-11,NA,30,hermatypic coral,gpp,becker2021
16_becker2021,shallow,hard,-17.5388,spp.,5.9029292439024385e-11,NA,32,hermatypic coral,gpp,becker2021
16_becker2021,shallow,hard,-17.5388,spp.,5.286761430894309e-11,NA,34,hermatypic coral,gpp,becker2021
16_becker2021,shallow,hard,-17.5388,spp.,3.630139170731707e-11,NA,36,hermatypic coral,gpp,becker2021
16_becker2021,shallow,hard,-17.5388,spp.,2.1224814634146338e-11,NA,37,hermatypic coral,gpp,becker2021
1_kemp2011,shallow,hard,24.84,siderea,5.691056905487805e-8,NA,20,hermatypic coral,gpp,kemp2011
1_kemp2011,shallow,hard,24.84,siderea,2.5406504115853657e-8,NA,16,hermatypic coral,gpp,kemp2011
1_kemp2011,shallow,hard,24.84,siderea,6.097560975609757e-9,NA,12,hermatypic coral,gpp,kemp2011
2_kemp2011,shallow,hard,24.84,siderea,5.233739832317073e-8,NA,20,hermatypic coral,gpp,kemp2011
2_kemp2011,shallow,hard,24.84,siderea,4.4207317073170735e-8,NA,16,hermatypic coral,gpp,kemp2011
2_kemp2011,shallow,hard,24.84,siderea,1.2195121951219513e-8,NA,12,hermatypic coral,gpp,kemp2011
3_kemp2011,shallow,hard,24.84,astreoides,7.698170731707317e-8,NA,20,hermatypic coral,gpp,kemp2011
3_kemp2011,shallow,hard,24.84,astreoides,7.393292682926828e-8,NA,16,hermatypic coral,gpp,kemp2011
3_kemp2011,shallow,hard,24.84,astreoides,1.3211382164634147e-8,NA,12,hermatypic coral,gpp,kemp2011
4_kemp2011,shallow,hard,24.84,faveolata,8.079268292682929e-8,NA,20,hermatypic coral,gpp,kemp2011
4_kemp2011,shallow,hard,24.84,faveolata,4.217479679878049e-8,NA,16,hermatypic coral,gpp,kemp2011
4_kemp2011,shallow,hard,24.84,faveolata,6.6056910060975615e-9,NA,12,hermatypic coral,gpp,kemp2011
3_jiang2021,shallow,hard,18.2217,damicornis,5.364452060170045e-4,1.0287990843688685e-4,27,brooding coral,gpp,jiang2021
3_jiang2021,shallow,hard,18.2217,damicornis,8.744791693917594e-4,2.20456939175932e-4,29,brooding coral,gpp,jiang2021
3_jiang2021,shallow,hard,18.2217,damicornis,0.0011941417266187048,1.469712884238064e-4,31,brooding coral,gpp,jiang2021
3_jiang2021,shallow,hard,18.2217,damicornis,8.267134990189666e-4,5.143994767822106e-5,32,brooding coral,gpp,jiang2021
3_jiang2021,shallow,hard,18.2217,damicornis,1.9106267495094833e-4,1.616684238064094e-4,33,brooding coral,gpp,jiang2021
5_castillohelmuth2005,shallow,hard,16.1,annularis,1.0188796598069107e-10,NA,29,hermatypic coral,gpp,castillohelmuth2005
5_castillohelmuth2005,shallow,hard,16.1,annularis,1.2746473737296747e-10,NA,30,hermatypic coral,gpp,castillohelmuth2005
5_castillohelmuth2005,shallow,hard,16.1,annularis,1.370520974085366e-10,NA,30,hermatypic coral,gpp,castillohelmuth2005
5_castillohelmuth2005,shallow,hard,16.1,annularis,2.2093887812499997e-10,NA,31,hermatypic coral,gpp,castillohelmuth2005
5_castillohelmuth2005,shallow,hard,16.1,annularis,2.2733045147357725e-10,NA,31,hermatypic coral,gpp,castillohelmuth2005
5_castillohelmuth2005,shallow,hard,16.1,annularis,2.624841049288618e-10,NA,31,hermatypic coral,gpp,castillohelmuth2005
5_castillohelmuth2005,shallow,hard,16.1,annularis,2.374521889481707e-10,NA,32,hermatypic coral,gpp,castillohelmuth2005
5_castillohelmuth2005,shallow,hard,16.1,annularis,2.4384376229674794e-10,NA,32,hermatypic coral,gpp,castillohelmuth2005
5_castillohelmuth2005,shallow,hard,16.1,annularis,3.301195243902438e-10,NA,32,hermatypic coral,gpp,castillohelmuth2005
5_castillohelmuth2005,shallow,hard,16.1,annularis,2.923044618902439e-10,NA,33,hermatypic coral,gpp,castillohelmuth2005
5_castillohelmuth2005,shallow,hard,16.1,annularis,3.0828339532520324e-10,NA,33,hermatypic coral,gpp,castillohelmuth2005
5_castillohelmuth2005,shallow,hard,16.1,annularis,3.5302440879065035e-10,NA,33,hermatypic coral,gpp,castillohelmuth2005
5_castillohelmuth2005,shallow,hard,16.1,annularis,1.6980105233739835e-10,NA,34,hermatypic coral,gpp,castillohelmuth2005
5_castillohelmuth2005,shallow,hard,16.1,annularis,1.9376945238821138e-10,NA,34,hermatypic coral,gpp,castillohelmuth2005
5_castillohelmuth2005,shallow,hard,16.1,annularis,2.001610257367886e-10,NA,34,hermatypic coral,gpp,castillohelmuth2005
5_castillohelmuth2005,shallow,hard,16.1,annularis,6.966814951727641e-11,NA,35,hermatypic coral,gpp,castillohelmuth2005
5_castillohelmuth2005,shallow,hard,16.1,annularis,6.966814951727641e-11,NA,35,hermatypic coral,gpp,castillohelmuth2005
5_castillohelmuth2005,shallow,hard,16.1,annularis,6.966814951727641e-11,NA,35,hermatypic coral,gpp,castillohelmuth2005
6_castillohelmuth2005,shallow,hard,16.1,annularis,1.594121261432927e-10,NA,29,hermatypic coral,gpp,castillohelmuth2005
6_castillohelmuth2005,shallow,hard,16.1,annularis,1.6580369949186993e-10,NA,29,hermatypic coral,gpp,castillohelmuth2005
6_castillohelmuth2005,shallow,hard,16.1,annularis,1.7858684618902437e-10,NA,29,hermatypic coral,gpp,castillohelmuth2005
6_castillohelmuth2005,shallow,hard,16.1,annularis,3.583472271341463e-10,NA,31,hermatypic coral,gpp,castillohelmuth2005
6_castillohelmuth2005,shallow,hard,16.1,annularis,3.711303737296748e-10,NA,31,hermatypic coral,gpp,castillohelmuth2005
6_castillohelmuth2005,shallow,hard,16.1,annularis,4.190671740345528e-10,NA,31,hermatypic coral,gpp,castillohelmuth2005
6_castillohelmuth2005,shallow,hard,16.1,annularis,4.1320997815040645e-10,NA,32,hermatypic coral,gpp,castillohelmuth2005
6_castillohelmuth2005,shallow,hard,16.1,annularis,4.547552047764227e-10,NA,32,hermatypic coral,gpp,castillohelmuth2005
6_castillohelmuth2005,shallow,hard,16.1,annularis,4.643425647865853e-10,NA,32,hermatypic coral,gpp,castillohelmuth2005
6_castillohelmuth2005,shallow,hard,16.1,annularis,3.785907019817073e-10,NA,33,hermatypic coral,gpp,castillohelmuth2005
6_castillohelmuth2005,shallow,hard,16.1,annularis,3.785907019817073e-10,NA,33,hermatypic coral,gpp,castillohelmuth2005
6_castillohelmuth2005,shallow,hard,16.1,annularis,4.84051662347561e-10,NA,33,hermatypic coral,gpp,castillohelmuth2005
6_castillohelmuth2005,shallow,hard,16.1,annularis,2.0974838577235774e-10,NA,34,hermatypic coral,gpp,castillohelmuth2005
6_castillohelmuth2005,shallow,hard,16.1,annularis,2.544893991361789e-10,NA,34,hermatypic coral,gpp,castillohelmuth2005
6_castillohelmuth2005,shallow,hard,16.1,annularis,2.9603462601626013e-10,NA,34,hermatypic coral,gpp,castillohelmuth2005
6_castillohelmuth2005,shallow,hard,16.1,annularis,2.492713606453252e-11,NA,35,hermatypic coral,gpp,castillohelmuth2005
6_castillohelmuth2005,shallow,hard,16.1,annularis,3.4514496087398375e-11,NA,35,hermatypic coral,gpp,castillohelmuth2005
6_castillohelmuth2005,shallow,hard,16.1,annularis,5.3689216133130083e-11,NA,35,hermatypic coral,gpp,castillohelmuth2005
1_silbiger2019,shallow,hard,9.14,franksi,2.6442221943089433e-10,NA,21,hermatypic coral,gpp,silbiger2019
1_silbiger2019,shallow,hard,9.14,franksi,2.833156863414634e-10,NA,26,hermatypic coral,gpp,silbiger2019
1_silbiger2019,shallow,hard,9.14,franksi,4.940757112195122e-10,NA,28,hermatypic coral,gpp,silbiger2019
1_silbiger2019,shallow,hard,9.14,franksi,3.2722734479674795e-10,NA,29,hermatypic coral,gpp,silbiger2019
1_silbiger2019,shallow,hard,9.14,franksi,3.5282035447154466e-10,NA,30,hermatypic coral,gpp,silbiger2019
1_silbiger2019,shallow,hard,9.14,franksi,3.416535173170731e-10,NA,31,hermatypic coral,gpp,silbiger2019
1_silbiger2019,shallow,hard,9.14,franksi,3.003904050406504e-10,NA,33,hermatypic coral,gpp,silbiger2019
1_silbiger2019,shallow,hard,9.14,franksi,4.468953169105691e-10,NA,34,hermatypic coral,gpp,silbiger2019
1_silbiger2019,shallow,hard,9.14,franksi,1.1490602414634145e-10,NA,36,hermatypic coral,gpp,silbiger2019
2_silbiger2019,shallow,hard,9.14,franksi,2.1109669869918694e-10,NA,22,hermatypic coral,gpp,silbiger2019
2_silbiger2019,shallow,hard,9.14,franksi,2.9150955934959353e-10,NA,26,hermatypic coral,gpp,silbiger2019
2_silbiger2019,shallow,hard,9.14,franksi,3.352355342276423e-10,NA,28,hermatypic coral,gpp,silbiger2019
2_silbiger2019,shallow,hard,9.14,franksi,3.557708806504065e-10,NA,29,hermatypic coral,gpp,silbiger2019
2_silbiger2019,shallow,hard,9.14,franksi,3.4578692105691057e-10,NA,30,hermatypic coral,gpp,silbiger2019
2_silbiger2019,shallow,hard,9.14,franksi,3.592243611382114e-10,NA,31,hermatypic coral,gpp,silbiger2019
2_silbiger2019,shallow,hard,9.14,franksi,3.468196238211382e-10,NA,32,hermatypic coral,gpp,silbiger2019
2_silbiger2019,shallow,hard,9.14,franksi,3.389603217073171e-10,NA,33,hermatypic coral,gpp,silbiger2019
2_silbiger2019,shallow,hard,9.14,franksi,4.8168167699187e-10,NA,34,hermatypic coral,gpp,silbiger2019
2_silbiger2019,shallow,hard,9.14,franksi,1.3000587186991868e-10,NA,36,hermatypic coral,gpp,silbiger2019
3_silbiger2019,shallow,hard,9.14,franksi,2.370614257723577e-10,NA,21,hermatypic coral,gpp,silbiger2019
3_silbiger2019,shallow,hard,9.14,franksi,2.2332944365853657e-10,NA,28,hermatypic coral,gpp,silbiger2019
3_silbiger2019,shallow,hard,9.14,franksi,2.2726564910569103e-10,NA,29,hermatypic coral,gpp,silbiger2019
3_silbiger2019,shallow,hard,9.14,franksi,3.0623300365853657e-10,NA,30,hermatypic coral,gpp,silbiger2019
3_silbiger2019,shallow,hard,9.14,franksi,2.6501384040650405e-10,NA,31,hermatypic coral,gpp,silbiger2019
3_silbiger2019,shallow,hard,9.14,franksi,2.29044977398374e-10,NA,32,hermatypic coral,gpp,silbiger2019
3_silbiger2019,shallow,hard,9.14,franksi,2.40029765203252e-10,NA,33,hermatypic coral,gpp,silbiger2019
3_silbiger2019,shallow,hard,9.14,franksi,3.239769596747967e-10,NA,34,hermatypic coral,gpp,silbiger2019
3_silbiger2019,shallow,hard,9.14,franksi,5.767533040650407e-11,NA,36,hermatypic coral,gpp,silbiger2019
4_silbiger2019,shallow,hard,9.14,franksi,2.0034855479674798e-10,NA,21,hermatypic coral,gpp,silbiger2019
4_silbiger2019,shallow,hard,9.14,franksi,2.648435587804878e-10,NA,26,hermatypic coral,gpp,silbiger2019
4_silbiger2019,shallow,hard,9.14,franksi,2.7458858341463415e-10,NA,28,hermatypic coral,gpp,silbiger2019
4_silbiger2019,shallow,hard,9.14,franksi,3.337550397560975e-10,NA,29,hermatypic coral,gpp,silbiger2019
4_silbiger2019,shallow,hard,9.14,franksi,2.962490969105691e-10,NA,30,hermatypic coral,gpp,silbiger2019
4_silbiger2019,shallow,hard,9.14,franksi,3.35133366097561e-10,NA,32,hermatypic coral,gpp,silbiger2019
4_silbiger2019,shallow,hard,9.14,franksi,2.513001556097561e-10,NA,32,hermatypic coral,gpp,silbiger2019
4_silbiger2019,shallow,hard,9.14,franksi,3.5868961455284557e-10,NA,33,hermatypic coral,gpp,silbiger2019
4_silbiger2019,shallow,hard,9.14,franksi,2.2561941902439025e-10,NA,34,hermatypic coral,gpp,silbiger2019
4_silbiger2019,shallow,hard,9.14,franksi,1.3021497626016258e-10,NA,36,hermatypic coral,gpp,silbiger2019
9_silbiger2019,shallow,hard,32.27,franksi,1.3538915162601625e-10,NA,24,hermatypic coral,gpp,silbiger2019
9_silbiger2019,shallow,hard,32.27,franksi,9.91400830081301e-11,NA,26,hermatypic coral,gpp,silbiger2019
9_silbiger2019,shallow,hard,32.27,franksi,8.900473756097561e-11,NA,27,hermatypic coral,gpp,silbiger2019
9_silbiger2019,shallow,hard,32.27,franksi,1.8178188650406505e-10,NA,29,hermatypic coral,gpp,silbiger2019
9_silbiger2019,shallow,hard,32.27,franksi,1.6136139154471545e-10,NA,31,hermatypic coral,gpp,silbiger2019
9_silbiger2019,shallow,hard,32.27,franksi,1.595385963414634e-10,NA,32,hermatypic coral,gpp,silbiger2019
9_silbiger2019,shallow,hard,32.27,franksi,1.2526586845528454e-10,NA,34,hermatypic coral,gpp,silbiger2019
9_silbiger2019,shallow,hard,32.27,franksi,-8.112429268292682e-12,NA,36,hermatypic coral,gpp,silbiger2019
10_silbiger2019,shallow,hard,32.27,franksi,8.075267365853658e-11,NA,24,hermatypic coral,gpp,silbiger2019
10_silbiger2019,shallow,hard,32.27,franksi,9.62546887804878e-11,NA,26,hermatypic coral,gpp,silbiger2019
10_silbiger2019,shallow,hard,32.27,franksi,1.1697785536585364e-10,NA,27,hermatypic coral,gpp,silbiger2019
10_silbiger2019,shallow,hard,32.27,franksi,2.207183461788618e-10,NA,29,hermatypic coral,gpp,silbiger2019
10_silbiger2019,shallow,hard,32.27,franksi,1.447860325203252e-10,NA,31,hermatypic coral,gpp,silbiger2019
10_silbiger2019,shallow,hard,32.27,franksi,1.406927856097561e-10,NA,32,hermatypic coral,gpp,silbiger2019
10_silbiger2019,shallow,hard,32.27,franksi,9.094840853658537e-11,NA,34,hermatypic coral,gpp,silbiger2019
10_silbiger2019,shallow,hard,32.27,franksi,2.4893861788617884e-13,NA,36,hermatypic coral,gpp,silbiger2019
11_silbiger2019,shallow,hard,32.27,franksi,1.0927195837398374e-10,NA,24,hermatypic coral,gpp,silbiger2019
11_silbiger2019,shallow,hard,32.27,franksi,1.0337784235772357e-10,NA,26,hermatypic coral,gpp,silbiger2019
11_silbiger2019,shallow,hard,32.27,franksi,1.1417408317073171e-10,NA,27,hermatypic coral,gpp,silbiger2019
11_silbiger2019,shallow,hard,32.27,franksi,1.6525679861788617e-10,NA,29,hermatypic coral,gpp,silbiger2019
11_silbiger2019,shallow,hard,32.27,franksi,1.791989156910569e-10,NA,31,hermatypic coral,gpp,silbiger2019
11_silbiger2019,shallow,hard,32.27,franksi,1.3587990203252033e-10,NA,32,hermatypic coral,gpp,silbiger2019
11_silbiger2019,shallow,hard,32.27,franksi,1.0291861585365854e-10,NA,34,hermatypic coral,gpp,silbiger2019
11_silbiger2019,shallow,hard,32.27,franksi,-7.2128639024390235e-12,NA,36,hermatypic coral,gpp,silbiger2019
12_silbiger2019,shallow,hard,32.27,franksi,8.323241959349594e-11,NA,24,hermatypic coral,gpp,silbiger2019
12_silbiger2019,shallow,hard,32.27,franksi,1.358846544715447e-10,NA,26,hermatypic coral,gpp,silbiger2019
12_silbiger2019,shallow,hard,32.27,franksi,1.1071644154471546e-10,NA,27,hermatypic coral,gpp,silbiger2019
12_silbiger2019,shallow,hard,32.27,franksi,1.7009298284552844e-10,NA,29,hermatypic coral,gpp,silbiger2019
12_silbiger2019,shallow,hard,32.27,franksi,1.9382524593495936e-10,NA,31,hermatypic coral,gpp,silbiger2019
12_silbiger2019,shallow,hard,32.27,franksi,1.0656550552845528e-10,NA,32,hermatypic coral,gpp,silbiger2019
12_silbiger2019,shallow,hard,32.27,franksi,1.5915499113821137e-10,NA,34,hermatypic coral,gpp,silbiger2019
12_silbiger2019,shallow,hard,32.27,franksi,-1.9087792682926827e-12,NA,36,hermatypic coral,gpp,silbiger2019
5_hadjioannou2019,shallow,hard,34.58,caespitosa,6.328813008130081e-14,2.7331620926298054e-14,17,hermatypic coral,gpp,hadjioannou2019
5_hadjioannou2019,shallow,hard,34.58,caespitosa,1.9294552845528454e-14,2.85199767608569e-14,24,hermatypic coral,gpp,hadjioannou2019
5_hadjioannou2019,shallow,hard,34.58,caespitosa,9.934959349593496e-14,4.15916093067265e-14,29,hermatypic coral,gpp,hadjioannou2019
6_hadjioannou2019,shallow,hard,34.58,caespitosa,-5.707317073170732e-15,2.376655342262153e-14,17,hermatypic coral,gpp,hadjioannou2019
6_hadjioannou2019,shallow,hard,34.58,caespitosa,1.2602276422764225e-14,3.446161511651228e-14,24,hermatypic coral,gpp,hadjioannou2019
6_hadjioannou2019,shallow,hard,34.58,caespitosa,6.384178861788617e-14,6.773487439846571e-14,29,hermatypic coral,gpp,hadjioannou2019
1_higuchi2015,shallow,hard,33.9481,pruinosa,6.747967479674797e-10,1.126537110613904e-10,23,hermatypic coral,gpp,higuchi2015
1_higuchi2015,shallow,hard,33.9481,pruinosa,9.67479674796748e-10,1.126537110613904e-10,18,hermatypic coral,gpp,higuchi2015
1_higuchi2015,shallow,hard,33.9481,pruinosa,2.4390243902439027e-10,1.4081713882673797e-10,13,hermatypic coral,gpp,higuchi2015
1_jones1998,shallow,hard,-23.31,pistillata,5.572644691519509e-8,1.821942256955103e-8,28,hermatypic coral,gpp,jones1998
1_jones1998,shallow,hard,-23.31,pistillata,7.581456834532371e-8,6.893835617962029e-9,30,hermatypic coral,gpp,jones1998
1_jones1998,shallow,hard,-23.31,pistillata,8.962833300632218e-8,3.7300574605250854e-8,32,hermatypic coral,gpp,jones1998
1_jones1998,shallow,hard,-23.31,pistillata,6.299622204054936e-8,4.923675160057481e-9,33,hermatypic coral,gpp,jones1998
1_jones1998,shallow,hard,-23.31,pistillata,1.5130131022454757e-8,2.4128424496024693e-8,34,hermatypic coral,gpp,jones1998
2_jones1998,shallow,hard,-23.31,pistillata,6.39127156093307e-8,3.028363487317751e-8,28,hermatypic coral,gpp,jones1998
2_jones1998,shallow,hard,-23.31,pistillata,7.048891922825373e-8,1.6989366688467405e-8,30,hermatypic coral,gpp,jones1998
2_jones1998,shallow,hard,-23.31,pistillata,7.416777915849136e-8,3.44691778673536e-8,32,hermatypic coral,gpp,jones1998
2_jones1998,shallow,hard,-23.31,pistillata,4.077970939611945e-8,2.8560175940879935e-8,33,hermatypic coral,gpp,jones1998
2_jones1998,shallow,hard,-23.31,pistillata,-2.25276069326357e-8,2.2281861449615808e-8,34,hermatypic coral,gpp,jones1998
3_jones1998,shallow,hard,-23.31,pistillata,9.204757401351642e-8,2.1627719420011292e-8,28,hermatypic coral,gpp,jones1998
3_jones1998,shallow,hard,-23.31,pistillata,1.0052564006976234e-7,2.5644295991777996e-8,30,hermatypic coral,gpp,jones1998
3_jones1998,shallow,hard,-23.31,pistillata,8.780854109439717e-8,3.522228603017399e-8,32,hermatypic coral,gpp,jones1998
3_jones1998,shallow,hard,-23.31,pistillata,4.84460911270983e-9,3.7076090481974336e-8,34,hermatypic coral,gpp,jones1998
1_simancas-giraldo2021,shallow,soft,29.53,umbellata,4.1204730233739845e-12,3.2520325203252034e-12,26,soft coral,gpp,simancas-giraldo2021
2_simancas-giraldo2021,shallow,soft,29.53,umbellata,4.933481153455285e-12,7.021433851626017e-13,26,soft coral,gpp,simancas-giraldo2021
1_simancas-giraldo2021,shallow,soft,29.53,umbellata,2.7716186255081303e-12,1.0716925355691057e-12,28,soft coral,gpp,simancas-giraldo2021
2_simancas-giraldo2021,shallow,soft,29.53,umbellata,1.1271249075203254e-12,2.9194382855691057e-12,28,soft coral,gpp,simancas-giraldo2021
1_simancas-giraldo2021,shallow,soft,29.53,umbellata,1.4227642276422765e-12,4.508499630081302e-12,30,soft coral,gpp,simancas-giraldo2021
2_simancas-giraldo2021,shallow,soft,29.53,umbellata,1.2379896526930893e-12,2.734663710365854e-12,30,soft coral,gpp,simancas-giraldo2021
1_simancas-giraldo2021,shallow,soft,29.53,umbellata,1.6075388025914635e-12,1.6260162601626017e-12,32,soft coral,gpp,simancas-giraldo2021
2_simancas-giraldo2021,shallow,soft,29.53,umbellata,6.097560975609756e-13,2.0694752398373982e-12,32,soft coral,gpp,simancas-giraldo2021
1_ezzat2013,shallow,soft,43.19,singularis,8.881185260162601e-11,2.2450579837398373e-11,18,soft coral,gpp,ezzat2013
1_ezzat2013,shallow,soft,43.19,singularis,1.6837934878048782e-11,1.056497869918699e-11,24,soft coral,gpp,ezzat2013
1_ezzat2013,shallow,soft,43.19,singularis,2.0139490731707317e-11,5.282489430894308e-12,26,soft coral,gpp,ezzat2013
3_aichelman2019,shallow,hard,41.4774,poculata,2.710027073170731e-12,1.990938746205577e-11,6,hermatypic coral,gpp,aichelman2019
3_aichelman2019,shallow,hard,41.4774,poculata,1.716350495934959e-11,2.8678998502700394e-11,9,hermatypic coral,gpp,aichelman2019
3_aichelman2019,shallow,hard,41.4774,poculata,3.695491463414634e-12,3.223424633920383e-11,12,hermatypic coral,gpp,aichelman2019
3_aichelman2019,shallow,hard,41.4774,poculata,2.8003613333333335e-11,3.4604411485324e-11,15,hermatypic coral,gpp,aichelman2019
3_aichelman2019,shallow,hard,41.4774,poculata,2.4390243902439024e-11,1.990938746205577e-11,18,hermatypic coral,gpp,aichelman2019
3_aichelman2019,shallow,hard,41.4774,poculata,7.23495113821138e-11,3.507844451454803e-11,22,hermatypic coral,gpp,aichelman2019
3_aichelman2019,shallow,hard,41.4774,poculata,8.121869097560976e-11,4.9773468537816257e-11,26,hermatypic coral,gpp,aichelman2019
3_aichelman2019,shallow,hard,41.4774,poculata,6.249486739837399e-11,5.403976591815572e-11,29,hermatypic coral,gpp,aichelman2019
3_aichelman2019,shallow,hard,41.4774,poculata,2.307629138211382e-11,2.0383420491279806e-11,32,hermatypic coral,gpp,aichelman2019
4_aichelman2019,deep,hard,37.8992,poculata,8.294325365853658e-12,1.0665743274863936e-11,6,hermatypic coral,gpp,aichelman2019
4_aichelman2019,deep,hard,37.8992,poculata,6.323396585365853e-12,3.365634542687593e-11,9,hermatypic coral,gpp,aichelman2019
4_aichelman2019,deep,hard,37.8992,poculata,-4.5167118699186985e-12,2.701988290041627e-11,12,hermatypic coral,gpp,aichelman2019
4_aichelman2019,deep,hard,37.8992,poculata,1.1907694796747967e-11,1.564309008171629e-11,15,hermatypic coral,gpp,aichelman2019
4_aichelman2019,deep,hard,37.8992,poculata,1.519257617886179e-11,2.0146403976667786e-11,18,hermatypic coral,gpp,aichelman2019
4_aichelman2019,deep,hard,37.8992,poculata,3.457337601626016e-11,2.0383420491279806e-11,22,hermatypic coral,gpp,aichelman2019
4_aichelman2019,deep,hard,37.8992,poculata,5.231173520325203e-11,3.555247754377206e-11,26,hermatypic coral,gpp,aichelman2019
4_aichelman2019,deep,hard,37.8992,poculata,5.625359284552845e-11,5.04845180816523e-11,29,hermatypic coral,gpp,aichelman2019
4_aichelman2019,deep,hard,37.8992,poculata,2.1762338861788618e-11,2.9864081193083644e-11,32,hermatypic coral,gpp,aichelman2019
3_howe2001,shallow,hard,-38.15,versipora,2.146217073170732e-8,6.94265680487805e-6,10,hermatypic coral,gpp,howe2001
3_howe2001,shallow,hard,-38.15,versipora,3.457939837398375e-8,1.0131240609756101e-5,13,hermatypic coral,gpp,howe2001
3_howe2001,shallow,hard,-38.15,versipora,6.85909593495935e-8,9.690444429009337e-6,16,hermatypic coral,gpp,howe2001
3_howe2001,shallow,hard,-38.15,versipora,5.494230081300814e-8,1.107479364049912e-5,18,hermatypic coral,gpp,howe2001
3_howe2001,shallow,hard,-38.15,versipora,4.617750406504066e-8,1.166808613767225e-5,21,hermatypic coral,gpp,howe2001
3_juillet-leclerc2014,shallow,hard,43.7328,sp.,2.093517e-7,9.39801701589102e-8,22,hermatypic coral,gpp,juillet-leclerc2014
3_juillet-leclerc2014,shallow,hard,43.7328,sp.,3.444711234146341e-7,1.920464347660674e-7,25,hermatypic coral,gpp,juillet-leclerc2014
3_juillet-leclerc2014,shallow,hard,43.7328,sp.,4.921016048780488e-7,3.2995211845132363e-7,28,hermatypic coral,gpp,juillet-leclerc2014
3_rodolfo-metalpa2006,shallow,hard,44.03,caespitosa,7.978315544507575e-5,7.21937966915951e-6,20,hermatypic coral,gpp,rodolfo-metalpa2006
3_rodolfo-metalpa2006,shallow,hard,44.03,caespitosa,7.27575604285038e-5,1.2666196205176515e-5,24,hermatypic coral,gpp,rodolfo-metalpa2006
3_rodolfo-metalpa2006,shallow,hard,44.03,caespitosa,7.865215924479166e-5,9.05063696056904e-6,26,hermatypic coral,gpp,rodolfo-metalpa2006
3_rodolfo-metalpa2006,shallow,hard,44.03,caespitosa,7.72432063565341e-5,9.484973621564357e-6,28,hermatypic coral,gpp,rodolfo-metalpa2006
5_godefroid2023,deep,hard,-17.28,speciosa,2.77160474796748e-11,4.120515719890894e-12,23,hermatypic coral,gpp,godefroid2023
5_godefroid2023,deep,hard,-17.28,speciosa,2.5842770894308944e-11,4.95326470251144e-12,24,hermatypic coral,gpp,godefroid2023
5_godefroid2023,deep,hard,-17.28,speciosa,2.6783988130081294e-11,5.505017930048258e-12,25,hermatypic coral,gpp,godefroid2023
5_godefroid2023,deep,hard,-17.28,speciosa,2.6748374471544716e-11,5.054514405915064e-12,26,hermatypic coral,gpp,godefroid2023
5_godefroid2023,deep,hard,-17.28,speciosa,2.4873062845528455e-11,4.344629723304062e-12,27,hermatypic coral,gpp,godefroid2023
5_godefroid2023,deep,hard,-17.28,speciosa,2.4126194390243898e-11,5.731407450768286e-12,28,hermatypic coral,gpp,godefroid2023
5_godefroid2023,deep,hard,-17.28,speciosa,2.4512347723577235e-11,6.309326127730598e-12,29,hermatypic coral,gpp,godefroid2023
5_godefroid2023,deep,hard,-17.28,speciosa,2.466650382113821e-11,5.151213438293259e-12,30,hermatypic coral,gpp,godefroid2023
5_godefroid2023,deep,hard,-17.28,speciosa,2.587329691056911e-11,4.410612635231335e-12,31,hermatypic coral,gpp,godefroid2023
5_godefroid2023,deep,hard,-17.28,speciosa,2.364795430894309e-11,6.8258125637910664e-12,32,hermatypic coral,gpp,godefroid2023
6_godefroid2023,deep,hard,-17.28,speciosa,4.647151219512195e-13,1.8718734050034856e-12,23,hermatypic coral,gpp,godefroid2023
6_godefroid2023,deep,hard,-17.28,speciosa,1.3237341463414632e-13,2.3238827300356748e-12,24,hermatypic coral,gpp,godefroid2023
6_godefroid2023,deep,hard,-17.28,speciosa,8.518496747967479e-13,2.0493564831727016e-12,25,hermatypic coral,gpp,godefroid2023
6_godefroid2023,deep,hard,-17.28,speciosa,5.891511382113821e-13,2.3238827300356748e-12,26,hermatypic coral,gpp,godefroid2023
6_godefroid2023,deep,hard,-17.28,speciosa,5.891511382113821e-13,1.5641408214980627e-12,27,hermatypic coral,gpp,godefroid2023
6_godefroid2023,deep,hard,-17.28,speciosa,1.4548270731707318e-12,1.6611839901918195e-12,28,hermatypic coral,gpp,godefroid2023
6_godefroid2023,deep,hard,-17.28,speciosa,2.347899268292683e-12,1.982943446299513e-12,29,hermatypic coral,gpp,godefroid2023
6_godefroid2023,deep,hard,-17.28,speciosa,2.258796910569106e-12,2.193632861111179e-12,30,hermatypic coral,gpp,godefroid2023
6_godefroid2023,deep,hard,-17.28,speciosa,2.2564925203252026e-12,2.257469511368341e-12,31,hermatypic coral,gpp,godefroid2023
6_godefroid2023,deep,hard,-17.28,speciosa,2.266734146341463e-12,2.41834933031926e-12,32,hermatypic coral,gpp,godefroid2023
3_hill2014,shallow,hard,-23.27,damicornis,7.603877788617884e-11,3.744175821955311e-11,26,hermatypic coral,gpp,hill2014
3_hill2014,shallow,hard,-23.27,damicornis,6.409253601626015e-11,9.196221247909887e-12,30,hermatypic coral,gpp,hill2014
3_hill2014,shallow,hard,-23.27,damicornis,7.224632016260161e-11,3.5799575924263475e-11,31,hermatypic coral,gpp,hill2014
9_kemp2011,shallow,hard,24.84,siderea,8.455618445121949e-9,NA,20,hermatypic coral,gpp,kemp2011
9_kemp2011,shallow,hard,24.84,siderea,1.3715338719512194e-8,NA,16,hermatypic coral,gpp,kemp2011
9_kemp2011,shallow,hard,24.84,siderea,-4.044172865853659e-9,NA,12,hermatypic coral,gpp,kemp2011
10_kemp2011,shallow,hard,24.84,siderea,1.9940192987804883e-8,NA,20,hermatypic coral,gpp,kemp2011
10_kemp2011,shallow,hard,24.84,siderea,1.688097865853658e-8,NA,16,hermatypic coral,gpp,kemp2011
10_kemp2011,shallow,hard,24.84,siderea,3.039389939024391e-9,NA,12,hermatypic coral,gpp,kemp2011
11_kemp2011,shallow,hard,24.84,astreoides,2.8526756707317072e-8,NA,20,hermatypic coral,gpp,kemp2011
11_kemp2011,shallow,hard,24.84,astreoides,3.378856356707317e-8,NA,16,hermatypic coral,gpp,kemp2011
11_kemp2011,shallow,hard,24.84,astreoides,3.2105057926829268e-9,NA,12,hermatypic coral,gpp,kemp2011
12_kemp2011,shallow,hard,24.84,faveolata,3.966231783536586e-8,NA,20,hermatypic coral,gpp,kemp2011
12_kemp2011,shallow,hard,24.84,faveolata,3.597707057926829e-8,NA,16,hermatypic coral,gpp,kemp2011
12_kemp2011,shallow,hard,24.84,faveolata,1.2531092987804883e-9,NA,12,hermatypic coral,gpp,kemp2011
3_higuchi2015,shallow,hard,33.9481,pruinosa,1.7886178861788625e-10,1.4081713882673809e-11,23,hermatypic coral,gpp,higuchi2015
3_higuchi2015,shallow,hard,33.9481,pruinosa,3.7398373983739836e-10,-1.4081713882673795e-11,18,hermatypic coral,gpp,higuchi2015
3_higuchi2015,shallow,hard,33.9481,pruinosa,2.0325203252032517e-10,9.857199717871657e-11,13,hermatypic coral,gpp,higuchi2015
1_jurriaans2019,shallow,hard,-23.26,spp,9.308779609756097e-11,6.563183918699186e-11,22,hermatypic coral,gpp,jurriaans2019
1_jurriaans2019,shallow,hard,-23.26,spp,9.373228471544715e-11,6.718388845528455e-11,23,hermatypic coral,gpp,jurriaans2019
1_jurriaans2019,shallow,hard,-23.26,spp,8.905698097560975e-11,5.897988097560975e-11,24,hermatypic coral,gpp,jurriaans2019
1_jurriaans2019,shallow,hard,-23.26,spp,9.598468723577234e-11,6.415356902439024e-11,25,hermatypic coral,gpp,jurriaans2019
1_jurriaans2019,shallow,hard,-23.26,spp,8.650449308943089e-11,5.498877471544715e-11,26,hermatypic coral,gpp,jurriaans2019
1_jurriaans2019,shallow,hard,-23.26,spp,9.284082276422764e-11,5.6319143414634146e-11,27,hermatypic coral,gpp,jurriaans2019
1_jurriaans2019,shallow,hard,-23.26,spp,8.572567772357723e-11,5.2180078536585356e-11,28,hermatypic coral,gpp,jurriaans2019
1_jurriaans2019,shallow,hard,-23.26,spp,9.193410349593497e-11,5.5432192845528456e-11,28,hermatypic coral,gpp,jurriaans2019
1_jurriaans2019,shallow,hard,-23.26,spp,7.9571491300813e-11,4.5454398455284547e-11,29,hermatypic coral,gpp,jurriaans2019
1_jurriaans2019,shallow,hard,-23.26,spp,8.923382861788617e-11,5.4101795365853644e-11,30,hermatypic coral,gpp,jurriaans2019
1_jurriaans2019,shallow,hard,-23.26,spp,8.49273225203252e-11,4.951942682926829e-11,31,hermatypic coral,gpp,jurriaans2019
1_jurriaans2019,shallow,hard,-23.26,spp,8.72727174796748e-11,5.4988717479674804e-11,32,hermatypic coral,gpp,jurriaans2019
2_jurriaans2019,shallow,hard,-18.37,spp,4.039418195121951e-11,7.686503902439024e-12,33,hermatypic coral,gpp,jurriaans2019
2_jurriaans2019,shallow,hard,-18.37,spp,2.743012276422764e-11,1.9374629430894308e-11,23,hermatypic coral,gpp,jurriaans2019
2_jurriaans2019,shallow,hard,-18.37,spp,3.008288707317073e-11,2.1878217886178864e-11,24,hermatypic coral,gpp,jurriaans2019
2_jurriaans2019,shallow,hard,-18.37,spp,3.1699520813008125e-11,2.4464494308943084e-11,25,hermatypic coral,gpp,jurriaans2019
2_jurriaans2019,shallow,hard,-18.37,spp,3.09698418699187e-11,2.2914348455284553e-11,26,hermatypic coral,gpp,jurriaans2019
2_jurriaans2019,shallow,hard,-18.37,spp,2.9792635528455285e-11,2.151337845528455e-11,27,hermatypic coral,gpp,jurriaans2019
2_jurriaans2019,shallow,hard,-18.37,spp,3.043793902439025e-11,1.954810536585366e-11,28,hermatypic coral,gpp,jurriaans2019
2_jurriaans2019,shallow,hard,-18.37,spp,4.4048712357723573e-11,2.8385252926829265e-11,29,hermatypic coral,gpp,jurriaans2019
2_jurriaans2019,shallow,hard,-18.37,spp,2.949428390243902e-11,2.248302113821138e-11,29,hermatypic coral,gpp,jurriaans2019
2_jurriaans2019,shallow,hard,-18.37,spp,4.758843138211382e-11,3.1029917154471545e-11,30,hermatypic coral,gpp,jurriaans2019
2_jurriaans2019,shallow,hard,-18.37,spp,4.671767666666666e-11,3.075586569105691e-11,31,hermatypic coral,gpp,jurriaans2019
2_jurriaans2019,shallow,hard,-18.37,spp,4.35046593495935e-11,2.4484744390243903e-11,32,hermatypic coral,gpp,jurriaans2019
2_jurriaans2019,shallow,hard,-18.37,spp,4.1178596910569095e-11,2.0816099674796747e-11,33,hermatypic coral,gpp,jurriaans2019
2_jurriaans2019,shallow,hard,-18.37,spp,2.272602243902439e-11,6.61503569105691e-12,34,hermatypic coral,gpp,jurriaans2019
3_jurriaans2019,shallow,hard,-14.4,spp,3.425474260162601e-11,2.6016260162601627e-11,22,hermatypic coral,gpp,jurriaans2019
3_jurriaans2019,shallow,hard,-14.4,spp,3.334811528455284e-11,2.6755358455284547e-11,23,hermatypic coral,gpp,jurriaans2019
3_jurriaans2019,shallow,hard,-14.4,spp,3.5102241951219513e-11,2.542498154471545e-11,24,hermatypic coral,gpp,jurriaans2019
3_jurriaans2019,shallow,hard,-14.4,spp,3.537817195121951e-11,2.5055432357723576e-11,25,hermatypic coral,gpp,jurriaans2019
3_jurriaans2019,shallow,hard,-14.4,spp,3.1515151463414636e-11,1.6999260894308942e-11,26,hermatypic coral,gpp,jurriaans2019
3_jurriaans2019,shallow,hard,-14.4,spp,2.972160634146341e-11,2.261640796747967e-11,27,hermatypic coral,gpp,jurriaans2019
3_jurriaans2019,shallow,hard,-14.4,spp,3.265829024390244e-11,2.0768662276422764e-11,28,hermatypic coral,gpp,jurriaans2019
3_jurriaans2019,shallow,hard,-14.4,spp,3.1160384308943093e-11,1.8625277154471545e-11,29,hermatypic coral,gpp,jurriaans2019
3_jurriaans2019,shallow,hard,-14.4,spp,3.409886e-11,1.9807834471544713e-11,30,hermatypic coral,gpp,jurriaans2019
3_jurriaans2019,shallow,hard,-14.4,spp,2.4045331382113822e-11,1.3451589105691057e-11,30,hermatypic coral,gpp,jurriaans2019
3_jurriaans2019,shallow,hard,-14.4,spp,3.6146834227642276e-11,1.951219512195122e-11,31,hermatypic coral,gpp,jurriaans2019
3_jurriaans2019,shallow,hard,-14.4,spp,3.0509977804878046e-11,1.7590539512195123e-11,32,hermatypic coral,gpp,jurriaans2019
3_jurriaans2019,shallow,hard,-14.4,spp,1.3638827317073169e-11,3.7694013008130075e-12,33,hermatypic coral,gpp,jurriaans2019
3_jurriaans2019,shallow,hard,-14.4,spp,2.9761025203252026e-12,-8.573540243902439e-12,34,hermatypic coral,gpp,jurriaans2019
7_jurriaans2019,shallow,hard,-23.26,cylindrica,1.0790991853658537e-10,3.074171894308943e-11,22,hermatypic coral,gpp,jurriaans2019
7_jurriaans2019,shallow,hard,-23.26,cylindrica,1.157679387804878e-10,3.510283739837398e-11,23,hermatypic coral,gpp,jurriaans2019
7_jurriaans2019,shallow,hard,-23.26,cylindrica,1.1413673479674796e-10,2.825274593495935e-11,24,hermatypic coral,gpp,jurriaans2019
7_jurriaans2019,shallow,hard,-23.26,cylindrica,1.1648978227642276e-10,3.025899756097561e-11,25,hermatypic coral,gpp,jurriaans2019
7_jurriaans2019,shallow,hard,-23.26,cylindrica,1.1276757951219513e-10,2.8258936341463415e-11,26,hermatypic coral,gpp,jurriaans2019
7_jurriaans2019,shallow,hard,-23.26,cylindrica,1.2728394439024388e-10,3.6237283577235774e-11,27,hermatypic coral,gpp,jurriaans2019
7_jurriaans2019,shallow,hard,-23.26,cylindrica,1.474725401626016e-10,4.592261788617886e-11,28,hermatypic coral,gpp,jurriaans2019
7_jurriaans2019,shallow,hard,-23.26,cylindrica,1.3154775186991868e-10,4.363245463414634e-11,28,hermatypic coral,gpp,jurriaans2019
7_jurriaans2019,shallow,hard,-23.26,cylindrica,1.7793147357723575e-10,5.406699609756097e-11,29,hermatypic coral,gpp,jurriaans2019
7_jurriaans2019,shallow,hard,-23.26,cylindrica,1.7529883016260162e-10,6.219127601626017e-11,30,hermatypic coral,gpp,jurriaans2019
7_jurriaans2019,shallow,hard,-23.26,cylindrica,1.655002318699187e-10,6.596272788617886e-11,31,hermatypic coral,gpp,jurriaans2019
7_jurriaans2019,shallow,hard,-23.26,cylindrica,1.5576544609756098e-10,5.49875518699187e-11,32,hermatypic coral,gpp,jurriaans2019
7_jurriaans2019,shallow,hard,-18.37,cylindrica,8.224642357723576e-11,4.2112769430894304e-11,33,hermatypic coral,gpp,jurriaans2019
8_jurriaans2019,shallow,hard,-18.37,cylindrica,2.8941033170731705e-11,3.4446765040650404e-12,23,hermatypic coral,gpp,jurriaans2019
8_jurriaans2019,shallow,hard,-18.37,cylindrica,3.23234118699187e-11,6.472001219512194e-12,24,hermatypic coral,gpp,jurriaans2019
8_jurriaans2019,shallow,hard,-18.37,cylindrica,3.322956178861789e-11,5.187708048780487e-12,25,hermatypic coral,gpp,jurriaans2019
8_jurriaans2019,shallow,hard,-18.37,cylindrica,3.291589447154472e-11,6.976918455284553e-12,26,hermatypic coral,gpp,jurriaans2019
8_jurriaans2019,shallow,hard,-18.37,cylindrica,3.272682276422764e-11,6.282929593495934e-12,27,hermatypic coral,gpp,jurriaans2019
8_jurriaans2019,shallow,hard,-18.37,cylindrica,3.17675237398374e-11,8.948230081300813e-12,28,hermatypic coral,gpp,jurriaans2019
8_jurriaans2019,shallow,hard,-18.37,cylindrica,3.2288559918699185e-11,7.781562113821138e-12,29,hermatypic coral,gpp,jurriaans2019
8_jurriaans2019,shallow,hard,-18.37,cylindrica,2.4560146991869914e-11,5.4782860162601625e-12,29,hermatypic coral,gpp,jurriaans2019
8_jurriaans2019,shallow,hard,-18.37,cylindrica,2.6930077479674796e-11,7.110662682926829e-12,30,hermatypic coral,gpp,jurriaans2019
8_jurriaans2019,shallow,hard,-18.37,cylindrica,2.7086911056910566e-11,5.7226850406504055e-12,31,hermatypic coral,gpp,jurriaans2019
8_jurriaans2019,shallow,hard,-18.37,cylindrica,2.820740032520325e-11,6.732519349593496e-12,32,hermatypic coral,gpp,jurriaans2019
8_jurriaans2019,shallow,hard,-18.37,cylindrica,2.9106579837398374e-11,6.732519349593496e-12,33,hermatypic coral,gpp,jurriaans2019
8_jurriaans2019,shallow,hard,-18.37,cylindrica,2.142870219512195e-11,4.4383918699186985e-12,34,hermatypic coral,gpp,jurriaans2019
9_jurriaans2019,shallow,hard,-14.4,cylindrica,6.484707699186991e-11,2.3778302357723578e-11,22,hermatypic coral,gpp,jurriaans2019
9_jurriaans2019,shallow,hard,-14.4,cylindrica,7.232751967479675e-11,2.8428225934959347e-11,23,hermatypic coral,gpp,jurriaans2019
9_jurriaans2019,shallow,hard,-14.4,cylindrica,6.962558699186991e-11,2.2732497317073172e-11,24,hermatypic coral,gpp,jurriaans2019
9_jurriaans2019,shallow,hard,-14.4,cylindrica,7.305949056910568e-11,2.4912683821138212e-11,25,hermatypic coral,gpp,jurriaans2019
9_jurriaans2019,shallow,hard,-14.4,cylindrica,6.885661276422764e-11,2.4917887398373984e-11,26,hermatypic coral,gpp,jurriaans2019
9_jurriaans2019,shallow,hard,-14.4,cylindrica,6.954926780487804e-11,1.9133582276422764e-11,27,hermatypic coral,gpp,jurriaans2019
9_jurriaans2019,shallow,hard,-14.4,cylindrica,8.22934257723577e-11,2.8813291219512194e-11,28,hermatypic coral,gpp,jurriaans2019
9_jurriaans2019,shallow,hard,-14.4,cylindrica,8.339832032520324e-11,3.360741195121951e-11,29,hermatypic coral,gpp,jurriaans2019
9_jurriaans2019,shallow,hard,-14.4,cylindrica,8.029455528455285e-11,3.0664264227642276e-11,30,hermatypic coral,gpp,jurriaans2019
9_jurriaans2019,shallow,hard,-14.4,cylindrica,6.557234113821139e-11,2.5546480487804875e-11,30,hermatypic coral,gpp,jurriaans2019
9_jurriaans2019,shallow,hard,-14.4,cylindrica,9.018506723577235e-11,2.5623493577235775e-11,31,hermatypic coral,gpp,jurriaans2019
9_jurriaans2019,shallow,hard,-14.4,cylindrica,7.290453943089431e-11,2.153555715447154e-11,32,hermatypic coral,gpp,jurriaans2019
9_jurriaans2019,shallow,hard,-14.4,cylindrica,5.267253821138211e-11,1.1024315284552847e-11,33,hermatypic coral,gpp,jurriaans2019
9_jurriaans2019,shallow,hard,-14.4,cylindrica,2.528664821138211e-11,2.0519296991869918e-11,34,hermatypic coral,gpp,jurriaans2019
1_jurriaans2021,shallow,hard,42.5,caespitosa,7.859468105691056e-11,1.6810968780487806e-11,12,hermatypic coral,gpp,jurriaans2021
1_jurriaans2021,shallow,hard,42.5,caespitosa,8.456595951219512e-11,1.4094720487804879e-11,13,hermatypic coral,gpp,jurriaans2021
1_jurriaans2021,shallow,hard,42.5,caespitosa,8.456394975609756e-11,1.5635156910569106e-11,14,hermatypic coral,gpp,jurriaans2021
1_jurriaans2021,shallow,hard,42.5,caespitosa,8.559119804878047e-11,1.7973124308943087e-11,15,hermatypic coral,gpp,jurriaans2021
1_jurriaans2021,shallow,hard,42.5,caespitosa,8.572208585365853e-11,1.551361536585366e-11,16,hermatypic coral,gpp,jurriaans2021
1_jurriaans2021,shallow,hard,42.5,caespitosa,8.834439593495934e-11,1.9405675609756097e-11,17,hermatypic coral,gpp,jurriaans2021
1_jurriaans2021,shallow,hard,42.5,caespitosa,8.734504162601626e-11,1.617594845528455e-11,18,hermatypic coral,gpp,jurriaans2021
1_jurriaans2021,shallow,hard,42.5,caespitosa,1.0004817975609755e-10,1.8109472357723576e-11,18,hermatypic coral,gpp,jurriaans2021
1_jurriaans2021,shallow,hard,42.5,caespitosa,1.0218065780487804e-10,2.8026463008130077e-11,19,hermatypic coral,gpp,jurriaans2021
1_jurriaans2021,shallow,hard,42.5,caespitosa,8.312394081300813e-11,2.3013683658536587e-11,20,hermatypic coral,gpp,jurriaans2021
1_jurriaans2021,shallow,hard,42.5,caespitosa,9.817899333333334e-11,2.5798681056910568e-11,21,hermatypic coral,gpp,jurriaans2021
1_jurriaans2021,shallow,hard,42.5,caespitosa,1.0874196813008129e-10,2.562089666666666e-11,22,hermatypic coral,gpp,jurriaans2021
1_jurriaans2021,shallow,hard,42.5,caespitosa,8.347118016260161e-11,2.790607162601626e-11,23,hermatypic coral,gpp,jurriaans2021
2_jurriaans2021,shallow,hard,42.5,singularis,3.8266717723577235e-11,7.023368699186991e-12,12,hermatypic coral,gpp,jurriaans2021
2_jurriaans2021,shallow,hard,42.5,singularis,4.1161196991869916e-11,6.661558780487804e-12,13,hermatypic coral,gpp,jurriaans2021
2_jurriaans2021,shallow,hard,42.5,singularis,3.745796617886178e-11,9.449623333333333e-12,14,hermatypic coral,gpp,jurriaans2021
2_jurriaans2021,shallow,hard,42.5,singularis,4.358745154471545e-11,1.1705614390243901e-11,15,hermatypic coral,gpp,jurriaans2021
2_jurriaans2021,shallow,hard,42.5,singularis,4.72055506504065e-11,8.704720487804877e-12,16,hermatypic coral,gpp,jurriaans2021
2_jurriaans2021,shallow,hard,42.5,singularis,4.818456560975609e-11,6.682841707317072e-12,17,hermatypic coral,gpp,jurriaans2021
2_jurriaans2021,shallow,hard,42.5,singularis,4.5715745121951216e-11,9.364491544715447e-12,18,hermatypic coral,gpp,jurriaans2021
2_jurriaans2021,shallow,hard,42.5,singularis,5.256885032520325e-11,8.598305853658537e-12,18,hermatypic coral,gpp,jurriaans2021
2_jurriaans2021,shallow,hard,42.5,singularis,5.3164772520325203e-11,5.235602113821139e-12,19,hermatypic coral,gpp,jurriaans2021
2_jurriaans2021,shallow,hard,42.5,singularis,5.4016089918699186e-11,9.066530406504064e-12,20,hermatypic coral,gpp,jurriaans2021
2_jurriaans2021,shallow,hard,42.5,singularis,4.0735538211382124e-11,7.83212024390244e-12,21,hermatypic coral,gpp,jurriaans2021
2_jurriaans2021,shallow,hard,42.5,singularis,4.3417188130081295e-11,1.2493083008130082e-11,22,hermatypic coral,gpp,jurriaans2021
2_jurriaans2021,shallow,hard,42.5,singularis,3.74579662601626e-11,7.576724959349594e-12,23,hermatypic coral,gpp,jurriaans2021
3_jurriaans2021,shallow,hard,-25,intermedia,9.487932577235772e-11,2.681649853658536e-11,22,hermatypic coral,gpp,jurriaans2021
3_jurriaans2021,shallow,hard,-25,intermedia,9.666709235772359e-11,2.2091686910569103e-11,23,hermatypic coral,gpp,jurriaans2021
3_jurriaans2021,shallow,hard,-25,intermedia,9.079300219512195e-11,2.7838079430894308e-11,24,hermatypic coral,gpp,jurriaans2021
3_jurriaans2021,shallow,hard,-25,intermedia,9.487932577235772e-11,3.128591495934959e-11,25,hermatypic coral,gpp,jurriaans2021
3_jurriaans2021,shallow,hard,-25,intermedia,9.232537349593495e-11,2.6178010487804875e-11,26,hermatypic coral,gpp,jurriaans2021
3_jurriaans2021,shallow,hard,-25,intermedia,9.41131400813008e-11,3.0264334065040645e-11,27,hermatypic coral,gpp,jurriaans2021
3_jurriaans2021,shallow,hard,-25,intermedia,8.440812154471546e-11,3.039203170731707e-11,28,hermatypic coral,gpp,jurriaans2021
3_jurriaans2021,shallow,hard,-25,intermedia,8.721746910569104e-11,3.0902822113821136e-11,28,hermatypic coral,gpp,jurriaans2021
3_jurriaans2021,shallow,hard,-25,intermedia,8.210956455284552e-11,2.298557016260162e-11,29,hermatypic coral,gpp,jurriaans2021
3_jurriaans2021,shallow,hard,-25,intermedia,8.811135227642276e-11,2.7646533008130085e-11,30,hermatypic coral,gpp,jurriaans2021
3_jurriaans2021,shallow,hard,-25,intermedia,8.389733113821137e-11,2.1836291626016262e-11,31,hermatypic coral,gpp,jurriaans2021
3_jurriaans2021,shallow,hard,-25,intermedia,8.568509772357725e-11,2.1197803658536587e-11,32,hermatypic coral,gpp,jurriaans2021
4_jurriaans2021,shallow,hard,-25,cylindrica,1.0839056658536584e-10,3.0987953821138215e-11,22,hermatypic coral,gpp,jurriaans2021
4_jurriaans2021,shallow,hard,-25,cylindrica,1.175490750406504e-10,3.456199869918699e-11,23,hermatypic coral,gpp,jurriaans2021
4_jurriaans2021,shallow,hard,-25,cylindrica,1.1274597788617884e-10,2.996637292682927e-11,24,hermatypic coral,gpp,jurriaans2021
4_jurriaans2021,shallow,hard,-25,cylindrica,1.1748061243902439e-10,3.030689991869919e-11,25,hermatypic coral,gpp,jurriaans2021
4_jurriaans2021,shallow,hard,-25,cylindrica,1.1165891105691057e-10,2.8434001626016257e-11,26,hermatypic coral,gpp,jurriaans2021
4_jurriaans2021,shallow,hard,-25,cylindrica,1.2660637788617887e-10,3.609585837398374e-11,27,hermatypic coral,gpp,jurriaans2021
4_jurriaans2021,shallow,hard,-25,cylindrica,1.301491680487805e-10,4.256587073170731e-11,28,hermatypic coral,gpp,jurriaans2021
4_jurriaans2021,shallow,hard,-25,cylindrica,1.4768928341463415e-10,4.409824203252032e-11,28,hermatypic coral,gpp,jurriaans2021
4_jurriaans2021,shallow,hard,-25,cylindrica,1.7625782894308943e-10,5.320733829268293e-11,29,hermatypic coral,gpp,jurriaans2021
4_jurriaans2021,shallow,hard,-25,cylindrica,1.7366815707317074e-10,6.163538073170731e-11,30,hermatypic coral,gpp,jurriaans2021
4_jurriaans2021,shallow,hard,-25,cylindrica,1.6426794593495934e-10,6.146362894308944e-11,31,hermatypic coral,gpp,jurriaans2021
4_jurriaans2021,shallow,hard,-25,cylindrica,1.5470342455284552e-10,5.499510495934959e-11,32,hermatypic coral,gpp,jurriaans2021
4_jurriaans2021,shallow,hard,-25,cylindrica,8.145440731707316e-11,4.060784065040651e-11,33,hermatypic coral,gpp,jurriaans2021
1_jurriaans2020,shallow,hard,-18,valenciennesi,2.0195270487804878e-11,1.5443442113821138e-11,19,hermatypic coral,gpp,jurriaans2020
1_jurriaans2020,shallow,hard,-18,valenciennesi,2.375914170731707e-11,1.9601291869918696e-11,20,hermatypic coral,gpp,jurriaans2020
1_jurriaans2020,shallow,hard,-18,valenciennesi,4.3657422845528453e-11,2.3016668455284553e-11,21,hermatypic coral,gpp,jurriaans2020
1_jurriaans2020,shallow,hard,-18,valenciennesi,5.033968154471544e-11,2.4947098780487802e-11,22,hermatypic coral,gpp,jurriaans2020
1_jurriaans2020,shallow,hard,-18,valenciennesi,4.73697887804878e-11,2.375914170731707e-11,23,hermatypic coral,gpp,jurriaans2020
1_jurriaans2020,shallow,hard,-18,valenciennesi,4.9894197560975604e-11,3.2668819837398366e-11,24,hermatypic coral,gpp,jurriaans2020
1_jurriaans2020,shallow,hard,-18,valenciennesi,5.3458068780487803e-11,1.9898281138211382e-11,24,hermatypic coral,gpp,jurriaans2020
1_jurriaans2020,shallow,hard,-18,valenciennesi,5.405204731707316e-11,3.652968032520325e-11,25,hermatypic coral,gpp,jurriaans2020
1_jurriaans2020,shallow,hard,-18,valenciennesi,4.276645504065041e-11,4.6478820975609754e-11,26,hermatypic coral,gpp,jurriaans2020
1_jurriaans2020,shallow,hard,-18,valenciennesi,4.039054089430894e-11,3.920258382113821e-11,27,hermatypic coral,gpp,jurriaans2020
1_jurriaans2020,shallow,hard,-18,valenciennesi,2.880795926829268e-11,4.0836024796747976e-11,28,hermatypic coral,gpp,jurriaans2020
1_jurriaans2020,shallow,hard,-18,valenciennesi,2.524408804878049e-11,4.9151724390243896e-11,29,hermatypic coral,gpp,jurriaans2020
1_jurriaans2020,shallow,hard,-18,valenciennesi,3.935107845528455e-11,4.722129406504064e-11,30,hermatypic coral,gpp,jurriaans2020
1_jurriaans2020,shallow,hard,-18,valenciennesi,2.331365772357724e-11,6.11797899186992e-11,31,hermatypic coral,gpp,jurriaans2020
2_jurriaans2020,shallow,hard,-18,valenciennesi,2.39076362601626e-11,1.187957081300813e-11,23,hermatypic coral,gpp,jurriaans2020
2_jurriaans2020,shallow,hard,-18,valenciennesi,2.4353120243902437e-11,1.187957081300813e-11,24,hermatypic coral,gpp,jurriaans2020
2_jurriaans2020,shallow,hard,-18,valenciennesi,2.7026023739837394e-11,1.2919033252032518e-11,25,hermatypic coral,gpp,jurriaans2020
2_jurriaans2020,shallow,hard,-18,valenciennesi,2.4650109512195116e-11,1.2622043983739837e-11,26,hermatypic coral,gpp,jurriaans2020
2_jurriaans2020,shallow,hard,-18,valenciennesi,2.375914170731707e-11,1.2770538617886179e-11,27,hermatypic coral,gpp,jurriaans2020
2_jurriaans2020,shallow,hard,-18,valenciennesi,1.78193562601626e-11,1.8858818699186988e-11,28,hermatypic coral,gpp,jurriaans2020
2_jurriaans2020,shallow,hard,-18,valenciennesi,2.702602365853658e-11,2.4353120243902437e-11,29,hermatypic coral,gpp,jurriaans2020
2_jurriaans2020,shallow,hard,-18,valenciennesi,3.504473398373984e-11,1.3067527886178861e-11,29,hermatypic coral,gpp,jurriaans2020
2_jurriaans2020,shallow,hard,-18,valenciennesi,3.7420648130081296e-11,2.4056130975609757e-11,30,hermatypic coral,gpp,jurriaans2020
2_jurriaans2020,shallow,hard,-18,valenciennesi,3.445075544715447e-11,2.7174518373983737e-11,31,hermatypic coral,gpp,jurriaans2020
2_jurriaans2020,shallow,hard,-18,valenciennesi,2.9995916422764225e-11,2.7323013008130077e-11,32,hermatypic coral,gpp,jurriaans2020
2_jurriaans2020,shallow,hard,-18,valenciennesi,2.524408804878049e-11,3.0441400325203254e-11,33,hermatypic coral,gpp,jurriaans2020
2_jurriaans2020,shallow,hard,-18,valenciennesi,7.721721056910569e-12,2.5986561300813006e-11,34,hermatypic coral,gpp,jurriaans2020
3_jurriaans2020,shallow,hard,-18,cylindrica,3.7081999837398374e-11,1.5521064308943088e-11,19,hermatypic coral,gpp,jurriaans2020
3_jurriaans2020,shallow,hard,-18,cylindrica,3.811205528455284e-11,2.0842572032520326e-11,20,hermatypic coral,gpp,jurriaans2020
3_jurriaans2020,shallow,hard,-18,cylindrica,3.6346245772357724e-11,2.49815225203252e-11,21,hermatypic coral,gpp,jurriaans2020
3_jurriaans2020,shallow,hard,-18,cylindrica,4.237942829268292e-11,3.340724317073171e-11,22,hermatypic coral,gpp,jurriaans2020
3_jurriaans2020,shallow,hard,-18,cylindrica,4.5911047398373986e-11,3.0007390975609754e-11,23,hermatypic coral,gpp,jurriaans2020
3_jurriaans2020,shallow,hard,-18,cylindrica,4.443953943089431e-11,2.7494456747967474e-11,24,hermatypic coral,gpp,jurriaans2020
3_jurriaans2020,shallow,hard,-18,cylindrica,4.002501569105691e-11,2.971175170731707e-11,24,hermatypic coral,gpp,jurriaans2020
3_jurriaans2020,shallow,hard,-18,cylindrica,3.090166650406504e-11,3.0746489349593494e-11,25,hermatypic coral,gpp,jurriaans2020
3_jurriaans2020,shallow,hard,-18,cylindrica,2.3102674471544715e-11,3.0746489349593494e-11,26,hermatypic coral,gpp,jurriaans2020
3_jurriaans2020,shallow,hard,-18,cylindrica,3.046021414634146e-11,3.20768662601626e-11,27,hermatypic coral,gpp,jurriaans2020
3_jurriaans2020,shallow,hard,-18,cylindrica,2.707574593495935e-11,3.9172209918699185e-11,28,hermatypic coral,gpp,jurriaans2020
3_jurriaans2020,shallow,hard,-18,cylindrica,2.825295219512195e-11,3.6511456016260166e-11,29,hermatypic coral,gpp,jurriaans2020
3_jurriaans2020,shallow,hard,-18,cylindrica,1.8246698373983737e-11,4.301552105691057e-11,30,hermatypic coral,gpp,jurriaans2020
3_jurriaans2020,shallow,hard,-18,cylindrica,1.1772063414634146e-11,5.232815959349593e-11,31,hermatypic coral,gpp,jurriaans2020
4_jurriaans2020,shallow,hard,-18,cylindrica,2.1484015772357722e-11,1.197339243902439e-11,23,hermatypic coral,gpp,jurriaans2020
4_jurriaans2020,shallow,hard,-18,cylindrica,2.3102674471544715e-11,1.5668883902439024e-11,24,hermatypic coral,gpp,jurriaans2020
4_jurriaans2020,shallow,hard,-18,cylindrica,2.2072618943089432e-11,1.6260162601626015e-11,25,hermatypic coral,gpp,jurriaans2020
4_jurriaans2020,shallow,hard,-18,cylindrica,2.177831739837398e-11,1.832963788617886e-11,26,hermatypic coral,gpp,jurriaans2020
4_jurriaans2020,shallow,hard,-18,cylindrica,2.1189714146341466e-11,1.7590539593495936e-11,27,hermatypic coral,gpp,jurriaans2020
4_jurriaans2020,shallow,hard,-18,cylindrica,1.9423904715447156e-11,2.113821138211382e-11,28,hermatypic coral,gpp,jurriaans2020
4_jurriaans2020,shallow,hard,-18,cylindrica,1.7216642764227644e-11,2.1877309674796748e-11,29,hermatypic coral,gpp,jurriaans2020
4_jurriaans2020,shallow,hard,-18,cylindrica,2.0895412601626016e-11,1.3155949756097561e-11,29,hermatypic coral,gpp,jurriaans2020
4_jurriaans2020,shallow,hard,-18,cylindrica,1.3832174552845528e-11,1.9512195121951218e-11,30,hermatypic coral,gpp,jurriaans2020
4_jurriaans2020,shallow,hard,-18,cylindrica,1.6333737967479675e-11,1.773835918699187e-11,31,hermatypic coral,gpp,jurriaans2020
4_jurriaans2020,shallow,hard,-18,cylindrica,1.5156531707317072e-11,2.039911308943089e-11,32,hermatypic coral,gpp,jurriaans2020
4_jurriaans2020,shallow,hard,-18,cylindrica,1.5156531707317072e-11,2.113821138211382e-11,33,hermatypic coral,gpp,jurriaans2020
4_jurriaans2020,shallow,hard,-18,cylindrica,1.0300555528455286e-11,1.5964523333333333e-11,34,hermatypic coral,gpp,jurriaans2020
1_zelli2023,shallow,soft,0,flava,1.1239130788617884e-10,1.405291691860087e-10,26,soft coral,gpp,zelli2023
2_zelli2023,shallow,soft,0,flava,1.5229354739837397e-10,2.0042684798011284e-10,26,soft coral,gpp,zelli2023
1_zelli2023,shallow,soft,0,flava,1.921957869918699e-10,5.897617594377039e-10,28,soft coral,gpp,zelli2023
2_zelli2023,shallow,soft,0,flava,1.4697324886178863e-10,1.3131414180920848e-10,28,soft coral,gpp,zelli2023
1_zelli2023,shallow,soft,0,flava,7.248906837398373e-11,1.0136530241215644e-10,30,soft coral,gpp,zelli2023
2_zelli2023,shallow,soft,0,flava,7.647929235772356e-11,5.5290164964886876e-11,30,soft coral,gpp,zelli2023
1_zelli2023,shallow,soft,0,flava,3.065822069105691e-10,2.9948839340725205e-10,32,soft coral,gpp,zelli2023
2_zelli2023,shallow,soft,0,flava,1.230319051219512e-10,1.4744043971860883e-10,32,soft coral,gpp,zelli2023
1_puntin2023,shallow,hard,22.3054,fascicularis,4.127979674796748e-11,1.3656331709491754e-11,21.21,hermatypic coral,gpp,puntin2023
1_puntin2023,shallow,hard,22.3054,fascicularis,6.727884146341463e-11,1.7539997989763773e-11,23.09,hermatypic coral,gpp,puntin2023
1_puntin2023,shallow,hard,22.3054,fascicularis,5.0230581808943086e-11,1.3336817621493885e-11,23.97,hermatypic coral,gpp,puntin2023
1_puntin2023,shallow,hard,22.3054,fascicularis,4.93527718495935e-11,1.1040063684016258e-11,24.44,hermatypic coral,gpp,puntin2023
1_puntin2023,shallow,hard,22.3054,fascicularis,6.677708079268292e-11,1.4992607147316906e-11,25.1,hermatypic coral,gpp,puntin2023
1_puntin2023,shallow,hard,22.3054,fascicularis,6.798506097560975e-11,1.877172550308125e-11,26.24,hermatypic coral,gpp,puntin2023
1_puntin2023,shallow,hard,22.3054,fascicularis,8.226611534552847e-11,1.758586037166541e-11,27.15,hermatypic coral,gpp,puntin2023
1_puntin2023,shallow,hard,22.3054,fascicularis,7.680459603658537e-11,1.6606741203260743e-11,28.08,hermatypic coral,gpp,puntin2023
1_puntin2023,shallow,hard,22.3054,fascicularis,7.335056402439025e-11,1.6304433209413268e-11,30.08,hermatypic coral,gpp,puntin2023
1_puntin2023,shallow,hard,22.3054,fascicularis,7.355856453252033e-11,1.836299495656547e-11,32.1,hermatypic coral,gpp,puntin2023
1_rodolfo-metalpa2014,shallow,hard,44.19,patagonica,4.819835283739837e-10,6.894106509423581e-10,20,hermatypic coral,gpp,rodolfo-metalpa2014
1_rodolfo-metalpa2014,shallow,hard,44.19,patagonica,8.399969792682926e-10,2.5853305557643787e-10,22,hermatypic coral,gpp,rodolfo-metalpa2014
1_rodolfo-metalpa2014,shallow,hard,44.19,patagonica,1.1335183996747968e-9,1.1104921274416353e-09,24,hermatypic coral,gpp,rodolfo-metalpa2014
1_rodolfo-metalpa2014,shallow,hard,44.19,patagonica,1.0114318822764227e-9,6.393091085668836e-10,26,hermatypic coral,gpp,rodolfo-metalpa2014
1_rodolfo-metalpa2014,shallow,hard,44.19,patagonica,8.58226832601626e-10,4.3442997443719325e-10,28,hermatypic coral,gpp,rodolfo-metalpa2014
1_rodolfo-metalpa2014,shallow,hard,44.19,patagonica,5.640421867479674e-10,6.919991221442553e-10,30,hermatypic coral,gpp,rodolfo-metalpa2014
1_rodolfo-metalpa2014,shallow,hard,44.19,patagonica,4.62254785691057e-10,6.135218685157253e-10,32,hermatypic coral,gpp,rodolfo-metalpa2014
3_rodolfo-metalpa2014,shallow,hard,38.2,patagonica,2.598538643902439e-10,5.194435946596236e-10,20,hermatypic coral,gpp,rodolfo-metalpa2014
3_rodolfo-metalpa2014,shallow,hard,38.2,patagonica,7.101736725203252e-10,7.969257796151629e-10,22,hermatypic coral,gpp,rodolfo-metalpa2014
3_rodolfo-metalpa2014,shallow,hard,38.2,patagonica,8.339024701626016e-10,6.380371506768548e-10,24,hermatypic coral,gpp,rodolfo-metalpa2014
3_rodolfo-metalpa2014,shallow,hard,38.2,patagonica,9.128019932520324e-10,6.820561756846465e-10,26,hermatypic coral,gpp,rodolfo-metalpa2014
3_rodolfo-metalpa2014,shallow,hard,38.2,patagonica,6.386027611382113e-10,3.588362185124567e-10,28,hermatypic coral,gpp,rodolfo-metalpa2014
3_rodolfo-metalpa2014,shallow,hard,38.2,patagonica,6.020376659349593e-10,3.546348365791213e-10,30,hermatypic coral,gpp,rodolfo-metalpa2014
5_rodolfo-metalpa2014,shallow,hard,37.34,patagonica,2.7674780186991867e-10,3.640478257764579e-10,20,hermatypic coral,gpp,rodolfo-metalpa2014
5_rodolfo-metalpa2014,shallow,hard,37.34,patagonica,4.568900730894309e-10,3.582159609103897e-10,22,hermatypic coral,gpp,rodolfo-metalpa2014
5_rodolfo-metalpa2014,shallow,hard,37.34,patagonica,5.525122096747966e-10,5.205890250531437e-10,24,hermatypic coral,gpp,rodolfo-metalpa2014
5_rodolfo-metalpa2014,shallow,hard,37.34,patagonica,7.918651569918699e-10,1.1288461925193927e-9,26,hermatypic coral,gpp,rodolfo-metalpa2014
5_rodolfo-metalpa2014,shallow,hard,37.34,patagonica,4.4115576747967475e-10,3.454429090515787e-10,28,hermatypic coral,gpp,rodolfo-metalpa2014
5_rodolfo-metalpa2014,shallow,hard,37.34,patagonica,7.782011547967479e-10,9.876770285973216e-10,30,hermatypic coral,gpp,rodolfo-metalpa2014
5_rodolfo-metalpa2014,shallow,hard,37.34,patagonica,4.791975918699187e-10,7.388085339754976e-10,32,hermatypic coral,gpp,rodolfo-metalpa2014
7_rodolfo-metalpa2014,shallow,hard,32.3,patagonica,4.486436014634146e-10,6.144791474285917e-10,20,hermatypic coral,gpp,rodolfo-metalpa2014
7_rodolfo-metalpa2014,shallow,hard,32.3,patagonica,4.947734605691058e-10,4.2463138178505556e-10,22,hermatypic coral,gpp,rodolfo-metalpa2014
7_rodolfo-metalpa2014,shallow,hard,32.3,patagonica,8.394630071544716e-10,7.688645798578981e-10,24,hermatypic coral,gpp,rodolfo-metalpa2014
7_rodolfo-metalpa2014,shallow,hard,32.3,patagonica,7.66515562113821e-10,1.0004292488403161e-9,26,hermatypic coral,gpp,rodolfo-metalpa2014
7_rodolfo-metalpa2014,shallow,hard,32.3,patagonica,7.601066551219512e-10,6.980531425863903e-10,28,hermatypic coral,gpp,rodolfo-metalpa2014
7_rodolfo-metalpa2014,shallow,hard,32.3,patagonica,6.810574227642276e-10,6.991207329753771e-10,30,hermatypic coral,gpp,rodolfo-metalpa2014
7_rodolfo-metalpa2014,shallow,hard,32.3,patagonica,4.4090515634146347e-10,8.36338449347027e-10,32,hermatypic coral,gpp,rodolfo-metalpa2014
1_aichelman2019,shallow,hard,41.4774,poculata,NA,NA,6,hermatypic coral,gpp,aichelman2019
1_aichelman2019,shallow,hard,41.4774,poculata,NA,NA,9,hermatypic coral,gpp,aichelman2019
1_aichelman2019,shallow,hard,41.4774,poculata,NA,NA,12,hermatypic coral,gpp,aichelman2019
1_aichelman2019,shallow,hard,41.4774,poculata,NA,NA,15,hermatypic coral,gpp,aichelman2019
1_aichelman2019,shallow,hard,41.4774,poculata,NA,NA,18,hermatypic coral,gpp,aichelman2019
1_aichelman2019,shallow,hard,41.4774,poculata,NA,NA,22,hermatypic coral,gpp,aichelman2019
1_aichelman2019,shallow,hard,41.4774,poculata,NA,NA,26,hermatypic coral,gpp,aichelman2019
1_aichelman2019,shallow,hard,41.4774,poculata,NA,NA,29,hermatypic coral,gpp,aichelman2019
1_aichelman2019,shallow,hard,41.4774,poculata,NA,NA,32,hermatypic coral,gpp,aichelman2019
2_aichelman2019,deep,hard,37.8992,poculata,NA,NA,6,hermatypic coral,gpp,aichelman2019
2_aichelman2019,deep,hard,37.8992,poculata,NA,NA,9,hermatypic coral,gpp,aichelman2019
2_aichelman2019,deep,hard,37.8992,poculata,NA,NA,12,hermatypic coral,gpp,aichelman2019
2_aichelman2019,deep,hard,37.8992,poculata,NA,NA,15,hermatypic coral,gpp,aichelman2019
2_aichelman2019,deep,hard,37.8992,poculata,NA,NA,18,hermatypic coral,gpp,aichelman2019
2_aichelman2019,deep,hard,37.8992,poculata,NA,NA,22,hermatypic coral,gpp,aichelman2019
2_aichelman2019,deep,hard,37.8992,poculata,NA,NA,26,hermatypic coral,gpp,aichelman2019
2_aichelman2019,deep,hard,37.8992,poculata,NA,NA,29,hermatypic coral,gpp,aichelman2019
2_aichelman2019,deep,hard,37.8992,poculata,NA,NA,32,hermatypic coral,gpp,aichelman2019
1_jurriaans2019,shallow,hard,-23.26,spp,NA,NA,22,hermatypic coral,gpp,jurriaans2019
1_jurriaans2019,shallow,hard,-23.26,spp,NA,NA,23,hermatypic coral,gpp,jurriaans2019
1_jurriaans2019,shallow,hard,-23.26,spp,NA,NA,24,hermatypic coral,gpp,jurriaans2019
1_jurriaans2019,shallow,hard,-23.26,spp,NA,NA,25,hermatypic coral,gpp,jurriaans2019
1_jurriaans2019,shallow,hard,-23.26,spp,NA,NA,26,hermatypic coral,gpp,jurriaans2019
1_jurriaans2019,shallow,hard,-23.26,spp,NA,NA,27,hermatypic coral,gpp,jurriaans2019
1_jurriaans2019,shallow,hard,-23.26,spp,NA,NA,28,hermatypic coral,gpp,jurriaans2019
1_jurriaans2019,shallow,hard,-23.26,spp,NA,NA,28,hermatypic coral,gpp,jurriaans2019
1_jurriaans2019,shallow,hard,-23.26,spp,NA,NA,29,hermatypic coral,gpp,jurriaans2019
1_jurriaans2019,shallow,hard,-23.26,spp,NA,NA,30,hermatypic coral,gpp,jurriaans2019
1_jurriaans2019,shallow,hard,-23.26,spp,NA,NA,31,hermatypic coral,gpp,jurriaans2019
1_jurriaans2019,shallow,hard,-23.26,spp,NA,NA,32,hermatypic coral,gpp,jurriaans2019
2_jurriaans2019,shallow,hard,-18.37,spp,NA,NA,33,hermatypic coral,gpp,jurriaans2019
2_jurriaans2019,shallow,hard,-18.37,spp,NA,NA,23,hermatypic coral,gpp,jurriaans2019
2_jurriaans2019,shallow,hard,-18.37,spp,NA,NA,24,hermatypic coral,gpp,jurriaans2019
2_jurriaans2019,shallow,hard,-18.37,spp,NA,NA,25,hermatypic coral,gpp,jurriaans2019
2_jurriaans2019,shallow,hard,-18.37,spp,NA,NA,26,hermatypic coral,gpp,jurriaans2019
2_jurriaans2019,shallow,hard,-18.37,spp,NA,NA,27,hermatypic coral,gpp,jurriaans2019
2_jurriaans2019,shallow,hard,-18.37,spp,NA,NA,28,hermatypic coral,gpp,jurriaans2019
2_jurriaans2019,shallow,hard,-18.37,spp,NA,NA,29,hermatypic coral,gpp,jurriaans2019
2_jurriaans2019,shallow,hard,-18.37,spp,NA,NA,29,hermatypic coral,gpp,jurriaans2019
2_jurriaans2019,shallow,hard,-18.37,spp,NA,NA,30,hermatypic coral,gpp,jurriaans2019
2_jurriaans2019,shallow,hard,-18.37,spp,NA,NA,31,hermatypic coral,gpp,jurriaans2019
2_jurriaans2019,shallow,hard,-18.37,spp,NA,NA,32,hermatypic coral,gpp,jurriaans2019
2_jurriaans2019,shallow,hard,-18.37,spp,NA,NA,33,hermatypic coral,gpp,jurriaans2019
2_jurriaans2019,shallow,hard,-18.37,spp,NA,NA,34,hermatypic coral,gpp,jurriaans2019
3_jurriaans2019,shallow,hard,-14.4,spp,NA,NA,22,hermatypic coral,gpp,jurriaans2019
3_jurriaans2019,shallow,hard,-14.4,spp,NA,NA,23,hermatypic coral,gpp,jurriaans2019
3_jurriaans2019,shallow,hard,-14.4,spp,NA,NA,24,hermatypic coral,gpp,jurriaans2019
3_jurriaans2019,shallow,hard,-14.4,spp,NA,NA,25,hermatypic coral,gpp,jurriaans2019
3_jurriaans2019,shallow,hard,-14.4,spp,NA,NA,26,hermatypic coral,gpp,jurriaans2019
3_jurriaans2019,shallow,hard,-14.4,spp,NA,NA,27,hermatypic coral,gpp,jurriaans2019
3_jurriaans2019,shallow,hard,-14.4,spp,NA,NA,28,hermatypic coral,gpp,jurriaans2019
3_jurriaans2019,shallow,hard,-14.4,spp,NA,NA,29,hermatypic coral,gpp,jurriaans2019
3_jurriaans2019,shallow,hard,-14.4,spp,NA,NA,30,hermatypic coral,gpp,jurriaans2019
3_jurriaans2019,shallow,hard,-14.4,spp,NA,NA,30,hermatypic coral,gpp,jurriaans2019
3_jurriaans2019,shallow,hard,-14.4,spp,NA,NA,31,hermatypic coral,gpp,jurriaans2019
3_jurriaans2019,shallow,hard,-14.4,spp,NA,NA,32,hermatypic coral,gpp,jurriaans2019
3_jurriaans2019,shallow,hard,-14.4,spp,NA,NA,33,hermatypic coral,gpp,jurriaans2019
3_jurriaans2019,shallow,hard,-14.4,spp,NA,NA,34,hermatypic coral,gpp,jurriaans2019
7_jurriaans2019,shallow,hard,-23.26,cylindrica,NA,NA,22,hermatypic coral,gpp,jurriaans2019
7_jurriaans2019,shallow,hard,-23.26,cylindrica,NA,NA,23,hermatypic coral,gpp,jurriaans2019
7_jurriaans2019,shallow,hard,-23.26,cylindrica,NA,NA,24,hermatypic coral,gpp,jurriaans2019
7_jurriaans2019,shallow,hard,-23.26,cylindrica,NA,NA,25,hermatypic coral,gpp,jurriaans2019
7_jurriaans2019,shallow,hard,-23.26,cylindrica,NA,NA,26,hermatypic coral,gpp,jurriaans2019
7_jurriaans2019,shallow,hard,-23.26,cylindrica,NA,NA,27,hermatypic coral,gpp,jurriaans2019
7_jurriaans2019,shallow,hard,-23.26,cylindrica,NA,NA,28,hermatypic coral,gpp,jurriaans2019
7_jurriaans2019,shallow,hard,-23.26,cylindrica,NA,NA,28,hermatypic coral,gpp,jurriaans2019
7_jurriaans2019,shallow,hard,-23.26,cylindrica,NA,NA,29,hermatypic coral,gpp,jurriaans2019
7_jurriaans2019,shallow,hard,-23.26,cylindrica,NA,NA,30,hermatypic coral,gpp,jurriaans2019
7_jurriaans2019,shallow,hard,-23.26,cylindrica,NA,NA,31,hermatypic coral,gpp,jurriaans2019
7_jurriaans2019,shallow,hard,-23.26,cylindrica,NA,NA,32,hermatypic coral,gpp,jurriaans2019
7_jurriaans2019,shallow,hard,-18.37,cylindrica,NA,NA,33,hermatypic coral,gpp,jurriaans2019
8_jurriaans2019,shallow,hard,-18.37,cylindrica,NA,NA,23,hermatypic coral,gpp,jurriaans2019
8_jurriaans2019,shallow,hard,-18.37,cylindrica,NA,NA,24,hermatypic coral,gpp,jurriaans2019
8_jurriaans2019,shallow,hard,-18.37,cylindrica,NA,NA,25,hermatypic coral,gpp,jurriaans2019
8_jurriaans2019,shallow,hard,-18.37,cylindrica,NA,NA,26,hermatypic coral,gpp,jurriaans2019
8_jurriaans2019,shallow,hard,-18.37,cylindrica,NA,NA,27,hermatypic coral,gpp,jurriaans2019
8_jurriaans2019,shallow,hard,-18.37,cylindrica,NA,NA,28,hermatypic coral,gpp,jurriaans2019
8_jurriaans2019,shallow,hard,-18.37,cylindrica,NA,NA,29,hermatypic coral,gpp,jurriaans2019
8_jurriaans2019,shallow,hard,-18.37,cylindrica,NA,NA,29,hermatypic coral,gpp,jurriaans2019
8_jurriaans2019,shallow,hard,-18.37,cylindrica,NA,NA,30,hermatypic coral,gpp,jurriaans2019
8_jurriaans2019,shallow,hard,-18.37,cylindrica,NA,NA,31,hermatypic coral,gpp,jurriaans2019
8_jurriaans2019,shallow,hard,-18.37,cylindrica,NA,NA,32,hermatypic coral,gpp,jurriaans2019
8_jurriaans2019,shallow,hard,-18.37,cylindrica,NA,NA,33,hermatypic coral,gpp,jurriaans2019
8_jurriaans2019,shallow,hard,-18.37,cylindrica,NA,NA,34,hermatypic coral,gpp,jurriaans2019
9_jurriaans2019,shallow,hard,-14.4,cylindrica,NA,NA,22,hermatypic coral,gpp,jurriaans2019
9_jurriaans2019,shallow,hard,-14.4,cylindrica,NA,NA,23,hermatypic coral,gpp,jurriaans2019
9_jurriaans2019,shallow,hard,-14.4,cylindrica,NA,NA,24,hermatypic coral,gpp,jurriaans2019
9_jurriaans2019,shallow,hard,-14.4,cylindrica,NA,NA,25,hermatypic coral,gpp,jurriaans2019
9_jurriaans2019,shallow,hard,-14.4,cylindrica,NA,NA,26,hermatypic coral,gpp,jurriaans2019
9_jurriaans2019,shallow,hard,-14.4,cylindrica,NA,NA,27,hermatypic coral,gpp,jurriaans2019
9_jurriaans2019,shallow,hard,-14.4,cylindrica,NA,NA,28,hermatypic coral,gpp,jurriaans2019
9_jurriaans2019,shallow,hard,-14.4,cylindrica,NA,NA,29,hermatypic coral,gpp,jurriaans2019
9_jurriaans2019,shallow,hard,-14.4,cylindrica,NA,NA,30,hermatypic coral,gpp,jurriaans2019
9_jurriaans2019,shallow,hard,-14.4,cylindrica,NA,NA,30,hermatypic coral,gpp,jurriaans2019
9_jurriaans2019,shallow,hard,-14.4,cylindrica,NA,NA,31,hermatypic coral,gpp,jurriaans2019
9_jurriaans2019,shallow,hard,-14.4,cylindrica,NA,NA,32,hermatypic coral,gpp,jurriaans2019
9_jurriaans2019,shallow,hard,-14.4,cylindrica,NA,NA,33,hermatypic coral,gpp,jurriaans2019
9_jurriaans2019,shallow,hard,-14.4,cylindrica,NA,NA,34,hermatypic coral,gpp,jurriaans2019
1_jurriaans2021,shallow,hard,42.5,caespitosa,NA,NA,12,hermatypic coral,gpp,jurriaans2021
1_jurriaans2021,shallow,hard,42.5,caespitosa,NA,NA,13,hermatypic coral,gpp,jurriaans2021
1_jurriaans2021,shallow,hard,42.5,caespitosa,NA,NA,14,hermatypic coral,gpp,jurriaans2021
1_jurriaans2021,shallow,hard,42.5,caespitosa,NA,NA,15,hermatypic coral,gpp,jurriaans2021
1_jurriaans2021,shallow,hard,42.5,caespitosa,NA,NA,16,hermatypic coral,gpp,jurriaans2021
1_jurriaans2021,shallow,hard,42.5,caespitosa,NA,NA,17,hermatypic coral,gpp,jurriaans2021
1_jurriaans2021,shallow,hard,42.5,caespitosa,NA,NA,18,hermatypic coral,gpp,jurriaans2021
1_jurriaans2021,shallow,hard,42.5,caespitosa,NA,NA,18,hermatypic coral,gpp,jurriaans2021
1_jurriaans2021,shallow,hard,42.5,caespitosa,NA,NA,19,hermatypic coral,gpp,jurriaans2021
1_jurriaans2021,shallow,hard,42.5,caespitosa,NA,NA,20,hermatypic coral,gpp,jurriaans2021
1_jurriaans2021,shallow,hard,42.5,caespitosa,NA,NA,21,hermatypic coral,gpp,jurriaans2021
1_jurriaans2021,shallow,hard,42.5,caespitosa,NA,NA,22,hermatypic coral,gpp,jurriaans2021
1_jurriaans2021,shallow,hard,42.5,caespitosa,NA,NA,23,hermatypic coral,gpp,jurriaans2021
2_jurriaans2021,shallow,hard,42.5,singularis,NA,NA,12,hermatypic coral,gpp,jurriaans2021
2_jurriaans2021,shallow,hard,42.5,singularis,NA,NA,13,hermatypic coral,gpp,jurriaans2021
2_jurriaans2021,shallow,hard,42.5,singularis,NA,NA,14,hermatypic coral,gpp,jurriaans2021
2_jurriaans2021,shallow,hard,42.5,singularis,NA,NA,15,hermatypic coral,gpp,jurriaans2021
2_jurriaans2021,shallow,hard,42.5,singularis,NA,NA,16,hermatypic coral,gpp,jurriaans2021
2_jurriaans2021,shallow,hard,42.5,singularis,NA,NA,17,hermatypic coral,gpp,jurriaans2021
2_jurriaans2021,shallow,hard,42.5,singularis,NA,NA,18,hermatypic coral,gpp,jurriaans2021
2_jurriaans2021,shallow,hard,42.5,singularis,NA,NA,18,hermatypic coral,gpp,jurriaans2021
2_jurriaans2021,shallow,hard,42.5,singularis,NA,NA,19,hermatypic coral,gpp,jurriaans2021
2_jurriaans2021,shallow,hard,42.5,singularis,NA,NA,20,hermatypic coral,gpp,jurriaans2021
2_jurriaans2021,shallow,hard,42.5,singularis,NA,NA,21,hermatypic coral,gpp,jurriaans2021
2_jurriaans2021,shallow,hard,42.5,singularis,NA,NA,22,hermatypic coral,gpp,jurriaans2021
2_jurriaans2021,shallow,hard,42.5,singularis,NA,NA,23,hermatypic coral,gpp,jurriaans2021
3_jurriaans2021,shallow,hard,-25,intermedia,NA,NA,22,hermatypic coral,gpp,jurriaans2021
3_jurriaans2021,shallow,hard,-25,intermedia,NA,NA,23,hermatypic coral,gpp,jurriaans2021
3_jurriaans2021,shallow,hard,-25,intermedia,NA,NA,24,hermatypic coral,gpp,jurriaans2021
3_jurriaans2021,shallow,hard,-25,intermedia,NA,NA,25,hermatypic coral,gpp,jurriaans2021
3_jurriaans2021,shallow,hard,-25,intermedia,NA,NA,26,hermatypic coral,gpp,jurriaans2021
3_jurriaans2021,shallow,hard,-25,intermedia,NA,NA,27,hermatypic coral,gpp,jurriaans2021
3_jurriaans2021,shallow,hard,-25,intermedia,NA,NA,28,hermatypic coral,gpp,jurriaans2021
3_jurriaans2021,shallow,hard,-25,intermedia,NA,NA,28,hermatypic coral,gpp,jurriaans2021
3_jurriaans2021,shallow,hard,-25,intermedia,NA,NA,29,hermatypic coral,gpp,jurriaans2021
3_jurriaans2021,shallow,hard,-25,intermedia,NA,NA,30,hermatypic coral,gpp,jurriaans2021
3_jurriaans2021,shallow,hard,-25,intermedia,NA,NA,31,hermatypic coral,gpp,jurriaans2021
3_jurriaans2021,shallow,hard,-25,intermedia,NA,NA,32,hermatypic coral,gpp,jurriaans2021
4_jurriaans2021,shallow,hard,-25,cylindrica,NA,NA,22,hermatypic coral,gpp,jurriaans2021
4_jurriaans2021,shallow,hard,-25,cylindrica,NA,NA,23,hermatypic coral,gpp,jurriaans2021
4_jurriaans2021,shallow,hard,-25,cylindrica,NA,NA,24,hermatypic coral,gpp,jurriaans2021
4_jurriaans2021,shallow,hard,-25,cylindrica,NA,NA,25,hermatypic coral,gpp,jurriaans2021
4_jurriaans2021,shallow,hard,-25,cylindrica,NA,NA,26,hermatypic coral,gpp,jurriaans2021
4_jurriaans2021,shallow,hard,-25,cylindrica,NA,NA,27,hermatypic coral,gpp,jurriaans2021
4_jurriaans2021,shallow,hard,-25,cylindrica,NA,NA,28,hermatypic coral,gpp,jurriaans2021
4_jurriaans2021,shallow,hard,-25,cylindrica,NA,NA,28,hermatypic coral,gpp,jurriaans2021
4_jurriaans2021,shallow,hard,-25,cylindrica,NA,NA,29,hermatypic coral,gpp,jurriaans2021
4_jurriaans2021,shallow,hard,-25,cylindrica,NA,NA,30,hermatypic coral,gpp,jurriaans2021
4_jurriaans2021,shallow,hard,-25,cylindrica,NA,NA,31,hermatypic coral,gpp,jurriaans2021
4_jurriaans2021,shallow,hard,-25,cylindrica,NA,NA,32,hermatypic coral,gpp,jurriaans2021
4_jurriaans2021,shallow,hard,-25,cylindrica,NA,NA,33,hermatypic coral,gpp,jurriaans2021
1_jurriaans2020,shallow,hard,-18,valenciennesi,NA,NA,19,hermatypic coral,gpp,jurriaans2020
1_jurriaans2020,shallow,hard,-18,valenciennesi,NA,NA,20,hermatypic coral,gpp,jurriaans2020
1_jurriaans2020,shallow,hard,-18,valenciennesi,NA,NA,21,hermatypic coral,gpp,jurriaans2020
1_jurriaans2020,shallow,hard,-18,valenciennesi,NA,NA,22,hermatypic coral,gpp,jurriaans2020
1_jurriaans2020,shallow,hard,-18,valenciennesi,NA,NA,23,hermatypic coral,gpp,jurriaans2020
1_jurriaans2020,shallow,hard,-18,valenciennesi,NA,NA,24,hermatypic coral,gpp,jurriaans2020
1_jurriaans2020,shallow,hard,-18,valenciennesi,NA,NA,24,hermatypic coral,gpp,jurriaans2020
1_jurriaans2020,shallow,hard,-18,valenciennesi,NA,NA,25,hermatypic coral,gpp,jurriaans2020
1_jurriaans2020,shallow,hard,-18,valenciennesi,NA,NA,26,hermatypic coral,gpp,jurriaans2020
1_jurriaans2020,shallow,hard,-18,valenciennesi,NA,NA,27,hermatypic coral,gpp,jurriaans2020
1_jurriaans2020,shallow,hard,-18,valenciennesi,NA,NA,28,hermatypic coral,gpp,jurriaans2020
1_jurriaans2020,shallow,hard,-18,valenciennesi,NA,NA,29,hermatypic coral,gpp,jurriaans2020
1_jurriaans2020,shallow,hard,-18,valenciennesi,NA,NA,30,hermatypic coral,gpp,jurriaans2020
1_jurriaans2020,shallow,hard,-18,valenciennesi,NA,NA,31,hermatypic coral,gpp,jurriaans2020
2_jurriaans2020,shallow,hard,-18,valenciennesi,NA,NA,23,hermatypic coral,gpp,jurriaans2020
2_jurriaans2020,shallow,hard,-18,valenciennesi,NA,NA,24,hermatypic coral,gpp,jurriaans2020
2_jurriaans2020,shallow,hard,-18,valenciennesi,NA,NA,25,hermatypic coral,gpp,jurriaans2020
2_jurriaans2020,shallow,hard,-18,valenciennesi,NA,NA,26,hermatypic coral,gpp,jurriaans2020
2_jurriaans2020,shallow,hard,-18,valenciennesi,NA,NA,27,hermatypic coral,gpp,jurriaans2020
2_jurriaans2020,shallow,hard,-18,valenciennesi,NA,NA,28,hermatypic coral,gpp,jurriaans2020
2_jurriaans2020,shallow,hard,-18,valenciennesi,NA,NA,29,hermatypic coral,gpp,jurriaans2020
2_jurriaans2020,shallow,hard,-18,valenciennesi,NA,NA,29,hermatypic coral,gpp,jurriaans2020
2_jurriaans2020,shallow,hard,-18,valenciennesi,NA,NA,30,hermatypic coral,gpp,jurriaans2020
2_jurriaans2020,shallow,hard,-18,valenciennesi,NA,NA,31,hermatypic coral,gpp,jurriaans2020
2_jurriaans2020,shallow,hard,-18,valenciennesi,NA,NA,32,hermatypic coral,gpp,jurriaans2020
2_jurriaans2020,shallow,hard,-18,valenciennesi,NA,NA,33,hermatypic coral,gpp,jurriaans2020
2_jurriaans2020,shallow,hard,-18,valenciennesi,NA,NA,34,hermatypic coral,gpp,jurriaans2020
3_jurriaans2020,shallow,hard,-18,cylindrica,NA,NA,19,hermatypic coral,gpp,jurriaans2020
3_jurriaans2020,shallow,hard,-18,cylindrica,NA,NA,20,hermatypic coral,gpp,jurriaans2020
3_jurriaans2020,shallow,hard,-18,cylindrica,NA,NA,21,hermatypic coral,gpp,jurriaans2020
3_jurriaans2020,shallow,hard,-18,cylindrica,NA,NA,22,hermatypic coral,gpp,jurriaans2020
3_jurriaans2020,shallow,hard,-18,cylindrica,NA,NA,23,hermatypic coral,gpp,jurriaans2020
3_jurriaans2020,shallow,hard,-18,cylindrica,NA,NA,24,hermatypic coral,gpp,jurriaans2020
3_jurriaans2020,shallow,hard,-18,cylindrica,NA,NA,24,hermatypic coral,gpp,jurriaans2020
3_jurriaans2020,shallow,hard,-18,cylindrica,NA,NA,25,hermatypic coral,gpp,jurriaans2020
3_jurriaans2020,shallow,hard,-18,cylindrica,NA,NA,26,hermatypic coral,gpp,jurriaans2020
3_jurriaans2020,shallow,hard,-18,cylindrica,NA,NA,27,hermatypic coral,gpp,jurriaans2020
3_jurriaans2020,shallow,hard,-18,cylindrica,NA,NA,28,hermatypic coral,gpp,jurriaans2020
3_jurriaans2020,shallow,hard,-18,cylindrica,NA,NA,29,hermatypic coral,gpp,jurriaans2020
3_jurriaans2020,shallow,hard,-18,cylindrica,NA,NA,30,hermatypic coral,gpp,jurriaans2020
3_jurriaans2020,shallow,hard,-18,cylindrica,NA,NA,31,hermatypic coral,gpp,jurriaans2020
4_jurriaans2020,shallow,hard,-18,cylindrica,NA,NA,23,hermatypic coral,gpp,jurriaans2020
4_jurriaans2020,shallow,hard,-18,cylindrica,NA,NA,24,hermatypic coral,gpp,jurriaans2020
4_jurriaans2020,shallow,hard,-18,cylindrica,NA,NA,25,hermatypic coral,gpp,jurriaans2020
4_jurriaans2020,shallow,hard,-18,cylindrica,NA,NA,26,hermatypic coral,gpp,jurriaans2020
4_jurriaans2020,shallow,hard,-18,cylindrica,NA,NA,27,hermatypic coral,gpp,jurriaans2020
4_jurriaans2020,shallow,hard,-18,cylindrica,NA,NA,28,hermatypic coral,gpp,jurriaans2020
4_jurriaans2020,shallow,hard,-18,cylindrica,NA,NA,29,hermatypic coral,gpp,jurriaans2020
4_jurriaans2020,shallow,hard,-18,cylindrica,NA,NA,29,hermatypic coral,gpp,jurriaans2020
4_jurriaans2020,shallow,hard,-18,cylindrica,NA,NA,30,hermatypic coral,gpp,jurriaans2020
4_jurriaans2020,shallow,hard,-18,cylindrica,NA,NA,31,hermatypic coral,gpp,jurriaans2020
4_jurriaans2020,shallow,hard,-18,cylindrica,NA,NA,32,hermatypic coral,gpp,jurriaans2020
4_jurriaans2020,shallow,hard,-18,cylindrica,NA,NA,33,hermatypic coral,gpp,jurriaans2020
4_jurriaans2020,shallow,hard,-18,cylindrica,NA,NA,34,hermatypic coral,gpp,jurriaans2020
1_zelli2023,shallow,soft,0,flava,NA,NA,26,soft coral,gpp,zelli2023
2_zelli2023,shallow,soft,0,flava,NA,NA,26,soft coral,gpp,zelli2023
1_zelli2023,shallow,soft,0,flava,NA,NA,28,soft coral,gpp,zelli2023
2_zelli2023,shallow,soft,0,flava,NA,NA,28,soft coral,gpp,zelli2023
1_zelli2023,shallow,soft,0,flava,NA,NA,30,soft coral,gpp,zelli2023
2_zelli2023,shallow,soft,0,flava,NA,NA,30,soft coral,gpp,zelli2023
1_zelli2023,shallow,soft,0,flava,NA,NA,32,soft coral,gpp,zelli2023
2_zelli2023,shallow,soft,0,flava,NA,NA,32,soft coral,gpp,zelli2023
1_puntin2023,shallow,hard,22.3054,fascicularis,NA,NA,21.21,hermatypic coral,gpp,puntin2023
1_puntin2023,shallow,hard,22.3054,fascicularis,NA,NA,23.09,hermatypic coral,gpp,puntin2023
1_puntin2023,shallow,hard,22.3054,fascicularis,NA,NA,23.97,hermatypic coral,gpp,puntin2023
1_puntin2023,shallow,hard,22.3054,fascicularis,NA,NA,24.44,hermatypic coral,gpp,puntin2023
1_puntin2023,shallow,hard,22.3054,fascicularis,NA,NA,25.1,hermatypic coral,gpp,puntin2023
1_puntin2023,shallow,hard,22.3054,fascicularis,NA,NA,26.24,hermatypic coral,gpp,puntin2023
1_puntin2023,shallow,hard,22.3054,fascicularis,NA,NA,27.15,hermatypic coral,gpp,puntin2023
1_puntin2023,shallow,hard,22.3054,fascicularis,NA,NA,28.08,hermatypic coral,gpp,puntin2023
1_puntin2023,shallow,hard,22.3054,fascicularis,NA,NA,30.08,hermatypic coral,gpp,puntin2023
1_puntin2023,shallow,hard,22.3054,fascicularis,NA,NA,32.1,hermatypic coral,gpp,puntin2023
1_rodolfo-metalpa2014,shallow,hard,44.19,patagonica,NA,NA,20,hermatypic coral,gpp,rodolfo-metalpa2014
1_rodolfo-metalpa2014,shallow,hard,44.19,patagonica,NA,NA,22,hermatypic coral,gpp,rodolfo-metalpa2014
1_rodolfo-metalpa2014,shallow,hard,44.19,patagonica,NA,NA,24,hermatypic coral,gpp,rodolfo-metalpa2014
1_rodolfo-metalpa2014,shallow,hard,44.19,patagonica,NA,NA,26,hermatypic coral,gpp,rodolfo-metalpa2014
1_rodolfo-metalpa2014,shallow,hard,44.19,patagonica,NA,NA,28,hermatypic coral,gpp,rodolfo-metalpa2014
1_rodolfo-metalpa2014,shallow,hard,44.19,patagonica,NA,NA,30,hermatypic coral,gpp,rodolfo-metalpa2014
1_rodolfo-metalpa2014,shallow,hard,44.19,patagonica,NA,NA,32,hermatypic coral,gpp,rodolfo-metalpa2014
3_rodolfo-metalpa2014,shallow,hard,38.2,patagonica,NA,NA,20,hermatypic coral,gpp,rodolfo-metalpa2014
3_rodolfo-metalpa2014,shallow,hard,38.2,patagonica,NA,NA,22,hermatypic coral,gpp,rodolfo-metalpa2014
3_rodolfo-metalpa2014,shallow,hard,38.2,patagonica,NA,NA,24,hermatypic coral,gpp,rodolfo-metalpa2014
3_rodolfo-metalpa2014,shallow,hard,38.2,patagonica,NA,NA,26,hermatypic coral,gpp,rodolfo-metalpa2014
3_rodolfo-metalpa2014,shallow,hard,38.2,patagonica,NA,NA,28,hermatypic coral,gpp,rodolfo-metalpa2014
3_rodolfo-metalpa2014,shallow,hard,38.2,patagonica,NA,NA,30,hermatypic coral,gpp,rodolfo-metalpa2014
5_rodolfo-metalpa2014,shallow,hard,37.34,patagonica,NA,NA,20,hermatypic coral,gpp,rodolfo-metalpa2014
5_rodolfo-metalpa2014,shallow,hard,37.34,patagonica,NA,NA,22,hermatypic coral,gpp,rodolfo-metalpa2014
5_rodolfo-metalpa2014,shallow,hard,37.34,patagonica,NA,NA,24,hermatypic coral,gpp,rodolfo-metalpa2014
5_rodolfo-metalpa2014,shallow,hard,37.34,patagonica,NA,NA,26,hermatypic coral,gpp,rodolfo-metalpa2014
5_rodolfo-metalpa2014,shallow,hard,37.34,patagonica,NA,NA,28,hermatypic coral,gpp,rodolfo-metalpa2014
5_rodolfo-metalpa2014,shallow,hard,37.34,patagonica,NA,NA,30,hermatypic coral,gpp,rodolfo-metalpa2014
5_rodolfo-metalpa2014,shallow,hard,37.34,patagonica,NA,NA,32,hermatypic coral,gpp,rodolfo-metalpa2014
7_rodolfo-metalpa2014,shallow,hard,32.3,patagonica,NA,NA,20,hermatypic coral,gpp,rodolfo-metalpa2014
7_rodolfo-metalpa2014,shallow,hard,32.3,patagonica,NA,NA,22,hermatypic coral,gpp,rodolfo-metalpa2014
7_rodolfo-metalpa2014,shallow,hard,32.3,patagonica,NA,NA,24,hermatypic coral,gpp,rodolfo-metalpa2014
7_rodolfo-metalpa2014,shallow,hard,32.3,patagonica,NA,NA,26,hermatypic coral,gpp,rodolfo-metalpa2014
7_rodolfo-metalpa2014,shallow,hard,32.3,patagonica,NA,NA,28,hermatypic coral,gpp,rodolfo-metalpa2014
7_rodolfo-metalpa2014,shallow,hard,32.3,patagonica,NA,NA,30,hermatypic coral,gpp,rodolfo-metalpa2014
7_rodolfo-metalpa2014,shallow,hard,32.3,patagonica,NA,NA,32,hermatypic coral,gpp,rodolfo-metalpa2014
1_aichelman2019,shallow,hard,41.4774,poculata,-1.1122402926829268e-11,6.873479041071666e-12,6,hermatypic coral,gpp,aichelman2019
1_aichelman2019,shallow,hard,41.4774,poculata,-3.3875341463414733e-13,1.2180426890893819e-11,9,hermatypic coral,gpp,aichelman2019
1_aichelman2019,shallow,hard,41.4774,poculata,-6.467110162601626e-12,2.1846256766736403e-11,12,hermatypic coral,gpp,aichelman2019
1_aichelman2019,shallow,hard,41.4774,poculata,8.807588048780487e-12,2.1772189120585543e-11,15,hermatypic coral,gpp,aichelman2019
1_aichelman2019,shallow,hard,41.4774,poculata,-1.3437217723577233e-11,5.592108281636791e-13,18,hermatypic coral,gpp,aichelman2019
1_aichelman2019,shallow,hard,41.4774,poculata,-1.6116448780487823e-12,7.377139105291407e-12,22,hermatypic coral,gpp,aichelman2019
1_aichelman2019,shallow,hard,41.4774,poculata,6.6929456910569126e-12,2.2072163128559628e-11,26,hermatypic coral,gpp,aichelman2019
1_aichelman2019,shallow,hard,41.4774,poculata,-1.231317235772357e-11,1.0247261009583841e-11,29,hermatypic coral,gpp,aichelman2019
1_aichelman2019,shallow,hard,41.4774,poculata,-2.1243943495934957e-11,-3.855221727154341e-12,32,hermatypic coral,gpp,aichelman2019
2_aichelman2019,deep,hard,37.8992,poculata,-7.390982926829264e-13,5.777277572998705e-12,6,hermatypic coral,gpp,aichelman2019
2_aichelman2019,deep,hard,37.8992,poculata,-7.226738943089429e-12,1.9398320551094722e-11,9,hermatypic coral,gpp,aichelman2019
2_aichelman2019,deep,hard,37.8992,poculata,-1.242095756097561e-11,1.439134659192348e-11,12,hermatypic coral,gpp,aichelman2019
2_aichelman2019,deep,hard,37.8992,poculata,8.982096747967489e-13,7.903019475088724e-12,15,hermatypic coral,gpp,aichelman2019
2_aichelman2019,deep,hard,37.8992,poculata,-8.982097560975597e-13,7.721553724420645e-12,18,hermatypic coral,gpp,aichelman2019
2_aichelman2019,deep,hard,37.8992,poculata,-1.0593742357723574e-11,-3.244163558417376e-12,22,hermatypic coral,gpp,aichelman2019
2_aichelman2019,deep,hard,37.8992,poculata,-3.5825737398373966e-12,1.029540492678647e-11,26,hermatypic coral,gpp,aichelman2019
2_aichelman2019,deep,hard,37.8992,poculata,-1.1497084634146345e-11,2.563481757715801e-11,29,hermatypic coral,gpp,aichelman2019
2_aichelman2019,deep,hard,37.8992,poculata,-2.255789601626016e-11,-1.910945575732405e-12,32,hermatypic coral,gpp,aichelman2019
