tpc_grp,latitude,species,mol_gCmin,inv_T,temp,metabolic_category,study_id,paper_unit
5_perez2001,32.3078,spp,-4.8882796875e-5,38.92174449622782,25,r,perez2001,5
6_perez2001,24.6507,spp,-1.3616553196022727e-4,38.92174449622782,25,r,perez2001,6
7_perez2001,24.6507,spp,-3.9682830255681816e-5,38.92174449622782,25,r,perez2001,7
8_perez2001,24.6507,spp,-1.095331171875e-4,38.92174449622782,25,r,perez2001,8
5_perez2001,32.3078,spp,-1.7997700994318182e-05,38.028897661970575,32,r,perez2001,5
6_perez2001,24.6507,spp,-2.5278644886363637e-5,38.028897661970575,32,r,perez2001,6
7_perez2001,24.6507,spp,-1.829893252840909e-5,38.028897661970575,32,r,perez2001,7
8_perez2001,24.6507,spp,-9.131746661931818e-5,38.028897661970575,32,r,perez2001,8
5_perez2001,32.3078,spp,-2.1956237926136364e-5,37.781273389387344,34,r,perez2001,5
6_perez2001,24.6507,spp,-4.5870481534090915e-5,37.781273389387344,34,r,perez2001,6
7_perez2001,24.6507,spp,-2.7013384943181813e-5,37.781273389387344,34,r,perez2001,7
8_perez2001,24.6507,spp,-4.4587589488636356e-5,37.781273389387344,34,r,perez2001,8
1_terhorst&coffroth2021,25.08,antillogorgium,1.0320374859385216e-5,38.79163670917708,26,r,terhorst&coffroth2021,1
1_terhorst&coffroth2021,25.08,antillogorgium,1.1725857292347937e-6,38.27978928434875,30,r,terhorst&coffroth2021,1
1_terhorst&coffroth2021,25.08,antillogorgium,2.4170990909090904e-6,38.028897661970575,32,r,terhorst&coffroth2021,1
2_terhorst&coffroth2021,25.08,antillogorgium,7.4019319162851515e-6,38.79163670917708,26,r,terhorst&coffroth2021,2
2_terhorst&coffroth2021,25.08,antillogorgium,4.62800563767168e-6,38.27978928434875,30,r,terhorst&coffroth2021,2
2_terhorst&coffroth2021,25.08,antillogorgium,4.417596651406147e-6,38.028897661970575,32,r,terhorst&coffroth2021,2
3_terhorst&coffroth2021,25.08,antillogorgium,9.54099351209941e-6,38.79163670917708,26,r,terhorst&coffroth2021,3
3_terhorst&coffroth2021,25.08,antillogorgium,1.5017166448659251e-6,38.27978928434875,30,r,terhorst&coffroth2021,3
3_terhorst&coffroth2021,25.08,antillogorgium,3.854659594506212e-6,38.028897661970575,32,r,terhorst&coffroth2021,3
4_terhorst&coffroth2021,25.08,antillogorgium,1.427813072596468e-5,38.79163670917708,26,r,terhorst&coffroth2021,4
4_terhorst&coffroth2021,25.08,antillogorgium,8.351955369522563e-6,38.27978928434875,30,r,terhorst&coffroth2021,4
4_terhorst&coffroth2021,25.08,antillogorgium,5.370265716154348e-6,38.028897661970575,32,r,terhorst&coffroth2021,4
5_terhorst&coffroth2021,25.08,antillogorgium,6.0248898299542165e-6,38.79163670917708,26,r,terhorst&coffroth2021,5
5_terhorst&coffroth2021,25.08,antillogorgium,7.304044198822758e-6,38.27978928434875,30,r,terhorst&coffroth2021,5
5_terhorst&coffroth2021,25.08,antillogorgium,6.5740200850228885e-6,38.028897661970575,32,r,terhorst&coffroth2021,5
2_pierangelini2020,43,sp. (Avir),-8.818277351209942e-9,40.9836416088657,10,r,pierangelini2020,2
2_pierangelini2020,43,sp. (Avir),-9.644990850228907e-9,40.27249044438772,15,r,pierangelini2020,2
2_pierangelini2020,43,sp. (Avir),-1.2400702524525832e-8,39.58559823145258,20,r,pierangelini2020,2
2_pierangelini2020,43,sp. (Avir),-1.6534270032701108e-8,38.92174449622782,25,r,pierangelini2020,2
2_pierangelini2020,43,sp. (Avir),-1.7636554695879658e-8,38.27978928434875,30,r,pierangelini2020,2
2_pierangelini2020,43,sp. (Avir),-1.7085412367560494e-8,37.65866662842876,35,r,pierangelini2020,2
2_pierangelini2020,43,sp. (Avir),-2.5352547377370827e-8,37.05737864138695,40,r,pierangelini2020,2
4_pierangelini2020,22,sp. (Stylodid),-5.495985179856114e-9,40.27249044438772,15,r,pierangelini2020,4
4_pierangelini2020,22,sp. (Stylodid),-1.0991970366252453e-8,39.58559823145258,20,r,pierangelini2020,4
4_pierangelini2020,22,sp. (Stylodid),-1.2915565179856114e-8,38.92174449622782,25,r,pierangelini2020,4
4_pierangelini2020,22,sp. (Stylodid),-1.813675110529758e-8,38.27978928434875,30,r,pierangelini2020,4
4_pierangelini2020,22,sp. (Stylodid),-1.7587152583387834e-8,37.65866662842876,35,r,pierangelini2020,4
4_pierangelini2020,22,sp. (Stylodid),-2.8853922210595154e-8,37.05737864138695,40,r,pierangelini2020,4
6_pierangelini2020,24.46,trenchii,-5.9675411379986915e-9,40.27249044438772,15,r,pierangelini2020,6
6_pierangelini2020,24.46,trenchii,-7.1631226291693915e-9,39.58559823145258,20,r,pierangelini2020,6
6_pierangelini2020,24.46,trenchii,-9.459261066056246e-9,38.92174449622782,25,r,pierangelini2020,6
6_pierangelini2020,24.46,trenchii,-1.2583840725964681e-8,38.27978928434875,30,r,pierangelini2020,6
6_pierangelini2020,24.46,trenchii,-1.515555033355134e-8,37.65866662842876,35,r,pierangelini2020,6
6_pierangelini2020,24.46,trenchii,-1.8002831111837798e-8,37.05737864138695,40,r,pierangelini2020,6
8_pierangelini2020,-41.29,voratum,-2.984552179202093e-8,40.27249044438772,15,r,pierangelini2020,8
8_pierangelini2020,-41.29,voratum,-3.647785996729889e-8,39.58559823145258,20,r,pierangelini2020,8
8_pierangelini2020,-41.29,voratum,-4.3110198142576844e-8,38.92174449622782,25,r,pierangelini2020,8
8_pierangelini2020,-41.29,voratum,-4.568944076520601e-8,38.27978928434875,30,r,pierangelini2020,8
8_pierangelini2020,-41.29,voratum,-5.748026418574231e-8,37.65866662842876,35,r,pierangelini2020,8
8_pierangelini2020,-41.29,voratum,-4.937407308698496e-8,37.05737864138695,40,r,pierangelini2020,8
1_moffatt2022,28.6929,microadriaticum,NA,38.79163670917708,26,r,moffatt2022,1
1_moffatt2022,28.6929,microadriaticum,NA,38.27978928434875,30,r,moffatt2022,1
1_moffatt2022,28.6929,microadriaticum,NA,38.028897661970575,32,r,moffatt2022,1
2_moffatt2022,27.6648,microadriaticum,NA,38.79163670917708,26,r,moffatt2022,2
2_moffatt2022,27.6648,microadriaticum,NA,38.27978928434875,30,r,moffatt2022,2
2_moffatt2022,27.6648,microadriaticum,NA,38.028897661970575,32,r,moffatt2022,2
3_moffatt2022,24.824,microadriaticum,NA,38.79163670917708,26,r,moffatt2022,3
3_moffatt2022,24.824,microadriaticum,NA,38.27978928434875,30,r,moffatt2022,3
3_moffatt2022,24.824,microadriaticum,NA,38.028897661970575,32,r,moffatt2022,3
4_moffatt2022,21.4628,microadriaticum,NA,38.79163670917708,26,r,moffatt2022,4
4_moffatt2022,21.4628,microadriaticum,NA,38.27978928434875,30,r,moffatt2022,4
4_moffatt2022,21.4628,microadriaticum,NA,38.028897661970575,32,r,moffatt2022,4
5_moffatt2022,28.6929,microadriaticum,NA,38.79163670917708,26,r,moffatt2022,5
5_moffatt2022,28.6929,microadriaticum,NA,38.27978928434875,30,r,moffatt2022,5
5_moffatt2022,28.6929,microadriaticum,NA,38.028897661970575,32,r,moffatt2022,5
2_gregoire2017,21.4628,unknown,-9.940689791666667e-6,39.58559823145258,20,r,gregoire2017,2
2_gregoire2017,21.4628,unknown,-1.6015625e-5,38.66239587389746,27,r,gregoire2017,2
2_gregoire2017,21.4628,unknown,-1.794756778409091e-5,38.27978928434875,30,r,gregoire2017,2
2_gregoire2017,21.4628,unknown,-7.44617225e-6,37.9046811090979,33,r,gregoire2017,2
4_gregoire2017,24.691402,minutum,-3.874538973484849e-5,39.58559823145258,20,r,gregoire2017,4
4_gregoire2017,24.691402,minutum,-2.243072168939394e-5,38.66239587389746,27,r,gregoire2017,4
4_gregoire2017,24.691402,minutum,-1.689219497727273e-5,38.27978928434875,30,r,gregoire2017,4
4_gregoire2017,24.691402,minutum,-3.2888506776515156e-5,37.9046811090979,33,r,gregoire2017,4
6_gregoire2017,24.691402,psygmophilum,-6.95840691287879e-6,39.58559823145258,20,r,gregoire2017,6
6_gregoire2017,24.691402,psygmophilum,-1.9385161018939394e-5,38.66239587389746,27,r,gregoire2017,6
6_gregoire2017,24.691402,psygmophilum,-7.240783393939394e-6,38.27978928434875,30,r,gregoire2017,6
6_gregoire2017,24.691402,psygmophilum,-1.1196243087121214e-5,37.9046811090979,33,r,gregoire2017,6
8_gregoire2017,7.515,unknown,-3.9113676818181825e-6,39.58559823145258,20,r,gregoire2017,8
8_gregoire2017,7.515,unknown,-5.3232500833333335e-6,38.66239587389746,27,r,gregoire2017,8
8_gregoire2017,7.515,unknown,-5.036495674242424e-6,38.27978928434875,30,r,gregoire2017,8
8_gregoire2017,7.515,unknown,-5.601248636363637e-6,37.9046811090979,33,r,gregoire2017,8
10_gregoire2017,24.691402,trenchii,-2.150215021590909e-5,39.58559823145258,20,r,gregoire2017,10
10_gregoire2017,24.691402,trenchii,-2.67526752689394e-5,38.66239587389746,27,r,gregoire2017,10
10_gregoire2017,24.691402,trenchii,-3.375337533712121e-5,38.27978928434875,30,r,gregoire2017,10
10_gregoire2017,24.691402,trenchii,-5.300530053030303e-5,37.9046811090979,33,r,gregoire2017,10
12_gregoire2017,9.2389,unknown,-7.500750075757577e-6,39.58559823145258,20,r,gregoire2017,12
12_gregoire2017,9.2389,unknown,-2.850285028409091e-5,38.66239587389746,27,r,gregoire2017,12
12_gregoire2017,9.2389,unknown,-1.537653765530303e-5,38.27978928434875,30,r,gregoire2017,12
12_gregoire2017,9.2389,unknown,-1.4501450143939397e-5,37.9046811090979,33,r,gregoire2017,12
5_oakley2014,9.2389,minutum,2.5344955297580113e-8,39.31735768778696,22,r,oakley2014,5
5_oakley2014,9.2389,minutum,2.7486782504905163e-8,38.79163670917708,26,r,oakley2014,5
5_oakley2014,9.2389,minutum,3.159195132112491e-8,38.27978928434875,30,r,oakley2014,5
5_oakley2014,9.2389,minutum,3.7838947344669715e-8,37.781273389387344,34,r,oakley2014,5
6_oakley2014,36.2048,trenchii,1.0709136043165466e-8,39.31735768778696,22,r,oakley2014,6
6_oakley2014,36.2048,trenchii,1.3564905650752122e-8,38.79163670917708,26,r,oakley2014,6
6_oakley2014,36.2048,trenchii,1.75808316677567e-8,38.27978928434875,30,r,oakley2014,6
6_oakley2014,36.2048,trenchii,2.5523440896010458e-8,37.781273389387344,34,r,oakley2014,6
7_oakley2014,21.4691,unknown,7.67488083060824e-9,39.31735768778696,22,r,oakley2014,7
7_oakley2014,21.4691,unknown,1.1244592844996726e-8,38.79163670917708,26,r,oakley2014,7
7_oakley2014,21.4691,unknown,1.4635819254414649e-8,38.27978928434875,30,r,oakley2014,7
7_oakley2014,21.4691,unknown,2.2578428482668407e-8,37.781273389387344,34,r,oakley2014,7
8_oakley2014,32.3078,minutum,1.7670074466971874e-8,39.31735768778696,22,r,oakley2014,8
8_oakley2014,32.3078,minutum,1.95441732766514e-8,38.79163670917708,26,r,oakley2014,8
8_oakley2014,32.3078,minutum,1.6688403662524524e-8,38.27978928434875,30,r,oakley2014,8
8_oakley2014,32.3078,minutum,2.3024642485284496e-8,37.781273389387344,34,r,oakley2014,8
2_iglesios-prieto1992,21.4691,microadriaticum,5.33695315238718e-9,39.58559823145258,20,r,iglesios-prieto1992,2
2_iglesios-prieto1992,21.4691,microadriaticum,1.1565486612164812e-8,38.92174449622782,25,r,iglesios-prieto1992,2
2_iglesios-prieto1992,21.4691,microadriaticum,6.778049960758664e-9,38.27978928434875,30,r,iglesios-prieto1992,2
2_iglesios-prieto1992,21.4691,microadriaticum,1.0057666965336817e-8,37.65866662842876,35,r,iglesios-prieto1992,2
3_leggat2004,-18.37,sp.,-1.7925256049705682e-8,38.53401335397749,28,r,leggat2004,3
3_leggat2004,-18.37,sp.,-2.042476204490952e-8,38.40648062733848,29,r,leggat2004,3
3_leggat2004,-18.37,sp.,-1.4131647373010679e-8,38.15393102597508,31,r,leggat2004,3
3_leggat2004,-18.37,sp.,-1.2353109003706121e-8,37.9046811090979,33,r,leggat2004,3
3_leggat2004,-18.37,sp.,-1.0492694135600606e-8,37.53685305369666,36,r,leggat2004,3
3_leggat2004,-18.37,sp.,-1.0090134946588178e-8,37.4158249929077,37,r,leggat2004,3
3_leggat2004,-18.37,sp.,-4.1950307390451256e-9,37.295574872409844,38,r,leggat2004,3
3_leggat2004,-18.37,sp.,-8.813090255068668e-10,37.17609521560251,39,r,leggat2004,3
3_leggat2004,-18.37,sp.,4.878471768040112e-10,37.05737864138695,40,r,leggat2004,3
4_leggat2004,-18.37,sp.,-1.202787747983431e-8,38.40648062733848,29,r,leggat2004,4
4_leggat2004,-18.37,sp.,-8.71415576629605e-9,38.27978928434875,30,r,leggat2004,4
4_leggat2004,-18.37,sp.,-1.2434985393503374e-8,38.028897661970575,32,r,leggat2004,4
4_leggat2004,-18.37,sp.,-1.1543441901024632e-8,37.65866662842876,35,r,leggat2004,4
4_leggat2004,-18.37,sp.,-1.1784522563767162e-8,37.53685305369666,36,r,leggat2004,4
4_leggat2004,-18.37,sp.,-1.3319705908000865e-8,37.4158249929077,37,r,leggat2004,4
4_leggat2004,-18.37,sp.,-6.128224656638323e-9,37.295574872409844,38,r,leggat2004,4
4_leggat2004,-18.37,sp.,-8.813090255068668e-10,37.17609521560251,39,r,leggat2004,4
4_leggat2004,-18.37,sp.,-1.7728525179856107e-9,37.05737864138695,40,r,leggat2004,4
2_yang2022,18.13,voratum,-9.35836696533682e-6,38.79163670917708,26,r,yang2022,2
2_yang2022,18.13,voratum,-8.560778868541529e-6,38.27978928434875,30,r,yang2022,2
2_yang2022,18.13,voratum,-6.22118712884238e-6,37.781273389387344,34,r,yang2022,2
2_russnak2021,21.4691,minutum,-1.0479157053030304e-5,40.9836416088657,10,r,russnak2021,2
2_russnak2021,21.4691,minutum,-8.17181971969697e-6,40.27249044438772,15,r,russnak2021,2
2_russnak2021,21.4691,minutum,-1.0479157053030304e-5,39.58559823145258,20,r,russnak2021,2
2_russnak2021,21.4691,minutum,-1.3940163053030305e-5,38.92174449622782,25,r,russnak2021,2
2_russnak2021,21.4691,minutum,-1.8554837715909095e-5,38.27978928434875,30,r,russnak2021,2
2_russnak2021,21.4691,minutum,-1.8554837715909095e-5,37.65866662842876,35,r,russnak2021,2
2_russnak2021,21.4691,minutum,-2.3169512382575758e-5,37.05737864138695,40,r,russnak2021,2
4_russnak2021,-8.7832,psygmophilum,-1.8554837715909095e-5,40.9836416088657,10,r,russnak2021,4
4_russnak2021,-8.7832,psygmophilum,-1.3940163053030305e-5,40.27249044438772,15,r,russnak2021,4
4_russnak2021,-8.7832,psygmophilum,-1.970850638257576e-5,39.58559823145258,20,r,russnak2021,4
4_russnak2021,-8.7832,psygmophilum,-2.547684971590909e-5,38.92174449622782,25,r,russnak2021,4
4_russnak2021,-8.7832,psygmophilum,-3.932087371212121e-5,38.27978928434875,30,r,russnak2021,4
4_russnak2021,-8.7832,psygmophilum,-4.855022303030303e-5,37.65866662842876,35,r,russnak2021,4
4_russnak2021,-8.7832,psygmophilum,-4.7396554393939405e-5,37.05737864138695,40,r,russnak2021,4
6_russnak2021,-8.7832,minutum,-8.889919606060608e-6,40.9836416088657,10,r,russnak2021,6
6_russnak2021,-8.7832,minutum,-5.411255412878788e-6,40.27249044438772,15,r,russnak2021,6
6_russnak2021,-8.7832,minutum,-1.2368583795454545e-5,39.58559823145258,20,r,russnak2021,6
6_russnak2021,-8.7832,minutum,-1.9325912181818184e-5,38.92174449622782,25,r,russnak2021,6
6_russnak2021,-8.7832,minutum,-3.671923314772727e-5,38.27978928434875,30,r,russnak2021,6
6_russnak2021,-8.7832,minutum,-4.135745208333334e-5,37.65866662842876,35,r,russnak2021,6
6_russnak2021,-8.7832,minutum,-4.947433518939394e-5,37.05737864138695,40,r,russnak2021,6
8_russnak2021,-8.7832,psygmophilum,-6.570810143939394e-6,40.9836416088657,10,r,russnak2021,8
8_russnak2021,-8.7832,psygmophilum,-8.889919606060608e-6,40.27249044438772,15,r,russnak2021,8
8_russnak2021,-8.7832,psygmophilum,-1.352813852651515e-5,39.58559823145258,20,r,russnak2021,8
8_russnak2021,-8.7832,psygmophilum,-1.9325912181818184e-5,38.92174449622782,25,r,russnak2021,8
8_russnak2021,-8.7832,psygmophilum,-3.324056895454545e-5,38.27978928434875,30,r,russnak2021,8
8_russnak2021,-8.7832,psygmophilum,-5.411255412878788e-6,37.65866662842876,35,r,russnak2021,8
8_russnak2021,-8.7832,psygmophilum,-2.5123685837121215e-5,37.05737864138695,40,r,russnak2021,8
10_russnak2021,21.4691,minutum,-1.2878787878787881e-5,40.9836416088657,10,r,russnak2021,10
10_russnak2021,21.4691,minutum,-9.46969696969697e-6,40.27249044438772,15,r,russnak2021,10
10_russnak2021,21.4691,minutum,-1.2878787878787881e-5,39.58559823145258,20,r,russnak2021,10
10_russnak2021,21.4691,minutum,-1.856060606060606e-5,38.92174449622782,25,r,russnak2021,10
10_russnak2021,21.4691,minutum,-2.4242424242424244e-5,38.27978928434875,30,r,russnak2021,10
10_russnak2021,21.4691,minutum,-3.446969696969697e-5,37.65866662842876,35,r,russnak2021,10
10_russnak2021,21.4691,minutum,-3.446969696969697e-5,37.05737864138695,40,r,russnak2021,10
11_russnak2021,21.4691,trenchii,-4.924242424242424e-6,40.9836416088657,10,r,russnak2021,11
12_russnak2021,21.4691,trenchii,-7.196969696969697e-6,40.27249044438772,15,r,russnak2021,12
12_russnak2021,21.4691,trenchii,-1.0606060606060607e-5,39.58559823145258,20,r,russnak2021,12
12_russnak2021,21.4691,trenchii,-1.7424242424242425e-5,38.92174449622782,25,r,russnak2021,12
12_russnak2021,21.4691,trenchii,-2.6515151515151516e-5,38.27978928434875,30,r,russnak2021,12
12_russnak2021,21.4691,trenchii,-2.7651515151515155e-5,37.65866662842876,35,r,russnak2021,12
12_russnak2021,21.4691,trenchii,-2.5378787878787883e-5,37.05737864138695,40,r,russnak2021,12
14_russnak2021,21.4691,minutum,-7.196969696969697e-6,40.9836416088657,10,r,russnak2021,14
14_russnak2021,21.4691,minutum,-7.196969696969697e-6,40.27249044438772,15,r,russnak2021,14
14_russnak2021,21.4691,minutum,-8.333333333333334e-6,39.58559823145258,20,r,russnak2021,14
14_russnak2021,21.4691,minutum,-1.0606060606060607e-5,38.92174449622782,25,r,russnak2021,14
14_russnak2021,21.4691,minutum,-1.4015151515151517e-5,38.27978928434875,30,r,russnak2021,14
14_russnak2021,21.4691,minutum,-2.1969696969696972e-5,37.65866662842876,35,r,russnak2021,14
14_russnak2021,21.4691,minutum,-1.9696969696969697e-5,37.05737864138695,40,r,russnak2021,14
16_russnak2021,21.4691,linucheae,-1.1742424242424245e-5,40.9836416088657,10,r,russnak2021,16
16_russnak2021,21.4691,linucheae,-1.1742424242424245e-5,40.27249044438772,15,r,russnak2021,16
16_russnak2021,21.4691,linucheae,-1.5151515151515153e-5,39.58559823145258,20,r,russnak2021,16
16_russnak2021,21.4691,linucheae,-2.5378787878787883e-5,38.92174449622782,25,r,russnak2021,16
16_russnak2021,21.4691,linucheae,-3.6742424242424246e-5,38.27978928434875,30,r,russnak2021,16
16_russnak2021,21.4691,linucheae,-4.696969696969698e-5,37.65866662842876,35,r,russnak2021,16
16_russnak2021,21.4691,linucheae,-6.856060606060606e-5,37.05737864138695,40,r,russnak2021,16
18_russnak2021,-8.7832,voratum,-4.638218924242425e-6,40.9836416088657,10,r,russnak2021,18
18_russnak2021,-8.7832,voratum,-8.503401359848487e-6,40.27249044438772,15,r,russnak2021,18
18_russnak2021,-8.7832,voratum,-1.2368583795454545e-5,39.58559823145258,20,r,russnak2021,18
18_russnak2021,-8.7832,voratum,-2.0098948670454546e-5,38.92174449622782,25,r,russnak2021,18
18_russnak2021,-8.7832,voratum,-2.9761904761363637e-5,38.27978928434875,30,r,russnak2021,18
18_russnak2021,-8.7832,voratum,-5.875077303030304e-5,37.65866662842876,35,r,russnak2021,18
18_russnak2021,-8.7832,voratum,-4.329004329545455e-5,37.05737864138695,40,r,russnak2021,18
20_russnak2021,21.4691,minutum,-1.3030595909090911e-5,39.58559823145258,20,r,russnak2021,20
20_russnak2021,21.4691,minutum,-1.1363636363636365e-5,39.31735768778696,22,r,russnak2021,20
20_russnak2021,21.4691,minutum,-1.3601706496212125e-5,39.052727987717724,24,r,russnak2021,20
20_russnak2021,21.4691,minutum,-1.5061211340909092e-5,38.79163670917708,26,r,russnak2021,20
20_russnak2021,21.4691,minutum,-1.886129334469697e-5,38.53401335397749,28,r,russnak2021,20
20_russnak2021,21.4691,minutum,-1.7975339738636366e-5,38.27978928434875,30,r,russnak2021,20
20_russnak2021,21.4691,minutum,-2.0996856450757577e-5,38.028897661970575,32,r,russnak2021,20
20_russnak2021,21.4691,minutum,-2.167291471590909e-5,37.781273389387344,34,r,russnak2021,20
22_russnak2021,-8.7832,minutum,-3.077651515151515e-5,39.58559823145258,20,r,russnak2021,22
22_russnak2021,-8.7832,minutum,-2.787103994318182e-5,39.31735768778696,22,r,russnak2021,22
22_russnak2021,-8.7832,minutum,-3.368199035984849e-5,39.052727987717724,24,r,russnak2021,22
22_russnak2021,-8.7832,minutum,-3.561897382954546e-5,38.79163670917708,26,r,russnak2021,22
22_russnak2021,-8.7832,minutum,-3.755595729924243e-5,38.53401335397749,28,r,russnak2021,22
22_russnak2021,-8.7832,minutum,-4.1429924242424245e-5,38.27978928434875,30,r,russnak2021,22
22_russnak2021,-8.7832,minutum,-4.433539943181819e-5,38.028897661970575,32,r,russnak2021,22
22_russnak2021,-8.7832,minutum,-5.402031681818182e-5,37.781273389387344,34,r,russnak2021,22
24_russnak2021,21.4691,minutum,-9.554004640151516e-6,39.58559823145258,20,r,russnak2021,24
24_russnak2021,21.4691,minutum,-1.0876986549242426e-5,39.31735768778696,22,r,russnak2021,24
24_russnak2021,21.4691,minutum,-1.3746041431818182e-5,39.052727987717724,24,r,russnak2021,24
24_russnak2021,21.4691,minutum,-1.6620284477272725e-5,38.79163670917708,26,r,russnak2021,24
24_russnak2021,21.4691,minutum,-1.9489339359848487e-5,38.53401335397749,28,r,russnak2021,24
24_russnak2021,21.4691,minutum,-2.158535775378788e-5,38.27978928434875,30,r,russnak2021,24
24_russnak2021,21.4691,minutum,-2.2140491340909095e-5,38.028897661970575,32,r,russnak2021,24
24_russnak2021,21.4691,minutum,-2.269043676136364e-5,37.781273389387344,34,r,russnak2021,24
26_russnak2021,21.4691,trenchii,-2.0392079954545457e-5,39.58559823145258,20,r,russnak2021,26
26_russnak2021,21.4691,trenchii,-2.2482910185606063e-5,39.31735768778696,22,r,russnak2021,26
26_russnak2021,21.4691,trenchii,-3.076322048106061e-5,39.052727987717724,24,r,russnak2021,26
26_russnak2021,21.4691,trenchii,-3.36270871969697e-5,38.79163670917708,26,r,russnak2021,26
26_russnak2021,21.4691,trenchii,-3.185273499242424e-5,38.53401335397749,28,r,russnak2021,26
26_russnak2021,21.4691,trenchii,-3.008357095075758e-5,38.27978928434875,30,r,russnak2021,26
26_russnak2021,21.4691,trenchii,-2.753618225757576e-5,38.028897661970575,32,r,russnak2021,26
26_russnak2021,21.4691,trenchii,-2.5761830053030304e-5,37.781273389387344,34,r,russnak2021,26
28_russnak2021,21.4691,minutum,-9.696244742424244e-6,39.58559823145258,20,r,russnak2021,28
28_russnak2021,21.4691,minutum,-1.259605625757576e-5,39.31735768778696,22,r,russnak2021,28
28_russnak2021,21.4691,minutum,-1.5495867768939398e-5,39.052727987717724,24,r,russnak2021,28
28_russnak2021,21.4691,minutum,-2.057053791666667e-5,38.79163670917708,26,r,russnak2021,28
28_russnak2021,21.4691,minutum,-2.4920255181818183e-5,38.53401335397749,28,r,russnak2021,28
28_russnak2021,21.4691,minutum,-2.78200666969697e-5,38.27978928434875,30,r,russnak2021,28
28_russnak2021,21.4691,minutum,-2.926997245075758e-5,38.028897661970575,32,r,russnak2021,28
28_russnak2021,21.4691,minutum,-3.0719878208333334e-5,37.781273389387344,34,r,russnak2021,28
30_russnak2021,-8.7832,voratum,-2.21618664469697e-5,39.58559823145258,20,r,russnak2021,30
30_russnak2021,-8.7832,voratum,-1.2523596920454546e-5,39.31735768778696,22,r,russnak2021,30
30_russnak2021,-8.7832,voratum,-1.3080647443181819e-5,39.052727987717724,24,r,russnak2021,30
30_russnak2021,-8.7832,voratum,-1.599803762878788e-5,38.79163670917708,26,r,russnak2021,30
30_russnak2021,-8.7832,voratum,-1.7345322613636364e-5,38.53401335397749,28,r,russnak2021,30
30_russnak2021,-8.7832,voratum,-2.261787059469697e-5,38.27978928434875,30,r,russnak2021,30
30_russnak2021,-8.7832,voratum,-2.4750208181818184e-5,38.028897661970575,32,r,russnak2021,30
30_russnak2021,-8.7832,voratum,-2.216704831060606e-5,37.781273389387344,34,r,russnak2021,30
32_russnak2021,-8.7832,psygmophilum,-3.3417189875e-5,39.58559823145258,20,r,russnak2021,32
32_russnak2021,-8.7832,psygmophilum,-3.3239387545454554e-5,39.31735768778696,22,r,russnak2021,32
32_russnak2021,-8.7832,psygmophilum,-4.055409268939394e-5,39.052727987717724,24,r,russnak2021,32
32_russnak2021,-8.7832,psygmophilum,-5.0366300378787875e-5,38.79163670917708,26,r,russnak2021,32
32_russnak2021,-8.7832,psygmophilum,-5.5183503030303043e-5,38.53401335397749,28,r,russnak2021,32
32_russnak2021,-8.7832,psygmophilum,-5.875608939393939e-5,38.27978928434875,30,r,russnak2021,32
32_russnak2021,-8.7832,psygmophilum,-6.107578954545455e-5,38.028897661970575,32,r,russnak2021,32
32_russnak2021,-8.7832,psygmophilum,-5.715173348484849e-5,37.781273389387344,34,r,russnak2021,32
34_russnak2021,-8.7832,psygmophilum,-1.8523143522727274e-5,39.58559823145258,20,r,russnak2021,34
34_russnak2021,-8.7832,psygmophilum,-2.4766899765151515e-5,39.31735768778696,22,r,russnak2021,34
34_russnak2021,-8.7832,psygmophilum,-2.7264402265151516e-5,39.052727987717724,24,r,russnak2021,34
34_russnak2021,-8.7832,psygmophilum,-3.1010656011363636e-5,38.79163670917708,26,r,russnak2021,34
34_russnak2021,-8.7832,psygmophilum,-3.850316348484849e-5,38.53401335397749,28,r,russnak2021,34
34_russnak2021,-8.7832,psygmophilum,-4.2249417234848486e-5,38.27978928434875,30,r,russnak2021,34
34_russnak2021,-8.7832,psygmophilum,-4.474691973484849e-5,38.028897661970575,32,r,russnak2021,34
34_russnak2021,-8.7832,psygmophilum,-4.599567098484849e-5,37.781273389387344,34,r,russnak2021,34
36_russnak2021,21.4691,linucheae,-1.913565709090909e-5,39.58559823145258,20,r,russnak2021,36
36_russnak2021,21.4691,linucheae,-1.992070968939394e-5,39.31735768778696,22,r,russnak2021,36
36_russnak2021,21.4691,linucheae,-2.3060920083333337e-5,39.052727987717724,24,r,russnak2021,36
36_russnak2021,21.4691,linucheae,-2.620113047727273e-5,38.79163670917708,26,r,russnak2021,36
36_russnak2021,21.4691,linucheae,-2.8556288272727276e-5,38.53401335397749,28,r,russnak2021,36
36_russnak2021,21.4691,linucheae,-2.9341340871212125e-5,38.27978928434875,30,r,russnak2021,36
36_russnak2021,21.4691,linucheae,-3.0126393469696975e-5,38.028897661970575,32,r,russnak2021,36
36_russnak2021,21.4691,linucheae,-3.091144606818182e-5,37.781273389387344,34,r,russnak2021,36
1_karako-lampert2005,24.691402,microadriaticum,-8.241174242424243e-5,39.35736178243284,21.7,r,karako-lampert2005,1
1_karako-lampert2005,24.691402,microadriaticum,-1.668840909090909e-4,39.99489271601007,17,r,karako-lampert2005,1
1_karako-lampert2005,24.691402,microadriaticum,-2.8269545454545457e-4,38.79163670917708,26,r,karako-lampert2005,1
1_goulet2005,25.098,spp,-1.421777128314394e-5,38.92174449622782,25,r,goulet2005,1
1_goulet2005,25.098,spp,-2.8018279166666667e-5,38.028897661970575,32,r,goulet2005,1
1_goulet2005,25.098,spp,-7.538725241477272e-5,37.781273389387344,34,r,goulet2005,1
3_goulet2005,32.348,spp,-1.0760438020833333e-5,38.92174449622782,25,r,goulet2005,3
3_goulet2005,32.348,spp,-5.014115687736741e-5,38.028897661970575,32,r,goulet2005,3
3_goulet2005,32.348,spp,-1.1678392613636364e-4,37.781273389387344,34,r,goulet2005,3
