rmax,topt,ctmin,ctmax,e,eh,q10,thermal_safety_margin,thermal_tolerance,breadth,skewness,tpc_grp,metabolic_category
0.08964972973572054,18.904,-6.946999999999996,21.295,0.787381667891231,NA,3.1339515652746845,2.391000000000002,28.241999999999997,3.3149999999999977,NA,1_green1998,r
0.00503730601268411,27.1,-11.179000000000002,29.749000000000002,0.5233490434438115,NA,2.0387657626891116,2.649000000000001,40.928000000000004,3.599,NA,1_lange2005oecologia,r
9.59221594406591e-7,22.314,-9.252000000000002,68.283,0.536243910910923,NA,2.144585474955044,45.969,77.535,14.122,NA,1_scholander1952,r
4.2048188564033846e-7,24.355,-7.594000000000001,Inf,0.5496976836020011,NA,2.185718183811907,Inf,Inf,13.75,NA,15_scholander1952,r
1.065565850244429e-6,27.782,-6.860999999999997,31.824,0.6080789752132298,NA,2.3714206661477086,4.042000000000002,38.685,4.916,NA,2_scholander1952,r
5.000650294715287e-4,21.417,-16.756999999999998,23.982,0.512001035023763,NA,2.0467970154538846,2.5649999999999977,40.739,4.304000000000002,NA,2_tretiach1997,r
0.09019977710948522,18.907,-6.756999999999998,21.295,0.7937824792535416,NA,3.162411333778709,2.3880000000000017,28.052,3.2959999999999994,NA,4_green1998,r
3.677718952124392e-7,27.413,-15.591999999999999,37.091,0.4702660856134901,NA,1.9211419882814162,9.678,52.683,7.7669999999999995,NA,7_domaschke2013,r
4.015552629884135e-7,18.109,-31.104,37.132,0.39802052712872743,0.9380294534535847,1.775012393099468,19.022999999999996,68.23599999999999,11.938,-0.5400089263248573,1_adams1971,npp
1.3868219581660397e-6,13.882,-Inf,32.083,0.4579693077222499,0.8028879968805943,1.9709518641902009,18.201,Inf,15.653000000000002,-0.3449186891583444,1_aubert2007,npp
3.174200790814046e-6,31.837,-17.216,89.22200000000001,0.39221012237260305,NA,1.7193155036006296,57.385000000000005,106.43800000000002,19.94,NA,1_brownkershaw1984,npp
1.001309938920523e-6,22.044,-21.919,34.364,0.4283979491992302,NA,1.8402690927081575,12.319999999999997,56.283,9.09,NA,1_domaschke2013,npp
2.480634547142105e-7,15.969000000000001,-42.294,20.049,0.4986566473425486,NA,2.1058261409817036,4.079999999999998,62.342999999999996,7.456999999999999,NA,1_kappen1983,npp
2.2836021417772388e-6,22.991,-19.387999999999998,71.075,0.38315738664209914,NA,1.7164389845444021,48.084,90.463,15.486,NA,1_lange1991,npp
0.0027386280887206522,23.832,0.26500000000000057,Inf,0.5080567158779472,0.20971634792009222,2.006716310197585,Inf,Inf,17.779000000000003,0.298340367957855,1_lange2000,npp
0.01640155758531172,21.514,-Inf,67.549,0.18444438122735776,0.12456250498712218,1.303814754989083,46.03500000000001,Inf,17.9,0.05988187624023558,1_lange2002florai,npp
2.2876197699480983e-6,20.984,-26.886,42.734,0.30865128666068,0.7907821238184428,1.53403845321736,21.75,69.62,12.52,-0.48213083715776284,1_lange2004,npp
4.248247857287397e-7,22.308,-5.631999999999998,46.668,0.5576141467337226,0.7404981748355951,2.15732759635819,24.36,52.3,9.89,-0.18288402810187254,1_peetadams1972,npp
6.622898670153133e-7,16.383,-33.349999999999994,34.737,0.43650895922592503,0.9786404354402891,1.901388232365885,18.354000000000003,68.08699999999999,11.840000000000002,-0.5421314762143641,1_sanchokappen1989,npp
1.0119431670429903e-6,18.102,-27.276,34.491,0.36360465554515947,1.1894373282426778,1.7071483786299984,16.389,61.766999999999996,10.607,-0.8258326726975183,1_sonesson1989,npp
0.0029026570724848683,19.747,-31.262999999999998,43.874,0.27766023785580246,0.5292837904941952,1.4805792469270533,24.127000000000002,75.137,13.66,-0.2516235526383927,1_sundberg1997,npp
0.0010407484774352127,16.814999999999998,-15.363999999999997,33.444,0.5288861452222875,0.5504471546155852,2.1463824185455405,16.629000000000005,48.808,8.840000000000002,-0.021561009393297748,1_tretiach1997,npp
1.2173670228872238e-6,23.274,4.2620000000000005,56.235,0.9291389382484339,0.6356915575896215,3.5611080983473182,32.961,51.973,9.233999999999998,0.2934473806588124,1_zotz1998,npp
1.690168082641015e-6,25.276,-7.607999999999997,45.31,0.6030492125641973,0.7779210232319831,2.304185151108825,20.034000000000002,52.918,9.802,-0.1748718106677858,10_lechowiczadams1974,npp
6.046826452651464e-6,33.121,0.09700000000000131,Inf,0.6307862730171214,NA,2.3751277577050907,Inf,Inf,22.39,NA,11_brownkershaw1984,npp
9.085655814759285e-7,21.756999999999998,2.6869999999999976,Inf,0.8114367616327529,0.308461129751149,3.086785073109986,Inf,Inf,12.568999999999999,0.5029756318816039,11_lechowiczadams1974,npp
9.694652603461705e-7,18.538,-21.809,32.846000000000004,0.5026058227095128,1.2764961170914368,2.0965798293907465,14.308000000000003,54.655,9.344,-0.773890294381924,11_sanchokappen1989,npp
9.250561648263437e-7,21.544,-9.9339999999999975,57.384,0.5087009436321441,0.4324497218801035,2.0429456788010936,35.84,67.318,12.641000000000002,0.07625122175204063,12_lechowiczadams1974,npp
1.203735228306536e-6,21.734,-Inf,66.474,0.14676463121555552,NA,1.2320795706454835,44.74,Inf,25.720999999999997,NA,12_sancho1997,npp
1.8794817560387897e-6,22.107,-6.786000000000001,67.715,0.4524008433826097,0.4495955517934982,1.8738088654697067,45.608000000000004,74.501,13.384000000000002,0.002805291589111525,13_lechowiczadams1974,npp
6.908132852745974e-7,19.326,-30.047,45.593,0.4214447073731902,0.4508617759751488,1.85405367392602,26.267000000000003,75.64,13.971,-0.02941706860195864,13_sanchokappen1989,npp
1.850691747169362e-6,23.416,-6.0120000000000005,69.788,0.5272602120177284,0.3490143469159806,2.0817296279352413,46.372,75.8,13.643999999999998,0.17824586510174784,14_lechowiczadams1974,npp
1.1452313507457444e-6,22.359,-2.5989999999999966,78.518,0.5470136711614283,0.41772164130085643,2.1382383738794073,56.159,81.11699999999999,13.481000000000002,0.12929202986057187,15_lechowiczadams1974,npp
7.56891463312674e-7,20.501,-17.467999999999996,49.559000000000005,0.4142734195518968,NA,1.8109663618810796,29.058000000000003,67.027,12.703,NA,15_sanchokappen1989,npp
1.0819685695941582e-6,18.488,-19.471999999999998,46.184,0.6642445093169341,0.36593785442996046,2.619459360114713,27.695999999999998,65.65599999999999,12.415000000000001,0.29830665488697367,16_delprado1995,npp
1.94818227012194e-6,24.337,-4.2010000000000005,55.5,0.5973758237015526,0.4966410043026862,2.285626641766974,31.163,59.701,11.229000000000003,0.10073481939886642,16_lechowiczadams1974,npp
1.6997864138563685e-6,25.491,-2.5970000000000013,Inf,0.5058610521768078,NA,1.9978850367368792,Inf,Inf,15.25,NA,17_lechowiczadams1974,npp
6.315907804150078e-7,18.657,-26.326999999999998,37.436,0.41595249619790514,0.8422963245470916,1.8268654827009163,18.779,63.763,11.287,-0.42634382834918644,2_domaschke2013,npp
8.737237776923629e-7,12.958423400000003,-Inf,34.1504234,0.31482489455807194,0.557959357426883,1.5998949702082943,21.192,Inf,18.532999999999998,-0.24313446286881102,2_kappen2000,npp
2.9560705436249823e-6,17.187,-Inf,33.466,0.03850725510011556,0.47222694182793384,1.0581820090174316,16.279,Inf,23.129,-0.4337196867278183,2_smith2001,npp
6.904305386399983e-7,16.431,-13.533999999999999,32.408,0.6979492845896855,NA,2.7897871308844806,15.977,45.942,8.384,NA,2_sonesson1989,npp
1.1829194915563986e-6,22.419,-9.963999999999999,38.348,0.6208553428714737,1.3642040166000553,2.3716455547106983,15.928999999999998,48.312,8.713999999999999,-0.7433486737285816,2_zotz2003,npp
3.1126546608327623e-6,32.859,-33.791,Inf,0.2577469632545865,NA,1.4298566465629252,Inf,Inf,25.285,NA,3_brownkershaw1984,npp
8.118572679145822e-8,29.832,-37.239,Inf,0.10571062833130404,NA,1.1538707186717625,Inf,Inf,17.716,NA,3_domaschke2013,npp
0.026589132032633266,12.665000000000001,-Inf,15.427,0.334731708064908,NA,1.6482830575662373,2.7619999999999987,Inf,10.558,NA,3_green1998,npp
7.642333292388783e-7,16.105,-31.424,28.653,0.4748111647889137,0.5504807868790413,2.009381622716417,12.547999999999998,60.077,9.627000000000002,-0.07566962209012762,3_kappen1983,npp
5.884252506197002e-7,17.91,-40.019,36.925000000000004,0.39791182323887586,0.6716146355217831,1.8029120983124827,19.015000000000004,76.944,13.165000000000001,-0.27370281228290727,3_sanchokappen1989,npp
8.213045777416878e-8,16.335,-36.186,75.549,0.2925584467281874,-0.23989832420244395,1.5205136845114657,59.214000000000006,111.73500000000001,21.052,0.5324567709306314,4_domaschke2013,npp
5.766464776198935e-7,23.785,-18.68,41.962,0.4484541300052533,0.9334677126271093,1.8711778567283597,18.177000000000003,60.642,10.733,-0.48501358262185595,5_lechowicz1973,npp
2.692560229767874e-7,16.416,-43.234,31.823,0.3544945142938229,1.1908776139537154,1.695615708807104,15.407,75.057,12.232,-0.8363830996598924,5_sanchokappen1989,npp
1.946117318180108e-7,8.784,-Inf,22.573,0.2762881122021986,0.7436799681734176,1.5252351018139019,13.789,Inf,18.458000000000002,-0.467391855971219,6_kappen1988,npp
1.6779120917309528e-6,24.729,-9.131999999999998,44.664,0.5640314930565727,0.7195213640679952,2.1836767210661674,19.935000000000002,53.796,9.931000000000001,-0.15548987101142242,6_lechowicz1973,npp
1.0117769840582688e-6,22.574,-47.133,79.955,0.1712620706421476,NA,1.2734086783486007,57.381,127.088,24.546,NA,6_sancho1997,npp
5.1724191148840545e-6,29.316,-4.393999999999998,Inf,0.5699639934747279,NA,2.1881823206958764,Inf,Inf,18.548000000000002,NA,7_brownkershaw1984,npp
8.966625067331353e-7,21.383,2.7420000000000044,82.759,0.9124570907734898,0.35071039527157544,3.5783290187149444,61.376000000000005,80.017,11.899000000000001,0.5617466955019144,7_lechowicz1973,npp
5.322054087862219e-8,13.43,-Inf,66.905,0.4096052470518619,0.06763756167226355,1.8442835692893407,53.475,Inf,25.568,0.3419676853795984,7_sanchokappen1989,npp
1.4641920275786953e-6,21.592,-22.91,57.648,0.34820285966497877,NA,1.6430099317891198,36.056000000000004,80.558,15.321000000000002,NA,8_delprado1995,npp
9.116314868477814e-7,26.038,-0.9200000000000017,Inf,0.5268633892384774,NA,2.0570865200478625,Inf,Inf,16.278,NA,8_lechowicz1973,npp
1.111597760310948e-5,42.761,-10.229999999999997,46.645,0.4088251420973851,NA,1.713769136691464,3.8840000000000003,56.875,6.737000000000002,NA,9_brownkershaw1984,npp
6.012774775059909e-7,23.708000000000002,-13.686,44.056,0.49274613407175366,0.9649136662312007,1.9869551151448248,20.347999999999995,57.742,10.583000000000002,-0.472167532159447,9_lechowiczadams1974,npp
1.026045392127543e-6,19.364,-30.137999999999998,38.151,0.42677122619548796,0.6814436807821884,1.8697459045245144,18.787000000000003,68.289,11.927999999999999,-0.25467245458670046,9_sanchokappen1989,npp
5.960926669913132e-7,24.489,-27.107,81.619,0.31443128783899216,0.04066564757255877,1.5582724119351752,57.129999999999995,108.726,20.516999999999996,0.2737656402664334,1_adams_1971,gpp
2.3043400856496312e-6,23.531,-33.701,70.069,0.2740116793171604,NA,1.4757382092030766,46.538000000000004,103.77000000000001,16.955,NA,1_aubert_2007,gpp
4.7226117944561735e-6,35.704,-18.076999999999998,Inf,0.2723748215213322,NA,1.4325232073174725,Inf,Inf,20.724999999999998,NA,1_brownkershaw1984,gpp
1.925645947962916e-6,22.824,-17.42,66.277,0.41344049389007914,NA,1.8018952418694758,43.453,83.697,15.097,NA,1_delprado_1995,gpp
1.4627891880345068e-6,23.034,-20.912,40.751,0.43347968860362385,NA,1.8550719348832727,17.717,61.663,10.8,NA,1_domaschke_2013,gpp
4.204137113051692e-7,24.112000000000002,-23.442,79.528,0.3265275611644732,0.1709239935430499,1.5866972788425449,55.416000000000004,102.97,19.296000000000003,0.15560356762142327,1_eickmeieradams1973,gpp
8.559267031591808e-7,18.053,-17.531,21.327,0.5274050843478396,NA,2.1336838662157356,3.274000000000001,38.858000000000004,4.397,NA,1_kappen1983,gpp
0.004358427699436265,33.021,5.844000000000001,Inf,0.27040752471077767,0.07532313346392958,1.4255581225432525,Inf,Inf,30.323,0.1950843912468481,1_lange2000,gpp
3.001104068908925e-6,25.773,-16.622,Inf,0.2550132633122659,0.11710581933493965,1.413768179970345,Inf,Inf,22.626,0.1379074439773263,1_lange2004,gpp
9.46154828576482e-7,26.043,-11.402999999999999,56.888,0.4543831136404704,NA,1.8707270259962032,30.845,68.291,12.924,NA,1_lechowicz1973,gpp
1.397693286212664e-6,28.328,-39.01,Inf,0.1730520724760249,NA,1.2701426403594596,Inf,Inf,21.155,NA,1_sancho1997,gpp
1.0242184972124341e-6,20.965,-28.406,51.848,0.33663338801701903,NA,1.6230411881635993,30.883,80.25399999999999,13.276,NA,1_sanchokappen1989,gpp
1.6332973394541586e-6,20.667,-18.686999999999998,46.271,0.45091225582786487,NA,1.9147984777241935,25.604,64.958,12.171,NA,1_sonesson1989,gpp
1.8461665377854377e-7,18.232,-Inf,49.039,0.029407499234181764,NA,1.0433942174111208,30.807000000000002,Inf,16,NA,1_uchida2006,gpp
1.542398302923132e-6,23.750999999999998,-6.513999999999996,80.006,0.5747905560723199,0.25670161548349274,2.226803456364726,56.255,86.52,15.027000000000001,0.31808894058882714,1_zotz2003,gpp
2.0558995928566136e-6,25.715,-7.1199999999999974,58.08,0.5717850424873866,0.40075166136353474,2.2084277762601725,32.364999999999995,65.19999999999999,12.320999999999998,0.17103338112385186,10_lechowiczadams1974,gpp
1.3109084359448708e-6,25.119,0.8230000000000004,Inf,0.5910091763160445,0.24570941074526434,2.2560928512270495,Inf,Inf,17.391000000000005,0.34529976557078024,11_lechowiczadams1974,gpp
1.2959892228095353e-6,19.992,-23.285999999999998,47.434,0.43148719318288453,0.41500491157451763,1.8817529718214312,27.441999999999997,70.72,13.237000000000002,0.0164822816083669,11_sanchokappen1989,gpp
1.2305049850132875e-6,24.007,-14.896,82.881,0.3709129801301204,0.20488501075669047,1.6774118959305884,58.873999999999995,97.777,17.655,0.16602796937342995,12_lechowiczadams1974,gpp
2.392074617635973e-6,24.771,-12.932000000000002,Inf,0.3825093778094351,0.16300280959285599,1.7034100592222854,Inf,Inf,18.815000000000005,0.21950656821657913,13_lechowiczadams1974,gpp
1.0662817742134892e-6,22.751,-29.335,77.693,0.24383026180325937,NA,1.4124485586282356,54.94199999999999,107.02799999999999,17.519,NA,13_sanchokappen1989,gpp
2.2382269155421806e-6,25.534,-8.149000000000001,Inf,0.39125239326864053,NA,1.7110078185793443,Inf,Inf,17.424999999999997,NA,14_lechowiczadams1974,gpp
1.3930267995372818e-6,24.339000000000002,-2.8999999999999986,Inf,0.5522483169147513,0.21128404873700907,2.1542768029077743,Inf,Inf,17.123,0.3409642681777422,15_lechowiczadams1974,gpp
1.1158606732467684e-6,23.968,-19.735,48.557,0.42863532920154,NA,1.8478906285793997,24.589000000000002,68.292,12.617999999999999,NA,15_sanchokappen1989,gpp
2.288413145260191e-6,25.63,-5.0319999999999965,66.041,0.5141484831586348,NA,2.024645587695224,40.411,71.073,13.138000000000005,NA,16_lechowiczadams1974,gpp
2.08293527911569e-6,27.868000000000002,-5.436999999999998,Inf,0.4773954090685821,NA,1.9229976094922647,Inf,Inf,15.246000000000002,NA,17_lechowiczadams1974,gpp
8.636973389906551e-7,20.956,-23.538,54.436,0.343569850463578,NA,1.631281040041755,33.480000000000004,77.974,14.776000000000002,NA,2_domaschke_2013,gpp
0.06185253506083971,17.577,-Inf,26.587,0.26957925105070435,NA,1.4809942958270976,9.009999999999998,Inf,10.606,NA,2_green1998,gpp
2.0506398104099234e-6,25.037,-6.719000000000001,54.876,0.48334858442503553,NA,1.9409267283750682,29.839,61.595,11.637,NA,2_lechowicz1973,gpp
1.3136012336678911e-6,18.561,-10.777999999999999,33.196,0.7195207485179437,NA,2.8728227453417388,14.634999999999998,43.974,7.946999999999999,NA,2_sonesson1989,gpp
4.790717198636694e-6,38.451,-43.36,85.764,0.19868109504851816,NA,1.302365551451454,47.312999999999995,129.124,20.426,NA,3_brownkershaw1984,gpp
2.930199322029784e-7,20.876,-25.555,56.236000000000004,0.3278417134313067,NA,1.596101923413127,35.36,81.791,15.526,NA,3_domaschke_2013,gpp
0.019857285682130042,22.571,-42.935,66.33200000000001,0.19701316237168717,NA,1.3204449698149539,43.76100000000001,109.26700000000001,15.834999999999999,NA,3_lange2002florai,gpp
1.284092552551555e-6,24.389,-1.0399999999999991,Inf,0.5392168661606398,0.25468160557429903,2.1064064842384327,Inf,Inf,16.749000000000002,0.28453526058634077,3_lechowicz1973,gpp
1.005960267056298e-6,22.554000000000002,-30.742,63.977999999999994,0.3339987623116874,NA,1.6225562124358412,41.42399999999999,94.72,15.036999999999999,NA,3_sanchokappen1989,gpp
3.103785890988603e-7,24.652,-32.357,Inf,0.29438875213275556,NA,1.5237008959612868,Inf,Inf,17.106,NA,4_domaschke_2013,gpp
1.295790280784614e-6,29.45,0.9930000000000021,Inf,0.5835832679875494,NA,2.2194983811298354,Inf,Inf,15.68,NA,4_lechowicz1973,gpp
1.6541843502219853e-6,26.505,-Inf,Inf,0.17435932488866634,NA,1.2822959544568886,Inf,Inf,24.289,NA,6_sancho1997,gpp
6.848727757373162e-6,33.518,-5.013999999999996,Inf,0.5469107546478356,NA,2.121403257370713,Inf,Inf,22.918,NA,7_brownkershaw1984,gpp
1.8739604034451017e-7,23.262,-26.406,79.371,0.3110624824732467,NA,1.5648014283491902,56.108999999999995,105.77699999999999,17.713,NA,7_sanchokappen1989,gpp
1.3670405433347552e-5,42.887,-13.192,46.821,0.3816198249436696,NA,1.6554458243509,3.9339999999999975,60.013,7.053999999999995,NA,9_brownkershaw1984,gpp
9.750160683620874e-7,26.767,-13.387,58.943,0.37100778831656483,NA,1.6513061448767914,32.176,72.33,13.704000000000008,NA,9_lechowiczadams1974,gpp
1.4551079127073913e-6,21.826,-27.951,59.787,0.3087355453606283,NA,1.553749953154712,37.961,87.738,12.035,NA,9_sanchokappen1989,gpp
